29,-11,Ny5kormc46OjDKXHhPue1KsfxtY=,O/Nxw2bntVZ8Ih4yKce/FJ4B+yQ=
29,-12,Ny5kormc46OjDKXHhPue1KsfxtY=,O/Nxw2bntVZ8Ih4yKce/FJ4B+yQ=
29,-9,Ny5kormc46OjDKXHhPue1KsfxtY=,z/0irWUbl0NjmMkrooZvDIxTuz0=
29,-10,Ny5kormc46OjDKXHhPue1KsfxtY=,8KpIxYAIrhGlgFuprMdrLAlwkc8=
29,-15,0Ut1Xuc9vtZVANDiyYFPW3/edn4=,8KpIxYAIrhGlgFuprMdrLAlwkc8=
29,-13,0Ut1Xuc9vtZVANDiyYFPW3/edn4=,8KpIxYAIrhGlgFuprMdrLAlwkc8=
29,-14,0Ut1Xuc9vtZVANDiyYFPW3/edn4=,8KpIxYAIrhGlgFuprMdrLAlwkc8=
29,-3,0Ut1Xuc9vtZVANDiyYFPW3/edn4=,8KpIxYAIrhGlgFuprMdrLAlwkc8=
29,-4,0Ut1Xuc9vtZVANDiyYFPW3/edn4=,8KpIxYAIrhGlgFuprMdrLAlwkc8=
29,-1,0Ut1Xuc9vtZVANDiyYFPW3/edn4=,8KpIxYAIrhGlgFuprMdrLAlwkc8=
29,-2,0Ut1Xuc9vtZVANDiyYFPW3/edn4=,8KpIxYAIrhGlgFuprMdrLAlwkc8=
29,-7,0Ut1Xuc9vtZVANDiyYFPW3/edn4=,8KpIxYAIrhGlgFuprMdrLAlwkc8=
29,-8,0Ut1Xuc9vtZVANDiyYFPW3/edn4=,8KpIxYAIrhGlgFuprMdrLAlwkc8=
29,-5,0Ut1Xuc9vtZVANDiyYFPW3/edn4=,8KpIxYAIrhGlgFuprMdrLAlwkc8=
29,-6,0Ut1Xuc9vtZVANDiyYFPW3/edn4=,8KpIxYAIrhGlgFuprMdrLAlwkc8=
28,-12,0Ut1Xuc9vtZVANDiyYFPW3/edn4=,ZtkFcwoukAHPQ4/Inu2PNavHfJs=
28,-11,0Ut1Xuc9vtZVANDiyYFPW3/edn4=,ZtkFcwoukAHPQ4/Inu2PNavHfJs=
28,-10,0Ut1Xuc9vtZVANDiyYFPW3/edn4=,ZtkFcwoukAHPQ4/Inu2PNavHfJs=
28,-9,0Ut1Xuc9vtZVANDiyYFPW3/edn4=,lX1qn+XFltf4T0OzeG2HDMG1yIQ=
28,-15,0Ut1Xuc9vtZVANDiyYFPW3/edn4=,quSmWqUkYKb60YEqgydpGbpGw+k=
28,-14,0Ut1Xuc9vtZVANDiyYFPW3/edn4=,quSmWqUkYKb60YEqgydpGbpGw+k=
28,-13,0Ut1Xuc9vtZVANDiyYFPW3/edn4=,quSmWqUkYKb60YEqgydpGbpGw+k=
28,-4,0Ut1Xuc9vtZVANDiyYFPW3/edn4=,quSmWqUkYKb60YEqgydpGbpGw+k=
28,-3,0Ut1Xuc9vtZVANDiyYFPW3/edn4=,quSmWqUkYKb60YEqgydpGbpGw+k=
28,-2,0Ut1Xuc9vtZVANDiyYFPW3/edn4=,quSmWqUkYKb60YEqgydpGbpGw+k=
28,-1,0Ut1Xuc9vtZVANDiyYFPW3/edn4=,quSmWqUkYKb60YEqgydpGbpGw+k=
28,-8,0Ut1Xuc9vtZVANDiyYFPW3/edn4=,quSmWqUkYKb60YEqgydpGbpGw+k=
28,-7,0Ut1Xuc9vtZVANDiyYFPW3/edn4=,quSmWqUkYKb60YEqgydpGbpGw+k=
28,-6,0Ut1Xuc9vtZVANDiyYFPW3/edn4=,quSmWqUkYKb60YEqgydpGbpGw+k=
28,-5,0Ut1Xuc9vtZVANDiyYFPW3/edn4=,quSmWqUkYKb60YEqgydpGbpGw+k=
27,-13,0Ut1Xuc9vtZVANDiyYFPW3/edn4=,RNORBguNBI3fXYJCX8NMeIjo+1g=
27,-14,0Ut1Xuc9vtZVANDiyYFPW3/edn4=,RNORBguNBI3fXYJCX8NMeIjo+1g=
27,-15,0Ut1Xuc9vtZVANDiyYFPW3/edn4=,RNORBguNBI3fXYJCX8NMeIjo+1g=
27,-9,0Ut1Xuc9vtZVANDiyYFPW3/edn4=,Fb/nagfdY0GZLxLviV2/R48VVeI=
27,-10,0Ut1Xuc9vtZVANDiyYFPW3/edn4=,xNjyQbZVOhBGlm0UPCn5BP9WZkk=
27,-11,0Ut1Xuc9vtZVANDiyYFPW3/edn4=,RYDhJi3zY8L19TyWzKZz9e3yquA=
27,-12,8CZ1yNZWZUNKIkRrLF3ue2jvK7I=,RYDhJi3zY8L19TyWzKZz9e3yquA=
27,-5,8CZ1yNZWZUNKIkRrLF3ue2jvK7I=,RYDhJi3zY8L19TyWzKZz9e3yquA=
27,-6,8CZ1yNZWZUNKIkRrLF3ue2jvK7I=,RYDhJi3zY8L19TyWzKZz9e3yquA=
27,-7,8CZ1yNZWZUNKIkRrLF3ue2jvK7I=,RYDhJi3zY8L19TyWzKZz9e3yquA=
27,-8,8CZ1yNZWZUNKIkRrLF3ue2jvK7I=,RYDhJi3zY8L19TyWzKZz9e3yquA=
27,-1,8CZ1yNZWZUNKIkRrLF3ue2jvK7I=,RYDhJi3zY8L19TyWzKZz9e3yquA=
27,-2,8CZ1yNZWZUNKIkRrLF3ue2jvK7I=,RYDhJi3zY8L19TyWzKZz9e3yquA=
27,-3,8CZ1yNZWZUNKIkRrLF3ue2jvK7I=,RYDhJi3zY8L19TyWzKZz9e3yquA=
27,-4,8CZ1yNZWZUNKIkRrLF3ue2jvK7I=,RYDhJi3zY8L19TyWzKZz9e3yquA=
26,-14,8CZ1yNZWZUNKIkRrLF3ue2jvK7I=,zZXqWJVmEClGW9yYg7p8FewfIvA=
26,-13,8CZ1yNZWZUNKIkRrLF3ue2jvK7I=,zZXqWJVmEClGW9yYg7p8FewfIvA=
26,-15,8CZ1yNZWZUNKIkRrLF3ue2jvK7I=,zZXqWJVmEClGW9yYg7p8FewfIvA=
26,-10,8CZ1yNZWZUNKIkRrLF3ue2jvK7I=,zZXqWJVmEClGW9yYg7p8FewfIvA=
26,-9,8CZ1yNZWZUNKIkRrLF3ue2jvK7I=,zZXqWJVmEClGW9yYg7p8FewfIvA=
26,-12,8CZ1yNZWZUNKIkRrLF3ue2jvK7I=,vdp6Z7J4Vu8deloa9d+DeAVfhew=
26,-11,8CZ1yNZWZUNKIkRrLF3ue2jvK7I=,a01UfKQqNB/PZ6GZZHc/JoIcp4s=
26,-6,8CZ1yNZWZUNKIkRrLF3ue2jvK7I=,a01UfKQqNB/PZ6GZZHc/JoIcp4s=
26,-5,8CZ1yNZWZUNKIkRrLF3ue2jvK7I=,a01UfKQqNB/PZ6GZZHc/JoIcp4s=
26,-8,8CZ1yNZWZUNKIkRrLF3ue2jvK7I=,a01UfKQqNB/PZ6GZZHc/JoIcp4s=
26,-7,8CZ1yNZWZUNKIkRrLF3ue2jvK7I=,a01UfKQqNB/PZ6GZZHc/JoIcp4s=
26,-2,8CZ1yNZWZUNKIkRrLF3ue2jvK7I=,a01UfKQqNB/PZ6GZZHc/JoIcp4s=
26,-1,8CZ1yNZWZUNKIkRrLF3ue2jvK7I=,a01UfKQqNB/PZ6GZZHc/JoIcp4s=
26,-4,8CZ1yNZWZUNKIkRrLF3ue2jvK7I=,a01UfKQqNB/PZ6GZZHc/JoIcp4s=
26,-3,8CZ1yNZWZUNKIkRrLF3ue2jvK7I=,a01UfKQqNB/PZ6GZZHc/JoIcp4s=
25,-15,8CZ1yNZWZUNKIkRrLF3ue2jvK7I=,iLsCc67afHsI0BWRA/o3fWbO0ls=
25,-13,8CZ1yNZWZUNKIkRrLF3ue2jvK7I=,iLsCc67afHsI0BWRA/o3fWbO0ls=
25,-14,8CZ1yNZWZUNKIkRrLF3ue2jvK7I=,iLsCc67afHsI0BWRA/o3fWbO0ls=
25,-11,8CZ1yNZWZUNKIkRrLF3ue2jvK7I=,iLsCc67afHsI0BWRA/o3fWbO0ls=
25,-12,8CZ1yNZWZUNKIkRrLF3ue2jvK7I=,iLsCc67afHsI0BWRA/o3fWbO0ls=
25,-9,8CZ1yNZWZUNKIkRrLF3ue2jvK7I=,FrT5J/eD3EBgIXO999CL4LxchS0=
25,-10,h+jKrOmukxFGawAmVbl6J8LbjJA=,d55f+aekM6+A7AFCtgovvfzYyVA=
25,-7,h+jKrOmukxFGawAmVbl6J8LbjJA=,EaKJZqKr0EW5Tu+yaL4ZGN1rb2s=
25,-8,h+jKrOmukxFGawAmVbl6J8LbjJA=,EaKJZqKr0EW5Tu+yaL4ZGN1rb2s=
25,-5,h+jKrOmukxFGawAmVbl6J8LbjJA=,EaKJZqKr0EW5Tu+yaL4ZGN1rb2s=
25,-6,h+jKrOmukxFGawAmVbl6J8LbjJA=,EaKJZqKr0EW5Tu+yaL4ZGN1rb2s=
25,-3,h+jKrOmukxFGawAmVbl6J8LbjJA=,EaKJZqKr0EW5Tu+yaL4ZGN1rb2s=
25,-4,h+jKrOmukxFGawAmVbl6J8LbjJA=,EaKJZqKr0EW5Tu+yaL4ZGN1rb2s=
25,-1,h+jKrOmukxFGawAmVbl6J8LbjJA=,EaKJZqKr0EW5Tu+yaL4ZGN1rb2s=
25,-2,h+jKrOmukxFGawAmVbl6J8LbjJA=,EaKJZqKr0EW5Tu+yaL4ZGN1rb2s=
24,-15,h+jKrOmukxFGawAmVbl6J8LbjJA=,ImqOFYiXwl35SKfstiOHBinz+lQ=
24,-14,h+jKrOmukxFGawAmVbl6J8LbjJA=,ImqOFYiXwl35SKfstiOHBinz+lQ=
24,-13,h+jKrOmukxFGawAmVbl6J8LbjJA=,ImqOFYiXwl35SKfstiOHBinz+lQ=
24,-12,h+jKrOmukxFGawAmVbl6J8LbjJA=,ImqOFYiXwl35SKfstiOHBinz+lQ=
24,-11,h+jKrOmukxFGawAmVbl6J8LbjJA=,ImqOFYiXwl35SKfstiOHBinz+lQ=
24,-10,h+jKrOmukxFGawAmVbl6J8LbjJA=,ImqOFYiXwl35SKfstiOHBinz+lQ=
24,-9,h+jKrOmukxFGawAmVbl6J8LbjJA=,ImqOFYiXwl35SKfstiOHBinz+lQ=
24,-8,h+jKrOmukxFGawAmVbl6J8LbjJA=,OIIzdw/LeU/L8XHvaRmO8izAh60=
24,-7,h+jKrOmukxFGawAmVbl6J8LbjJA=,jNz65beJNJ4QTd7qA+cAwoMMcWU=
24,-6,h+jKrOmukxFGawAmVbl6J8LbjJA=,jNz65beJNJ4QTd7qA+cAwoMMcWU=
24,-5,h+jKrOmukxFGawAmVbl6J8LbjJA=,jNz65beJNJ4QTd7qA+cAwoMMcWU=
24,-4,h+jKrOmukxFGawAmVbl6J8LbjJA=,jNz65beJNJ4QTd7qA+cAwoMMcWU=
24,-3,h+jKrOmukxFGawAmVbl6J8LbjJA=,jNz65beJNJ4QTd7qA+cAwoMMcWU=
24,-2,h+jKrOmukxFGawAmVbl6J8LbjJA=,jNz65beJNJ4QTd7qA+cAwoMMcWU=
24,-1,h+jKrOmukxFGawAmVbl6J8LbjJA=,jNz65beJNJ4QTd7qA+cAwoMMcWU=
23,-1,h+jKrOmukxFGawAmVbl6J8LbjJA=,mkWIv3RJJ27FSCj48WZlrYvsJ6E=
23,-9,h+jKrOmukxFGawAmVbl6J8LbjJA=,mkWIv3RJJ27FSCj48WZlrYvsJ6E=
23,-2,h+jKrOmukxFGawAmVbl6J8LbjJA=,dbo7TTmfthWD0XJZyu9ZAQOfwow=
23,-10,h+jKrOmukxFGawAmVbl6J8LbjJA=,dbo7TTmfthWD0XJZyu9ZAQOfwow=
23,-3,9nmLVq6tzUiKcJKqlEtWbv8BYjI=,dbo7TTmfthWD0XJZyu9ZAQOfwow=
23,-11,9nmLVq6tzUiKcJKqlEtWbv8BYjI=,dbo7TTmfthWD0XJZyu9ZAQOfwow=
23,-4,9nmLVq6tzUiKcJKqlEtWbv8BYjI=,dbo7TTmfthWD0XJZyu9ZAQOfwow=
23,-12,9nmLVq6tzUiKcJKqlEtWbv8BYjI=,dbo7TTmfthWD0XJZyu9ZAQOfwow=
23,-5,9nmLVq6tzUiKcJKqlEtWbv8BYjI=,dbo7TTmfthWD0XJZyu9ZAQOfwow=
23,-13,9nmLVq6tzUiKcJKqlEtWbv8BYjI=,dbo7TTmfthWD0XJZyu9ZAQOfwow=
23,-6,9nmLVq6tzUiKcJKqlEtWbv8BYjI=,dbo7TTmfthWD0XJZyu9ZAQOfwow=
23,-14,9nmLVq6tzUiKcJKqlEtWbv8BYjI=,dbo7TTmfthWD0XJZyu9ZAQOfwow=
23,-7,9nmLVq6tzUiKcJKqlEtWbv8BYjI=,dbo7TTmfthWD0XJZyu9ZAQOfwow=
23,-15,9nmLVq6tzUiKcJKqlEtWbv8BYjI=,dbo7TTmfthWD0XJZyu9ZAQOfwow=
23,-8,9nmLVq6tzUiKcJKqlEtWbv8BYjI=,dbo7TTmfthWD0XJZyu9ZAQOfwow=
22,-2,9nmLVq6tzUiKcJKqlEtWbv8BYjI=,Qa7GQqjtTEtVb2nsqCGbpKQZUGA=
22,-10,9nmLVq6tzUiKcJKqlEtWbv8BYjI=,Qa7GQqjtTEtVb2nsqCGbpKQZUGA=
22,-1,9nmLVq6tzUiKcJKqlEtWbv8BYjI=,Qa7GQqjtTEtVb2nsqCGbpKQZUGA=
22,-9,9nmLVq6tzUiKcJKqlEtWbv8BYjI=,Qa7GQqjtTEtVb2nsqCGbpKQZUGA=
22,-4,9nmLVq6tzUiKcJKqlEtWbv8BYjI=,Qa7GQqjtTEtVb2nsqCGbpKQZUGA=
22,-12,9nmLVq6tzUiKcJKqlEtWbv8BYjI=,Qa7GQqjtTEtVb2nsqCGbpKQZUGA=
22,-3,9nmLVq6tzUiKcJKqlEtWbv8BYjI=,Qa7GQqjtTEtVb2nsqCGbpKQZUGA=
22,-11,9nmLVq6tzUiKcJKqlEtWbv8BYjI=,Qa7GQqjtTEtVb2nsqCGbpKQZUGA=
22,-6,9nmLVq6tzUiKcJKqlEtWbv8BYjI=,Qa7GQqjtTEtVb2nsqCGbpKQZUGA=
22,-14,9nmLVq6tzUiKcJKqlEtWbv8BYjI=,Qa7GQqjtTEtVb2nsqCGbpKQZUGA=
22,-5,9nmLVq6tzUiKcJKqlEtWbv8BYjI=,Qa7GQqjtTEtVb2nsqCGbpKQZUGA=
22,-13,9nmLVq6tzUiKcJKqlEtWbv8BYjI=,Qa7GQqjtTEtVb2nsqCGbpKQZUGA=
22,-8,9nmLVq6tzUiKcJKqlEtWbv8BYjI=,Qa7GQqjtTEtVb2nsqCGbpKQZUGA=
22,-7,9nmLVq6tzUiKcJKqlEtWbv8BYjI=,Qa7GQqjtTEtVb2nsqCGbpKQZUGA=
22,-15,9nmLVq6tzUiKcJKqlEtWbv8BYjI=,Qa7GQqjtTEtVb2nsqCGbpKQZUGA=
21,-3,9nmLVq6tzUiKcJKqlEtWbv8BYjI=,8notvRJ/jsqZB4nDugxzYHRLxhw=
21,-11,9nmLVq6tzUiKcJKqlEtWbv8BYjI=,8notvRJ/jsqZB4nDugxzYHRLxhw=
21,-4,9nmLVq6tzUiKcJKqlEtWbv8BYjI=,8notvRJ/jsqZB4nDugxzYHRLxhw=
21,-12,9nmLVq6tzUiKcJKqlEtWbv8BYjI=,8notvRJ/jsqZB4nDugxzYHRLxhw=
21,-1,9nmLVq6tzUiKcJKqlEtWbv8BYjI=,8notvRJ/jsqZB4nDugxzYHRLxhw=
21,-9,AZ9qhj+RbRGt1Y4XRysFQpc3bX0=,8notvRJ/jsqZB4nDugxzYHRLxhw=
21,-2,AZ9qhj+RbRGt1Y4XRysFQpc3bX0=,8notvRJ/jsqZB4nDugxzYHRLxhw=
21,-10,AZ9qhj+RbRGt1Y4XRysFQpc3bX0=,8notvRJ/jsqZB4nDugxzYHRLxhw=
21,-7,AZ9qhj+RbRGt1Y4XRysFQpc3bX0=,8notvRJ/jsqZB4nDugxzYHRLxhw=
21,-15,AZ9qhj+RbRGt1Y4XRysFQpc3bX0=,8notvRJ/jsqZB4nDugxzYHRLxhw=
21,-8,AZ9qhj+RbRGt1Y4XRysFQpc3bX0=,8notvRJ/jsqZB4nDugxzYHRLxhw=
21,-5,AZ9qhj+RbRGt1Y4XRysFQpc3bX0=,8notvRJ/jsqZB4nDugxzYHRLxhw=
21,-13,AZ9qhj+RbRGt1Y4XRysFQpc3bX0=,8notvRJ/jsqZB4nDugxzYHRLxhw=
21,-6,AZ9qhj+RbRGt1Y4XRysFQpc3bX0=,8notvRJ/jsqZB4nDugxzYHRLxhw=
21,-14,AZ9qhj+RbRGt1Y4XRysFQpc3bX0=,8notvRJ/jsqZB4nDugxzYHRLxhw=
20,-4,AZ9qhj+RbRGt1Y4XRysFQpc3bX0=,lEoNQZr3r23jIqhZ1wSfkUqMa/g=
20,-12,AZ9qhj+RbRGt1Y4XRysFQpc3bX0=,lEoNQZr3r23jIqhZ1wSfkUqMa/g=
20,-3,AZ9qhj+RbRGt1Y4XRysFQpc3bX0=,AY2FXWbMLGR1fW/yHt3WMt2UucI=
20,-11,AZ9qhj+RbRGt1Y4XRysFQpc3bX0=,AY2FXWbMLGR1fW/yHt3WMt2UucI=
20,-2,AZ9qhj+RbRGt1Y4XRysFQpc3bX0=,AY2FXWbMLGR1fW/yHt3WMt2UucI=
20,-10,AZ9qhj+RbRGt1Y4XRysFQpc3bX0=,AY2FXWbMLGR1fW/yHt3WMt2UucI=
20,-1,AZ9qhj+RbRGt1Y4XRysFQpc3bX0=,AY2FXWbMLGR1fW/yHt3WMt2UucI=
20,-9,AZ9qhj+RbRGt1Y4XRysFQpc3bX0=,AY2FXWbMLGR1fW/yHt3WMt2UucI=
20,-8,AZ9qhj+RbRGt1Y4XRysFQpc3bX0=,AY2FXWbMLGR1fW/yHt3WMt2UucI=
20,-7,AZ9qhj+RbRGt1Y4XRysFQpc3bX0=,AY2FXWbMLGR1fW/yHt3WMt2UucI=
20,-15,AZ9qhj+RbRGt1Y4XRysFQpc3bX0=,AY2FXWbMLGR1fW/yHt3WMt2UucI=
20,-6,AZ9qhj+RbRGt1Y4XRysFQpc3bX0=,AY2FXWbMLGR1fW/yHt3WMt2UucI=
20,-14,AZ9qhj+RbRGt1Y4XRysFQpc3bX0=,AY2FXWbMLGR1fW/yHt3WMt2UucI=
20,-5,AZ9qhj+RbRGt1Y4XRysFQpc3bX0=,AY2FXWbMLGR1fW/yHt3WMt2UucI=
20,-13,AZ9qhj+RbRGt1Y4XRysFQpc3bX0=,AY2FXWbMLGR1fW/yHt3WMt2UucI=
19,-5,AZ9qhj+RbRGt1Y4XRysFQpc3bX0=,pj1SZKj9H5XZxn/70P4ImuB2rpc=
19,-13,AZ9qhj+RbRGt1Y4XRysFQpc3bX0=,ZlvIHsubR42982yT2O2PFhhYCdc=
19,-6,AZ9qhj+RbRGt1Y4XRysFQpc3bX0=,4svoSUuufTTOKX1HTHA1qpbXToo=
19,-14,AZ9qhj+RbRGt1Y4XRysFQpc3bX0=,4svoSUuufTTOKX1HTHA1qpbXToo=
19,-7,FeOviGt5Q8OzqnDlmt+3FxQNrzU=,4svoSUuufTTOKX1HTHA1qpbXToo=
19,-15,FeOviGt5Q8OzqnDlmt+3FxQNrzU=,4svoSUuufTTOKX1HTHA1qpbXToo=
19,-8,FeOviGt5Q8OzqnDlmt+3FxQNrzU=,4svoSUuufTTOKX1HTHA1qpbXToo=
19,-1,FeOviGt5Q8OzqnDlmt+3FxQNrzU=,A7Wm/IQcRrw266AQ+CffqWnQmPA=
19,-9,FeOviGt5Q8OzqnDlmt+3FxQNrzU=,A7Wm/IQcRrw266AQ+CffqWnQmPA=
19,-2,FeOviGt5Q8OzqnDlmt+3FxQNrzU=,A7Wm/IQcRrw266AQ+CffqWnQmPA=
19,-10,FeOviGt5Q8OzqnDlmt+3FxQNrzU=,A7Wm/IQcRrw266AQ+CffqWnQmPA=
19,-3,FeOviGt5Q8OzqnDlmt+3FxQNrzU=,A7Wm/IQcRrw266AQ+CffqWnQmPA=
19,-11,FeOviGt5Q8OzqnDlmt+3FxQNrzU=,A7Wm/IQcRrw266AQ+CffqWnQmPA=
19,-4,FeOviGt5Q8OzqnDlmt+3FxQNrzU=,A7Wm/IQcRrw266AQ+CffqWnQmPA=
19,-12,FeOviGt5Q8OzqnDlmt+3FxQNrzU=,A7Wm/IQcRrw266AQ+CffqWnQmPA=
18,-6,FeOviGt5Q8OzqnDlmt+3FxQNrzU=,HZkI/9TuG5EA6P9ctdR3rFyB0+s=
18,-14,FeOviGt5Q8OzqnDlmt+3FxQNrzU=,HZkI/9TuG5EA6P9ctdR3rFyB0+s=
18,-5,FeOviGt5Q8OzqnDlmt+3FxQNrzU=,HZkI/9TuG5EA6P9ctdR3rFyB0+s=
18,-13,FeOviGt5Q8OzqnDlmt+3FxQNrzU=,HZkI/9TuG5EA6P9ctdR3rFyB0+s=
18,-8,FeOviGt5Q8OzqnDlmt+3FxQNrzU=,HZkI/9TuG5EA6P9ctdR3rFyB0+s=
18,-7,FeOviGt5Q8OzqnDlmt+3FxQNrzU=,HZkI/9TuG5EA6P9ctdR3rFyB0+s=
18,-15,FeOviGt5Q8OzqnDlmt+3FxQNrzU=,HZkI/9TuG5EA6P9ctdR3rFyB0+s=
18,-2,FeOviGt5Q8OzqnDlmt+3FxQNrzU=,z3ZuaTtTCtzQrNNui0lYCYof3qE=
18,-10,FeOviGt5Q8OzqnDlmt+3FxQNrzU=,ZhmkpW6acsLe8uHPRbxo73/q6nM=
18,-1,FeOviGt5Q8OzqnDlmt+3FxQNrzU=,LtNww99c+WCAh11ZS8Y1OU/xnT0=
18,-9,FeOviGt5Q8OzqnDlmt+3FxQNrzU=,LtNww99c+WCAh11ZS8Y1OU/xnT0=
18,-4,FeOviGt5Q8OzqnDlmt+3FxQNrzU=,LtNww99c+WCAh11ZS8Y1OU/xnT0=
18,-12,FeOviGt5Q8OzqnDlmt+3FxQNrzU=,LtNww99c+WCAh11ZS8Y1OU/xnT0=
18,-3,FeOviGt5Q8OzqnDlmt+3FxQNrzU=,LtNww99c+WCAh11ZS8Y1OU/xnT0=
18,-11,FeOviGt5Q8OzqnDlmt+3FxQNrzU=,LtNww99c+WCAh11ZS8Y1OU/xnT0=
17,-7,FeOviGt5Q8OzqnDlmt+3FxQNrzU=,aGEI59pPebudv3t5QwIOI5VCfMQ=
17,-15,FeOviGt5Q8OzqnDlmt+3FxQNrzU=,aGEI59pPebudv3t5QwIOI5VCfMQ=
17,-8,FeOviGt5Q8OzqnDlmt+3FxQNrzU=,aGEI59pPebudv3t5QwIOI5VCfMQ=
17,-5,FeOviGt5Q8OzqnDlmt+3FxQNrzU=,aGEI59pPebudv3t5QwIOI5VCfMQ=
17,-13,uMhvvnTMK2QtfkchwHN47MP8mI8=,aGEI59pPebudv3t5QwIOI5VCfMQ=
17,-6,uMhvvnTMK2QtfkchwHN47MP8mI8=,aGEI59pPebudv3t5QwIOI5VCfMQ=
17,-14,uMhvvnTMK2QtfkchwHN47MP8mI8=,aGEI59pPebudv3t5QwIOI5VCfMQ=
17,-3,uMhvvnTMK2QtfkchwHN47MP8mI8=,aGEI59pPebudv3t5QwIOI5VCfMQ=
17,-11,uMhvvnTMK2QtfkchwHN47MP8mI8=,aGEI59pPebudv3t5QwIOI5VCfMQ=
17,-4,uMhvvnTMK2QtfkchwHN47MP8mI8=,1uKCDNsJVR9d8BJ4spCqrmFM+wc=
17,-12,uMhvvnTMK2QtfkchwHN47MP8mI8=,1uKCDNsJVR9d8BJ4spCqrmFM+wc=
17,-1,uMhvvnTMK2QtfkchwHN47MP8mI8=,nvwGqqfYC8EKb0cynL9NJX3pqsw=
17,-9,uMhvvnTMK2QtfkchwHN47MP8mI8=,nvwGqqfYC8EKb0cynL9NJX3pqsw=
17,-2,uMhvvnTMK2QtfkchwHN47MP8mI8=,nvwGqqfYC8EKb0cynL9NJX3pqsw=
17,-10,uMhvvnTMK2QtfkchwHN47MP8mI8=,nvwGqqfYC8EKb0cynL9NJX3pqsw=
16,-8,uMhvvnTMK2QtfkchwHN47MP8mI8=,uxuw+fn9ggB2R+Bhdtd+X4RYPEc=
16,-7,uMhvvnTMK2QtfkchwHN47MP8mI8=,uxuw+fn9ggB2R+Bhdtd+X4RYPEc=
16,-15,uMhvvnTMK2QtfkchwHN47MP8mI8=,uxuw+fn9ggB2R+Bhdtd+X4RYPEc=
16,-6,uMhvvnTMK2QtfkchwHN47MP8mI8=,uxuw+fn9ggB2R+Bhdtd+X4RYPEc=
16,-14,uMhvvnTMK2QtfkchwHN47MP8mI8=,uxuw+fn9ggB2R+Bhdtd+X4RYPEc=
16,-5,uMhvvnTMK2QtfkchwHN47MP8mI8=,uxuw+fn9ggB2R+Bhdtd+X4RYPEc=
16,-13,uMhvvnTMK2QtfkchwHN47MP8mI8=,uxuw+fn9ggB2R+Bhdtd+X4RYPEc=
16,-4,uMhvvnTMK2QtfkchwHN47MP8mI8=,uxuw+fn9ggB2R+Bhdtd+X4RYPEc=
16,-12,uMhvvnTMK2QtfkchwHN47MP8mI8=,uxuw+fn9ggB2R+Bhdtd+X4RYPEc=
16,-3,uMhvvnTMK2QtfkchwHN47MP8mI8=,uxuw+fn9ggB2R+Bhdtd+X4RYPEc=
16,-11,uMhvvnTMK2QtfkchwHN47MP8mI8=,uxuw+fn9ggB2R+Bhdtd+X4RYPEc=
16,-2,uMhvvnTMK2QtfkchwHN47MP8mI8=,GWajY5Nq7nAKI5upxcQ1YlzLWGA=
16,-10,uMhvvnTMK2QtfkchwHN47MP8mI8=,mvP4Fg4ijMsh4S3fzuBYGNYNKjc=
16,-1,uMhvvnTMK2QtfkchwHN47MP8mI8=,mvP4Fg4ijMsh4S3fzuBYGNYNKjc=
16,-9,uMhvvnTMK2QtfkchwHN47MP8mI8=,1QkAv2lxFugWJrvX8hW4LwxLq0U=
15,-9,uMhvvnTMK2QtfkchwHN47MP8mI8=,vTv1YQIPQty3R3e7XP+Hb0iELkU=
15,-10,uMhvvnTMK2QtfkchwHN47MP8mI8=,vTv1YQIPQty3R3e7XP+Hb0iELkU=
15,-11,uMhvvnTMK2QtfkchwHN47MP8mI8=,vTv1YQIPQty3R3e7XP+Hb0iELkU=
15,-12,uMhvvnTMK2QtfkchwHN47MP8mI8=,vTv1YQIPQty3R3e7XP+Hb0iELkU=
15,-13,uMhvvnTMK2QtfkchwHN47MP8mI8=,vTv1YQIPQty3R3e7XP+Hb0iELkU=
15,-14,uMhvvnTMK2QtfkchwHN47MP8mI8=,vTv1YQIPQty3R3e7XP+Hb0iELkU=
15,-15,Obdjbf9ORzueTbrg9yZQwkofz3w=,vTv1YQIPQty3R3e7XP+Hb0iELkU=
15,-1,Obdjbf9ORzueTbrg9yZQwkofz3w=,vTv1YQIPQty3R3e7XP+Hb0iELkU=
15,-2,Obdjbf9ORzueTbrg9yZQwkofz3w=,vTv1YQIPQty3R3e7XP+Hb0iELkU=
15,-3,Obdjbf9ORzueTbrg9yZQwkofz3w=,vTv1YQIPQty3R3e7XP+Hb0iELkU=
15,-4,Obdjbf9ORzueTbrg9yZQwkofz3w=,gcqLDu/+knlPW/L6hFQceiI9w6k=
15,-5,Obdjbf9ORzueTbrg9yZQwkofz3w=,lzJqZRS4+ye0tYD/KaAYy8n3/To=
15,-6,Obdjbf9ORzueTbrg9yZQwkofz3w=,lzJqZRS4+ye0tYD/KaAYy8n3/To=
15,-7,Obdjbf9ORzueTbrg9yZQwkofz3w=,lzJqZRS4+ye0tYD/KaAYy8n3/To=
15,-8,Obdjbf9ORzueTbrg9yZQwkofz3w=,lzJqZRS4+ye0tYD/KaAYy8n3/To=
14,-10,Obdjbf9ORzueTbrg9yZQwkofz3w=,tKpE6cmdptyvYqtJTcDncUAj37E=
14,-9,Obdjbf9ORzueTbrg9yZQwkofz3w=,tKpE6cmdptyvYqtJTcDncUAj37E=
14,-12,Obdjbf9ORzueTbrg9yZQwkofz3w=,tKpE6cmdptyvYqtJTcDncUAj37E=
14,-11,Obdjbf9ORzueTbrg9yZQwkofz3w=,tKpE6cmdptyvYqtJTcDncUAj37E=
14,-14,Obdjbf9ORzueTbrg9yZQwkofz3w=,tKpE6cmdptyvYqtJTcDncUAj37E=
14,-13,Obdjbf9ORzueTbrg9yZQwkofz3w=,tKpE6cmdptyvYqtJTcDncUAj37E=
14,-15,Obdjbf9ORzueTbrg9yZQwkofz3w=,tKpE6cmdptyvYqtJTcDncUAj37E=
14,-2,Obdjbf9ORzueTbrg9yZQwkofz3w=,tKpE6cmdptyvYqtJTcDncUAj37E=
14,-1,Obdjbf9ORzueTbrg9yZQwkofz3w=,tKpE6cmdptyvYqtJTcDncUAj37E=
14,-4,Obdjbf9ORzueTbrg9yZQwkofz3w=,tKpE6cmdptyvYqtJTcDncUAj37E=
14,-3,Obdjbf9ORzueTbrg9yZQwkofz3w=,tKpE6cmdptyvYqtJTcDncUAj37E=
14,-6,Obdjbf9ORzueTbrg9yZQwkofz3w=,tKpE6cmdptyvYqtJTcDncUAj37E=
14,-5,Obdjbf9ORzueTbrg9yZQwkofz3w=,BtCQcYOAUNKRhXoFdThbwJwwbqA=
14,-8,Obdjbf9ORzueTbrg9yZQwkofz3w=,XkhiAQxXrOsuCSvELdTsblfYJYw=
14,-7,Obdjbf9ORzueTbrg9yZQwkofz3w=,pIABupQQzq+wzfVuMrPUF/meIeo=
13,-11,Obdjbf9ORzueTbrg9yZQwkofz3w=,FFfGlArYEMzdp4687nYmEmbwCwY=
13,-12,Obdjbf9ORzueTbrg9yZQwkofz3w=,FFfGlArYEMzdp4687nYmEmbwCwY=
13,-9,Obdjbf9ORzueTbrg9yZQwkofz3w=,FFfGlArYEMzdp4687nYmEmbwCwY=
13,-10,Obdjbf9ORzueTbrg9yZQwkofz3w=,TMetV/6Gp9Bttd6xJPgfOalfkfc=
13,-15,Obdjbf9ORzueTbrg9yZQwkofz3w=,6AvyfEBPX5sXDfAnKRbNNyJIdRE=
13,-13,Obdjbf9ORzueTbrg9yZQwkofz3w=,6AvyfEBPX5sXDfAnKRbNNyJIdRE=
13,-14,Obdjbf9ORzueTbrg9yZQwkofz3w=,6AvyfEBPX5sXDfAnKRbNNyJIdRE=
13,-3,5uma7IQ3zL0zSH8AjuqY6yThwLc=,6AvyfEBPX5sXDfAnKRbNNyJIdRE=
13,-4,5uma7IQ3zL0zSH8AjuqY6yThwLc=,6AvyfEBPX5sXDfAnKRbNNyJIdRE=
13,-1,5uma7IQ3zL0zSH8AjuqY6yThwLc=,6AvyfEBPX5sXDfAnKRbNNyJIdRE=
13,-2,5uma7IQ3zL0zSH8AjuqY6yThwLc=,6AvyfEBPX5sXDfAnKRbNNyJIdRE=
13,-7,5uma7IQ3zL0zSH8AjuqY6yThwLc=,6AvyfEBPX5sXDfAnKRbNNyJIdRE=
13,-8,5uma7IQ3zL0zSH8AjuqY6yThwLc=,6AvyfEBPX5sXDfAnKRbNNyJIdRE=
13,-5,5uma7IQ3zL0zSH8AjuqY6yThwLc=,6AvyfEBPX5sXDfAnKRbNNyJIdRE=
13,-6,5uma7IQ3zL0zSH8AjuqY6yThwLc=,6AvyfEBPX5sXDfAnKRbNNyJIdRE=
12,-12,5uma7IQ3zL0zSH8AjuqY6yThwLc=,dPVIjceY9qdASggHcg0C8oLjaFg=
12,-11,5uma7IQ3zL0zSH8AjuqY6yThwLc=,dPVIjceY9qdASggHcg0C8oLjaFg=
12,-10,5uma7IQ3zL0zSH8AjuqY6yThwLc=,dPVIjceY9qdASggHcg0C8oLjaFg=
12,-9,5uma7IQ3zL0zSH8AjuqY6yThwLc=,4NedIVJ9sIs83IHArJLP+Y4Kx5g=
12,-15,5uma7IQ3zL0zSH8AjuqY6yThwLc=,4NedIVJ9sIs83IHArJLP+Y4Kx5g=
12,-14,5uma7IQ3zL0zSH8AjuqY6yThwLc=,4NedIVJ9sIs83IHArJLP+Y4Kx5g=
12,-13,5uma7IQ3zL0zSH8AjuqY6yThwLc=,4NedIVJ9sIs83IHArJLP+Y4Kx5g=
12,-4,5uma7IQ3zL0zSH8AjuqY6yThwLc=,4NedIVJ9sIs83IHArJLP+Y4Kx5g=
12,-3,5uma7IQ3zL0zSH8AjuqY6yThwLc=,4NedIVJ9sIs83IHArJLP+Y4Kx5g=
12,-2,5uma7IQ3zL0zSH8AjuqY6yThwLc=,4NedIVJ9sIs83IHArJLP+Y4Kx5g=
12,-1,5uma7IQ3zL0zSH8AjuqY6yThwLc=,4NedIVJ9sIs83IHArJLP+Y4Kx5g=
12,-8,5uma7IQ3zL0zSH8AjuqY6yThwLc=,4NedIVJ9sIs83IHArJLP+Y4Kx5g=
12,-7,5uma7IQ3zL0zSH8AjuqY6yThwLc=,4NedIVJ9sIs83IHArJLP+Y4Kx5g=
12,-6,5uma7IQ3zL0zSH8AjuqY6yThwLc=,4NedIVJ9sIs83IHArJLP+Y4Kx5g=
12,-5,5uma7IQ3zL0zSH8AjuqY6yThwLc=,4NedIVJ9sIs83IHArJLP+Y4Kx5g=
11,-13,5uma7IQ3zL0zSH8AjuqY6yThwLc=,Y7DNJjyshKqI0+Xt7Whhx9oisyM=
11,-14,5uma7IQ3zL0zSH8AjuqY6yThwLc=,Y7DNJjyshKqI0+Xt7Whhx9oisyM=
11,-15,5uma7IQ3zL0zSH8AjuqY6yThwLc=,Y7DNJjyshKqI0+Xt7Whhx9oisyM=
11,-9,5uma7IQ3zL0zSH8AjuqY6yThwLc=,d+xFbv/eQNt0kupUIuTqrJlLlY4=
11,-10,5uma7IQ3zL0zSH8AjuqY6yThwLc=,d+xFbv/eQNt0kupUIuTqrJlLlY4=
11,-11,5uma7IQ3zL0zSH8AjuqY6yThwLc=,d+xFbv/eQNt0kupUIuTqrJlLlY4=
11,-12,5uma7IQ3zL0zSH8AjuqY6yThwLc=,d+xFbv/eQNt0kupUIuTqrJlLlY4=
11,-5,5uma7IQ3zL0zSH8AjuqY6yThwLc=,d+xFbv/eQNt0kupUIuTqrJlLlY4=
11,-6,5uma7IQ3zL0zSH8AjuqY6yThwLc=,d+xFbv/eQNt0kupUIuTqrJlLlY4=
11,-7,5uma7IQ3zL0zSH8AjuqY6yThwLc=,d+xFbv/eQNt0kupUIuTqrJlLlY4=
11,-8,5uma7IQ3zL0zSH8AjuqY6yThwLc=,d+xFbv/eQNt0kupUIuTqrJlLlY4=
11,-1,5uma7IQ3zL0zSH8AjuqY6yThwLc=,d+xFbv/eQNt0kupUIuTqrJlLlY4=
11,-2,5uma7IQ3zL0zSH8AjuqY6yThwLc=,d+xFbv/eQNt0kupUIuTqrJlLlY4=
11,-3,5uma7IQ3zL0zSH8AjuqY6yThwLc=,d+xFbv/eQNt0kupUIuTqrJlLlY4=
11,-4,5uma7IQ3zL0zSH8AjuqY6yThwLc=,d+xFbv/eQNt0kupUIuTqrJlLlY4=
10,-14,5uma7IQ3zL0zSH8AjuqY6yThwLc=,jNN5hQVbQBQXaMJgRL2+C5BgaEc=
10,-13,5uma7IQ3zL0zSH8AjuqY6yThwLc=,jNN5hQVbQBQXaMJgRL2+C5BgaEc=
10,-15,5uma7IQ3zL0zSH8AjuqY6yThwLc=,14NkHr04SQ/fWiyD11uHX+X6XBI=
10,-10,5uma7IQ3zL0zSH8AjuqY6yThwLc=,14NkHr04SQ/fWiyD11uHX+X6XBI=
10,-9,5uma7IQ3zL0zSH8AjuqY6yThwLc=,14NkHr04SQ/fWiyD11uHX+X6XBI=
10,-12,5uma7IQ3zL0zSH8AjuqY6yThwLc=,14NkHr04SQ/fWiyD11uHX+X6XBI=
10,-11,5uma7IQ3zL0zSH8AjuqY6yThwLc=,14NkHr04SQ/fWiyD11uHX+X6XBI=
10,-6,5uma7IQ3zL0zSH8AjuqY6yThwLc=,14NkHr04SQ/fWiyD11uHX+X6XBI=
10,-5,5uma7IQ3zL0zSH8AjuqY6yThwLc=,14NkHr04SQ/fWiyD11uHX+X6XBI=
10,-8,5uma7IQ3zL0zSH8AjuqY6yThwLc=,14NkHr04SQ/fWiyD11uHX+X6XBI=
10,-7,5uma7IQ3zL0zSH8AjuqY6yThwLc=,14NkHr04SQ/fWiyD11uHX+X6XBI=
10,-2,5uma7IQ3zL0zSH8AjuqY6yThwLc=,14NkHr04SQ/fWiyD11uHX+X6XBI=
10,-1,5uma7IQ3zL0zSH8AjuqY6yThwLc=,14NkHr04SQ/fWiyD11uHX+X6XBI=
10,-4,5uma7IQ3zL0zSH8AjuqY6yThwLc=,14NkHr04SQ/fWiyD11uHX+X6XBI=
10,-3,5uma7IQ3zL0zSH8AjuqY6yThwLc=,14NkHr04SQ/fWiyD11uHX+X6XBI=
9,-15,5uma7IQ3zL0zSH8AjuqY6yThwLc=,q+6p3Dw/L1REE552j628/F+bYzU=
9,-13,5uma7IQ3zL0zSH8AjuqY6yThwLc=,Ondbw4vpMn/lvYWpMbhKxJr1VMQ=
9,-14,5uma7IQ3zL0zSH8AjuqY6yThwLc=,Ondbw4vpMn/lvYWpMbhKxJr1VMQ=
9,-11,5uma7IQ3zL0zSH8AjuqY6yThwLc=,Ondbw4vpMn/lvYWpMbhKxJr1VMQ=
9,-12,5uma7IQ3zL0zSH8AjuqY6yThwLc=,Ondbw4vpMn/lvYWpMbhKxJr1VMQ=
9,-9,42aWYxUQXNPR56qk6f1ByEEMMF8=,Ondbw4vpMn/lvYWpMbhKxJr1VMQ=
9,-10,42aWYxUQXNPR56qk6f1ByEEMMF8=,Ondbw4vpMn/lvYWpMbhKxJr1VMQ=
9,-7,42aWYxUQXNPR56qk6f1ByEEMMF8=,Ondbw4vpMn/lvYWpMbhKxJr1VMQ=
9,-8,42aWYxUQXNPR56qk6f1ByEEMMF8=,Ondbw4vpMn/lvYWpMbhKxJr1VMQ=
9,-5,42aWYxUQXNPR56qk6f1ByEEMMF8=,Ondbw4vpMn/lvYWpMbhKxJr1VMQ=
9,-6,42aWYxUQXNPR56qk6f1ByEEMMF8=,Ondbw4vpMn/lvYWpMbhKxJr1VMQ=
9,-3,42aWYxUQXNPR56qk6f1ByEEMMF8=,Ondbw4vpMn/lvYWpMbhKxJr1VMQ=
9,-4,42aWYxUQXNPR56qk6f1ByEEMMF8=,Ondbw4vpMn/lvYWpMbhKxJr1VMQ=
9,-1,42aWYxUQXNPR56qk6f1ByEEMMF8=,Ondbw4vpMn/lvYWpMbhKxJr1VMQ=
9,-2,42aWYxUQXNPR56qk6f1ByEEMMF8=,Ondbw4vpMn/lvYWpMbhKxJr1VMQ=
8,-15,42aWYxUQXNPR56qk6f1ByEEMMF8=,/pT/extSWopWn19u3pP6eAZkyJM=
8,-14,42aWYxUQXNPR56qk6f1ByEEMMF8=,sEWVrUp0IGH0yCz9bhNGj/8+hnw=
8,-13,42aWYxUQXNPR56qk6f1ByEEMMF8=,sEWVrUp0IGH0yCz9bhNGj/8+hnw=
8,-12,42aWYxUQXNPR56qk6f1ByEEMMF8=,sEWVrUp0IGH0yCz9bhNGj/8+hnw=
8,-11,42aWYxUQXNPR56qk6f1ByEEMMF8=,sEWVrUp0IGH0yCz9bhNGj/8+hnw=
8,-10,42aWYxUQXNPR56qk6f1ByEEMMF8=,sEWVrUp0IGH0yCz9bhNGj/8+hnw=
8,-9,42aWYxUQXNPR56qk6f1ByEEMMF8=,sEWVrUp0IGH0yCz9bhNGj/8+hnw=
8,-8,42aWYxUQXNPR56qk6f1ByEEMMF8=,sEWVrUp0IGH0yCz9bhNGj/8+hnw=
8,-7,42aWYxUQXNPR56qk6f1ByEEMMF8=,sEWVrUp0IGH0yCz9bhNGj/8+hnw=
8,-6,42aWYxUQXNPR56qk6f1ByEEMMF8=,sEWVrUp0IGH0yCz9bhNGj/8+hnw=
8,-5,42aWYxUQXNPR56qk6f1ByEEMMF8=,sEWVrUp0IGH0yCz9bhNGj/8+hnw=
8,-4,42aWYxUQXNPR56qk6f1ByEEMMF8=,sEWVrUp0IGH0yCz9bhNGj/8+hnw=
8,-3,42aWYxUQXNPR56qk6f1ByEEMMF8=,sEWVrUp0IGH0yCz9bhNGj/8+hnw=
8,-2,42aWYxUQXNPR56qk6f1ByEEMMF8=,sEWVrUp0IGH0yCz9bhNGj/8+hnw=
8,-1,42aWYxUQXNPR56qk6f1ByEEMMF8=,sEWVrUp0IGH0yCz9bhNGj/8+hnw=
7,-1,42aWYxUQXNPR56qk6f1ByEEMMF8=,sFToiduuPBoo4R/R7mUhkzSGPSQ=
7,-9,42aWYxUQXNPR56qk6f1ByEEMMF8=,sFToiduuPBoo4R/R7mUhkzSGPSQ=
7,-2,42aWYxUQXNPR56qk6f1ByEEMMF8=,sFToiduuPBoo4R/R7mUhkzSGPSQ=
7,-10,42aWYxUQXNPR56qk6f1ByEEMMF8=,sFToiduuPBoo4R/R7mUhkzSGPSQ=
7,-3,42aWYxUQXNPR56qk6f1ByEEMMF8=,sFToiduuPBoo4R/R7mUhkzSGPSQ=
7,-11,42aWYxUQXNPR56qk6f1ByEEMMF8=,sFToiduuPBoo4R/R7mUhkzSGPSQ=
7,-4,42aWYxUQXNPR56qk6f1ByEEMMF8=,sFToiduuPBoo4R/R7mUhkzSGPSQ=
7,-12,42aWYxUQXNPR56qk6f1ByEEMMF8=,sFToiduuPBoo4R/R7mUhkzSGPSQ=
7,-5,42aWYxUQXNPR56qk6f1ByEEMMF8=,sFToiduuPBoo4R/R7mUhkzSGPSQ=
7,-13,42aWYxUQXNPR56qk6f1ByEEMMF8=,sFToiduuPBoo4R/R7mUhkzSGPSQ=
7,-6,42aWYxUQXNPR56qk6f1ByEEMMF8=,sFToiduuPBoo4R/R7mUhkzSGPSQ=
7,-14,42aWYxUQXNPR56qk6f1ByEEMMF8=,ryxU0sr5WtF6+D6EZ65H9LP7zfU=
7,-7,42aWYxUQXNPR56qk6f1ByEEMMF8=,LxsmeEcDeA/XMYujeJ1AcXFAswo=
7,-15,42aWYxUQXNPR56qk6f1ByEEMMF8=,LxsmeEcDeA/XMYujeJ1AcXFAswo=
7,-8,42aWYxUQXNPR56qk6f1ByEEMMF8=,LxsmeEcDeA/XMYujeJ1AcXFAswo=
6,-2,42aWYxUQXNPR56qk6f1ByEEMMF8=,wpWSxt7d+CY3rllUoyICuKldCgg=
6,-10,42aWYxUQXNPR56qk6f1ByEEMMF8=,wpWSxt7d+CY3rllUoyICuKldCgg=
6,-1,42aWYxUQXNPR56qk6f1ByEEMMF8=,wpWSxt7d+CY3rllUoyICuKldCgg=
6,-9,42aWYxUQXNPR56qk6f1ByEEMMF8=,wpWSxt7d+CY3rllUoyICuKldCgg=
6,-4,42aWYxUQXNPR56qk6f1ByEEMMF8=,wpWSxt7d+CY3rllUoyICuKldCgg=
6,-12,42aWYxUQXNPR56qk6f1ByEEMMF8=,wpWSxt7d+CY3rllUoyICuKldCgg=
6,-3,42aWYxUQXNPR56qk6f1ByEEMMF8=,wpWSxt7d+CY3rllUoyICuKldCgg=
6,-11,42aWYxUQXNPR56qk6f1ByEEMMF8=,wpWSxt7d+CY3rllUoyICuKldCgg=
6,-6,42aWYxUQXNPR56qk6f1ByEEMMF8=,wpWSxt7d+CY3rllUoyICuKldCgg=
6,-14,42aWYxUQXNPR56qk6f1ByEEMMF8=,wpWSxt7d+CY3rllUoyICuKldCgg=
6,-5,42aWYxUQXNPR56qk6f1ByEEMMF8=,wpWSxt7d+CY3rllUoyICuKldCgg=
6,-13,42aWYxUQXNPR56qk6f1ByEEMMF8=,0w2o+HaeR8rFMi0FYBGxthTKEbo=
6,-8,42aWYxUQXNPR56qk6f1ByEEMMF8=,ByPiZA3Td77fOa4GPqiDC3VNAC4=
6,-7,42aWYxUQXNPR56qk6f1ByEEMMF8=,ByPiZA3Td77fOa4GPqiDC3VNAC4=
6,-15,42aWYxUQXNPR56qk6f1ByEEMMF8=,ByPiZA3Td77fOa4GPqiDC3VNAC4=
5,-3,EIU9PJ7CaHlXlhXgHvRE/VYMep0=,hFHoUfKR+EOPTrrzkXNg1pJMB2A=
5,-11,EIU9PJ7CaHlXlhXgHvRE/VYMep0=,hFHoUfKR+EOPTrrzkXNg1pJMB2A=
5,-4,EIU9PJ7CaHlXlhXgHvRE/VYMep0=,hFHoUfKR+EOPTrrzkXNg1pJMB2A=
5,-12,EIU9PJ7CaHlXlhXgHvRE/VYMep0=,hFHoUfKR+EOPTrrzkXNg1pJMB2A=
5,-1,EIU9PJ7CaHlXlhXgHvRE/VYMep0=,hFHoUfKR+EOPTrrzkXNg1pJMB2A=
5,-9,EIU9PJ7CaHlXlhXgHvRE/VYMep0=,hFHoUfKR+EOPTrrzkXNg1pJMB2A=
5,-2,EIU9PJ7CaHlXlhXgHvRE/VYMep0=,hFHoUfKR+EOPTrrzkXNg1pJMB2A=
5,-10,EIU9PJ7CaHlXlhXgHvRE/VYMep0=,hFHoUfKR+EOPTrrzkXNg1pJMB2A=
5,-7,EIU9PJ7CaHlXlhXgHvRE/VYMep0=,hFHoUfKR+EOPTrrzkXNg1pJMB2A=
5,-15,EIU9PJ7CaHlXlhXgHvRE/VYMep0=,hFHoUfKR+EOPTrrzkXNg1pJMB2A=
5,-8,EIU9PJ7CaHlXlhXgHvRE/VYMep0=,hFHoUfKR+EOPTrrzkXNg1pJMB2A=
5,-5,EIU9PJ7CaHlXlhXgHvRE/VYMep0=,QuwdjVzDcypuZJekJb0qJuMJtnk=
5,-13,EIU9PJ7CaHlXlhXgHvRE/VYMep0=,QuwdjVzDcypuZJekJb0qJuMJtnk=
5,-6,EIU9PJ7CaHlXlhXgHvRE/VYMep0=,QuwdjVzDcypuZJekJb0qJuMJtnk=
5,-14,EIU9PJ7CaHlXlhXgHvRE/VYMep0=,QuwdjVzDcypuZJekJb0qJuMJtnk=
4,-4,EIU9PJ7CaHlXlhXgHvRE/VYMep0=,izD4WUnImknj4M86rPkTrq3S4cM=
4,-12,EIU9PJ7CaHlXlhXgHvRE/VYMep0=,izD4WUnImknj4M86rPkTrq3S4cM=
4,-3,EIU9PJ7CaHlXlhXgHvRE/VYMep0=,izD4WUnImknj4M86rPkTrq3S4cM=
4,-11,EIU9PJ7CaHlXlhXgHvRE/VYMep0=,izD4WUnImknj4M86rPkTrq3S4cM=
4,-2,EIU9PJ7CaHlXlhXgHvRE/VYMep0=,izD4WUnImknj4M86rPkTrq3S4cM=
4,-10,EIU9PJ7CaHlXlhXgHvRE/VYMep0=,izD4WUnImknj4M86rPkTrq3S4cM=
4,-1,EIU9PJ7CaHlXlhXgHvRE/VYMep0=,izD4WUnImknj4M86rPkTrq3S4cM=
4,-9,EIU9PJ7CaHlXlhXgHvRE/VYMep0=,izD4WUnImknj4M86rPkTrq3S4cM=
4,-8,EIU9PJ7CaHlXlhXgHvRE/VYMep0=,izD4WUnImknj4M86rPkTrq3S4cM=
4,-7,EIU9PJ7CaHlXlhXgHvRE/VYMep0=,izD4WUnImknj4M86rPkTrq3S4cM=
4,-15,EIU9PJ7CaHlXlhXgHvRE/VYMep0=,izD4WUnImknj4M86rPkTrq3S4cM=
4,-6,EIU9PJ7CaHlXlhXgHvRE/VYMep0=,izD4WUnImknj4M86rPkTrq3S4cM=
4,-14,EIU9PJ7CaHlXlhXgHvRE/VYMep0=,OrlFNkvs0k394XqIWXDvFqxE8jg=
4,-5,EIU9PJ7CaHlXlhXgHvRE/VYMep0=,5Goj898VczNWQCNMYuN6G0Gi3WY=
4,-13,EIU9PJ7CaHlXlhXgHvRE/VYMep0=,5Goj898VczNWQCNMYuN6G0Gi3WY=
3,-5,EIU9PJ7CaHlXlhXgHvRE/VYMep0=,l8VbAr+/VSmXDMxMfjCjJt5LKW0=
3,-13,EIU9PJ7CaHlXlhXgHvRE/VYMep0=,l8VbAr+/VSmXDMxMfjCjJt5LKW0=
3,-6,EIU9PJ7CaHlXlhXgHvRE/VYMep0=,l8VbAr+/VSmXDMxMfjCjJt5LKW0=
3,-14,EIU9PJ7CaHlXlhXgHvRE/VYMep0=,l8VbAr+/VSmXDMxMfjCjJt5LKW0=
3,-7,EIU9PJ7CaHlXlhXgHvRE/VYMep0=,l8VbAr+/VSmXDMxMfjCjJt5LKW0=
3,-15,EIU9PJ7CaHlXlhXgHvRE/VYMep0=,l8VbAr+/VSmXDMxMfjCjJt5LKW0=
3,-8,EIU9PJ7CaHlXlhXgHvRE/VYMep0=,l8VbAr+/VSmXDMxMfjCjJt5LKW0=
3,-1,EIU9PJ7CaHlXlhXgHvRE/VYMep0=,l8VbAr+/VSmXDMxMfjCjJt5LKW0=
3,-9,EIU9PJ7CaHlXlhXgHvRE/VYMep0=,l8VbAr+/VSmXDMxMfjCjJt5LKW0=
3,-2,EIU9PJ7CaHlXlhXgHvRE/VYMep0=,l8VbAr+/VSmXDMxMfjCjJt5LKW0=
3,-10,EIU9PJ7CaHlXlhXgHvRE/VYMep0=,l8VbAr+/VSmXDMxMfjCjJt5LKW0=
3,-3,EIU9PJ7CaHlXlhXgHvRE/VYMep0=,l8VbAr+/VSmXDMxMfjCjJt5LKW0=
3,-11,EIU9PJ7CaHlXlhXgHvRE/VYMep0=,l8VbAr+/VSmXDMxMfjCjJt5LKW0=
3,-4,EIU9PJ7CaHlXlhXgHvRE/VYMep0=,l8VbAr+/VSmXDMxMfjCjJt5LKW0=
3,-12,EIU9PJ7CaHlXlhXgHvRE/VYMep0=,GVvax8KsurGyzjx5kbb+QxqiS64=
2,-6,EIU9PJ7CaHlXlhXgHvRE/VYMep0=,/RDz+w42RRpRQNW6DBL9B9K/yqs=
2,-14,EIU9PJ7CaHlXlhXgHvRE/VYMep0=,/RDz+w42RRpRQNW6DBL9B9K/yqs=
2,-5,EIU9PJ7CaHlXlhXgHvRE/VYMep0=,/RDz+w42RRpRQNW6DBL9B9K/yqs=
2,-13,EIU9PJ7CaHlXlhXgHvRE/VYMep0=,/RDz+w42RRpRQNW6DBL9B9K/yqs=
2,-8,EIU9PJ7CaHlXlhXgHvRE/VYMep0=,/RDz+w42RRpRQNW6DBL9B9K/yqs=
2,-7,EIU9PJ7CaHlXlhXgHvRE/VYMep0=,/RDz+w42RRpRQNW6DBL9B9K/yqs=
2,-15,EIU9PJ7CaHlXlhXgHvRE/VYMep0=,/RDz+w42RRpRQNW6DBL9B9K/yqs=
2,-2,EIU9PJ7CaHlXlhXgHvRE/VYMep0=,/RDz+w42RRpRQNW6DBL9B9K/yqs=
2,-10,EIU9PJ7CaHlXlhXgHvRE/VYMep0=,/RDz+w42RRpRQNW6DBL9B9K/yqs=
2,-1,EIU9PJ7CaHlXlhXgHvRE/VYMep0=,/RDz+w42RRpRQNW6DBL9B9K/yqs=
2,-9,EIU9PJ7CaHlXlhXgHvRE/VYMep0=,/RDz+w42RRpRQNW6DBL9B9K/yqs=
2,-4,EIU9PJ7CaHlXlhXgHvRE/VYMep0=,/RDz+w42RRpRQNW6DBL9B9K/yqs=
2,-12,EIU9PJ7CaHlXlhXgHvRE/VYMep0=,/RDz+w42RRpRQNW6DBL9B9K/yqs=
2,-3,EIU9PJ7CaHlXlhXgHvRE/VYMep0=,/RDz+w42RRpRQNW6DBL9B9K/yqs=
2,-11,EIU9PJ7CaHlXlhXgHvRE/VYMep0=,/RDz+w42RRpRQNW6DBL9B9K/yqs=
1,-7,goxUCbPZK6fYMRBMr+H5zWayE6Y=,rfy0xI8gg4ZjddvWbEiV4NDL5jc=
1,-15,goxUCbPZK6fYMRBMr+H5zWayE6Y=,rfy0xI8gg4ZjddvWbEiV4NDL5jc=
1,-8,goxUCbPZK6fYMRBMr+H5zWayE6Y=,rfy0xI8gg4ZjddvWbEiV4NDL5jc=
1,-5,goxUCbPZK6fYMRBMr+H5zWayE6Y=,rfy0xI8gg4ZjddvWbEiV4NDL5jc=
1,-13,goxUCbPZK6fYMRBMr+H5zWayE6Y=,rfy0xI8gg4ZjddvWbEiV4NDL5jc=
1,-6,goxUCbPZK6fYMRBMr+H5zWayE6Y=,rfy0xI8gg4ZjddvWbEiV4NDL5jc=
1,-14,goxUCbPZK6fYMRBMr+H5zWayE6Y=,rfy0xI8gg4ZjddvWbEiV4NDL5jc=
1,-3,goxUCbPZK6fYMRBMr+H5zWayE6Y=,rfy0xI8gg4ZjddvWbEiV4NDL5jc=
1,-11,goxUCbPZK6fYMRBMr+H5zWayE6Y=,rfy0xI8gg4ZjddvWbEiV4NDL5jc=
1,-4,goxUCbPZK6fYMRBMr+H5zWayE6Y=,rfy0xI8gg4ZjddvWbEiV4NDL5jc=
1,-12,goxUCbPZK6fYMRBMr+H5zWayE6Y=,rfy0xI8gg4ZjddvWbEiV4NDL5jc=
1,-1,goxUCbPZK6fYMRBMr+H5zWayE6Y=,rfy0xI8gg4ZjddvWbEiV4NDL5jc=
1,-9,goxUCbPZK6fYMRBMr+H5zWayE6Y=,rfy0xI8gg4ZjddvWbEiV4NDL5jc=
1,-2,goxUCbPZK6fYMRBMr+H5zWayE6Y=,rfy0xI8gg4ZjddvWbEiV4NDL5jc=
1,-10,goxUCbPZK6fYMRBMr+H5zWayE6Y=,rfy0xI8gg4ZjddvWbEiV4NDL5jc=
0,-8,goxUCbPZK6fYMRBMr+H5zWayE6Y=,iT0mZgkWolhS7N5vMf1xX0EmH6M=
0,-7,goxUCbPZK6fYMRBMr+H5zWayE6Y=,iT0mZgkWolhS7N5vMf1xX0EmH6M=
0,-15,goxUCbPZK6fYMRBMr+H5zWayE6Y=,iT0mZgkWolhS7N5vMf1xX0EmH6M=
0,-6,goxUCbPZK6fYMRBMr+H5zWayE6Y=,iT0mZgkWolhS7N5vMf1xX0EmH6M=
0,-14,goxUCbPZK6fYMRBMr+H5zWayE6Y=,iT0mZgkWolhS7N5vMf1xX0EmH6M=
0,-5,goxUCbPZK6fYMRBMr+H5zWayE6Y=,iT0mZgkWolhS7N5vMf1xX0EmH6M=
0,-13,goxUCbPZK6fYMRBMr+H5zWayE6Y=,iT0mZgkWolhS7N5vMf1xX0EmH6M=
0,-4,goxUCbPZK6fYMRBMr+H5zWayE6Y=,iT0mZgkWolhS7N5vMf1xX0EmH6M=
0,-12,goxUCbPZK6fYMRBMr+H5zWayE6Y=,iT0mZgkWolhS7N5vMf1xX0EmH6M=
0,-3,goxUCbPZK6fYMRBMr+H5zWayE6Y=,iT0mZgkWolhS7N5vMf1xX0EmH6M=
0,-11,goxUCbPZK6fYMRBMr+H5zWayE6Y=,iT0mZgkWolhS7N5vMf1xX0EmH6M=
0,-2,goxUCbPZK6fYMRBMr+H5zWayE6Y=,iT0mZgkWolhS7N5vMf1xX0EmH6M=
0,-10,goxUCbPZK6fYMRBMr+H5zWayE6Y=,iT0mZgkWolhS7N5vMf1xX0EmH6M=
0,-1,goxUCbPZK6fYMRBMr+H5zWayE6Y=,iT0mZgkWolhS7N5vMf1xX0EmH6M=
0,-9,goxUCbPZK6fYMRBMr+H5zWayE6Y=,iT0mZgkWolhS7N5vMf1xX0EmH6M=
