-96,0,aSz2b+yTy4qfJ7U17tPqglvWARk=,MMxCECSiS3T57jJWHE6H7YFpkbs=
-96,1,aSz2b+yTy4qfJ7U17tPqglvWARk=,GPifi83tbeCQe2nYYO+kcvYI8Z8=
-96,2,aSz2b+yTy4qfJ7U17tPqglvWARk=,Ap16WcLj6nBRcb0utxwnCtHBGaA=
-96,3,aSz2b+yTy4qfJ7U17tPqglvWARk=,TS0Mn6pG0oHrRCRruuFNwJdD7Ck=
-96,4,aSz2b+yTy4qfJ7U17tPqglvWARk=,rblKluJbxvBYdWqAlQiPA50gNE0=
-96,5,aSz2b+yTy4qfJ7U17tPqglvWARk=,0xqMtID/GANJgM9emxbZ+9RSIqk=
-96,6,aSz2b+yTy4qfJ7U17tPqglvWARk=,0xqMtID/GANJgM9emxbZ+9RSIqk=
-96,7,aSz2b+yTy4qfJ7U17tPqglvWARk=,0xqMtID/GANJgM9emxbZ+9RSIqk=
-96,8,aSz2b+yTy4qfJ7U17tPqglvWARk=,DFRPIa+qM6nBvm+GQrsIdW2+OE0=
-96,9,aSz2b+yTy4qfJ7U17tPqglvWARk=,cE8mD9i+9S/D7nt2dYFHst0ExbU=
-96,10,aSz2b+yTy4qfJ7U17tPqglvWARk=,cE8mD9i+9S/D7nt2dYFHst0ExbU=
-96,11,aSz2b+yTy4qfJ7U17tPqglvWARk=,62+NCDko39zQ9x+S2A01O/C9qag=
-96,12,aSz2b+yTy4qfJ7U17tPqglvWARk=,71fhHVDb0Tz4kZ0IPcobkzXxsIQ=
-96,13,aSz2b+yTy4qfJ7U17tPqglvWARk=,71fhHVDb0Tz4kZ0IPcobkzXxsIQ=
-96,14,x9C/IhdDBnZ9CmwzU2xQZfUchyA=,LkK7ITII1eoZhtc4NLHqFg43exA=
-96,15,x9C/IhdDBnZ9CmwzU2xQZfUchyA=,QBxHW5ffMqn2zVjpE4Xw1j5QZ9w=
-96,16,x9C/IhdDBnZ9CmwzU2xQZfUchyA=,cZKpH+66fnIJl+6GQU653/heysE=
-96,17,x9C/IhdDBnZ9CmwzU2xQZfUchyA=,quvmPCtvNSJRWLslL9QBFUIsD8g=
-96,18,x9C/IhdDBnZ9CmwzU2xQZfUchyA=,WdsS8RExh/OY3esOZZWWFWOklvY=
-96,19,x9C/IhdDBnZ9CmwzU2xQZfUchyA=,CutNDeyESGZQsjNN+Bynl+ARjQk=
-96,20,x9C/IhdDBnZ9CmwzU2xQZfUchyA=,vzmZA2wC0C7B9FkqGNTbRUAsZ5Y=
-96,21,x9C/IhdDBnZ9CmwzU2xQZfUchyA=,vzmZA2wC0C7B9FkqGNTbRUAsZ5Y=
-96,22,x9C/IhdDBnZ9CmwzU2xQZfUchyA=,1IUNNbGfWxHnxjp2G1GKIQUfPss=
-96,23,x9C/IhdDBnZ9CmwzU2xQZfUchyA=,gPXf4juCBCo1R8H8bFAHfUWGKz8=
-96,24,x9C/IhdDBnZ9CmwzU2xQZfUchyA=,EuZ/wSNLEBs62yX82br3TPVPUe0=
-96,25,x9C/IhdDBnZ9CmwzU2xQZfUchyA=,VygKiuOxUsKKZrKaKZ4H1ch1d6s=
-96,26,x9C/IhdDBnZ9CmwzU2xQZfUchyA=,VygKiuOxUsKKZrKaKZ4H1ch1d6s=
-96,27,x9C/IhdDBnZ9CmwzU2xQZfUchyA=,VygKiuOxUsKKZrKaKZ4H1ch1d6s=
-96,28,x9C/IhdDBnZ9CmwzU2xQZfUchyA=,VygKiuOxUsKKZrKaKZ4H1ch1d6s=
-96,29,x9C/IhdDBnZ9CmwzU2xQZfUchyA=,VygKiuOxUsKKZrKaKZ4H1ch1d6s=
-96,30,x9C/IhdDBnZ9CmwzU2xQZfUchyA=,4aoCjhObYj1EfRyoyA9Y7AXPpOY=
-96,31,x9C/IhdDBnZ9CmwzU2xQZfUchyA=,Nw/hyUx2LvXFroO2ud+rGnV/rgI=
-95,1,x9C/IhdDBnZ9CmwzU2xQZfUchyA=,GPifi83tbeCQe2nYYO+kcvYI8Z8=
-95,0,bu6X+OWJv3aIF4atav3UAnMtjFc=,GPifi83tbeCQe2nYYO+kcvYI8Z8=
-95,3,bu6X+OWJv3aIF4atav3UAnMtjFc=,GPifi83tbeCQe2nYYO+kcvYI8Z8=
-95,2,bu6X+OWJv3aIF4atav3UAnMtjFc=,GPifi83tbeCQe2nYYO+kcvYI8Z8=
-95,5,bu6X+OWJv3aIF4atav3UAnMtjFc=,xFHVpXVlqN9t1z0IMJhfnGvml2c=
-95,4,bu6X+OWJv3aIF4atav3UAnMtjFc=,CH0oN5YK10dG8vXt48lBY+wHF3k=
-95,7,bu6X+OWJv3aIF4atav3UAnMtjFc=,M6kiD1NCsA89csUM6y5U117MrAw=
-95,6,bu6X+OWJv3aIF4atav3UAnMtjFc=,xFHVpXVlqN9t1z0IMJhfnGvml2c=
-95,9,bu6X+OWJv3aIF4atav3UAnMtjFc=,CUs4VzUqj6ElJjJttIIyCHZUQBU=
-95,8,bu6X+OWJv3aIF4atav3UAnMtjFc=,9Y8HUog5PpAt3XAX88oLC2EsOcI=
-95,11,bu6X+OWJv3aIF4atav3UAnMtjFc=,CUs4VzUqj6ElJjJttIIyCHZUQBU=
-95,10,bu6X+OWJv3aIF4atav3UAnMtjFc=,CUs4VzUqj6ElJjJttIIyCHZUQBU=
-95,13,bu6X+OWJv3aIF4atav3UAnMtjFc=,CUs4VzUqj6ElJjJttIIyCHZUQBU=
-95,12,bu6X+OWJv3aIF4atav3UAnMtjFc=,CUs4VzUqj6ElJjJttIIyCHZUQBU=
-95,15,bu6X+OWJv3aIF4atav3UAnMtjFc=,M9J5b81hpRZ3fgR5AeJJwykIi48=
-95,14,JGcN73ogdEAlom9OCQucbyNdjl4=,je+mAbHpzW8hyS258cshf8gg/h8=
-95,17,JGcN73ogdEAlom9OCQucbyNdjl4=,ui/IY1f6eNSxUJjSInmJJKtL8Tc=
-95,16,JGcN73ogdEAlom9OCQucbyNdjl4=,quvmPCtvNSJRWLslL9QBFUIsD8g=
-95,19,JGcN73ogdEAlom9OCQucbyNdjl4=,L5lBK9aT0OV1Mcmsh4Ww0fsh3FA=
-95,18,JGcN73ogdEAlom9OCQucbyNdjl4=,yPPpoHLfnpbeAgsjxBdkGAqedzI=
-95,21,JGcN73ogdEAlom9OCQucbyNdjl4=,bpzOGurJWneH6A2DeAVfI2jQ7ao=
-95,20,JGcN73ogdEAlom9OCQucbyNdjl4=,PqrW7DTqsnXYVSAkZ7eKXQQ03vs=
-95,23,JGcN73ogdEAlom9OCQucbyNdjl4=,pqNgsNEmaJ3ZLt3LCu/Ll7/IxWI=
-95,22,JGcN73ogdEAlom9OCQucbyNdjl4=,IVqkc0wVq7zq5DvfAyVDxCxTyj8=
-95,25,JGcN73ogdEAlom9OCQucbyNdjl4=,0LtHu36ij8sikbG0RhLMedcIaOc=
-95,24,JGcN73ogdEAlom9OCQucbyNdjl4=,GKY3oB5PIBKmN+t/YBJdgyQeil4=
-95,27,JGcN73ogdEAlom9OCQucbyNdjl4=,0LtHu36ij8sikbG0RhLMedcIaOc=
-95,26,JGcN73ogdEAlom9OCQucbyNdjl4=,0LtHu36ij8sikbG0RhLMedcIaOc=
-95,29,JGcN73ogdEAlom9OCQucbyNdjl4=,0LtHu36ij8sikbG0RhLMedcIaOc=
-95,28,/hzlhE/XXnWcGIy6jR4xcDpDH3k=,0LtHu36ij8sikbG0RhLMedcIaOc=
-95,31,/hzlhE/XXnWcGIy6jR4xcDpDH3k=,Nw/hyUx2LvXFroO2ud+rGnV/rgI=
-95,30,/hzlhE/XXnWcGIy6jR4xcDpDH3k=,gZpcdPBHk+/ihWXEn2JAVaGDBC4=
-94,2,/hzlhE/XXnWcGIy6jR4xcDpDH3k=,zhTBZ0rTdy9ltKghS7kyyKufqLk=
-94,3,/hzlhE/XXnWcGIy6jR4xcDpDH3k=,zhTBZ0rTdy9ltKghS7kyyKufqLk=
-94,0,/hzlhE/XXnWcGIy6jR4xcDpDH3k=,f6YA1TTxC4fTYtrRnVzNtbdZhsg=
-94,1,/hzlhE/XXnWcGIy6jR4xcDpDH3k=,AUwAjV17MBsKD91RHZjQcK3vG08=
-94,6,/hzlhE/XXnWcGIy6jR4xcDpDH3k=,3B5gHJ9nfdJV9civT5Bc9xRHmYE=
-94,7,/hzlhE/XXnWcGIy6jR4xcDpDH3k=,7mdxY3xaVoV4ZZEVsHJ8Nx5HmGE=
-94,4,/hzlhE/XXnWcGIy6jR4xcDpDH3k=,WkfgRidnT4rSWe+98Mw3ZLyHTLQ=
-94,5,/hzlhE/XXnWcGIy6jR4xcDpDH3k=,4RWnsgLm/E1VHBMtf/L/PwxcyxU=
-94,10,/hzlhE/XXnWcGIy6jR4xcDpDH3k=,O/lT1uBE+XEX3qNu1AraZKXG+rE=
-94,11,/hzlhE/XXnWcGIy6jR4xcDpDH3k=,IYHfNGZRaSHLyYTI5QqiAf+JF3U=
-94,8,2AN6yLQnAqA8Cpr3ZNLXgIrvNm4=,WH9yCyIFRggvLb99RlhKNejssbQ=
-94,9,2AN6yLQnAqA8Cpr3ZNLXgIrvNm4=,mOvNDyHFXGSCxKAVL3lkvOv7El0=
-94,14,2AN6yLQnAqA8Cpr3ZNLXgIrvNm4=,kv27NfFKlkbyp0yvEe+Op4JQigg=
-94,15,2AN6yLQnAqA8Cpr3ZNLXgIrvNm4=,XGXqRr9e0+UQnHW2Sw/wCXDwphA=
-94,12,2AN6yLQnAqA8Cpr3ZNLXgIrvNm4=,Z9LTN/drNNimBqNnlZH9xxes/yU=
-94,13,2AN6yLQnAqA8Cpr3ZNLXgIrvNm4=,kv27NfFKlkbyp0yvEe+Op4JQigg=
-94,18,2AN6yLQnAqA8Cpr3ZNLXgIrvNm4=,cZKpH+66fnIJl+6GQU653/heysE=
-94,19,2AN6yLQnAqA8Cpr3ZNLXgIrvNm4=,NF54uVXKlE9a8JFAnl1teqsuxAA=
-94,16,2AN6yLQnAqA8Cpr3ZNLXgIrvNm4=,cqhT6op2PFDlXVA7k/wzTkYQoXw=
-94,17,2AN6yLQnAqA8Cpr3ZNLXgIrvNm4=,cBVzSYEW+oYzpGMUsAslXK0zATg=
-94,22,2AN6yLQnAqA8Cpr3ZNLXgIrvNm4=,pqNgsNEmaJ3ZLt3LCu/Ll7/IxWI=
-94,23,2AN6yLQnAqA8Cpr3ZNLXgIrvNm4=,pqNgsNEmaJ3ZLt3LCu/Ll7/IxWI=
-94,20,2AN6yLQnAqA8Cpr3ZNLXgIrvNm4=,LEH8n+C1VGdDznb4TYy94Jc003I=
-94,21,2AN6yLQnAqA8Cpr3ZNLXgIrvNm4=,pqNgsNEmaJ3ZLt3LCu/Ll7/IxWI=
-94,26,2AN6yLQnAqA8Cpr3ZNLXgIrvNm4=,0LtHu36ij8sikbG0RhLMedcIaOc=
-94,27,rsyGEt8V4kG47HJd3Y/yVfCGEA0=,YcCBg/uYJgKepxM7KTIovSRiVIU=
-94,24,rsyGEt8V4kG47HJd3Y/yVfCGEA0=,GKY3oB5PIBKmN+t/YBJdgyQeil4=
-94,25,rsyGEt8V4kG47HJd3Y/yVfCGEA0=,0LtHu36ij8sikbG0RhLMedcIaOc=
-94,30,rsyGEt8V4kG47HJd3Y/yVfCGEA0=,fivhpbbISpM03lzkUPHfmOgvn0Y=
-94,31,rsyGEt8V4kG47HJd3Y/yVfCGEA0=,Nw/hyUx2LvXFroO2ud+rGnV/rgI=
-94,28,rsyGEt8V4kG47HJd3Y/yVfCGEA0=,y8ysUaoXy9KXNX7tSFxkIrz4bY8=
-94,29,rsyGEt8V4kG47HJd3Y/yVfCGEA0=,y8ysUaoXy9KXNX7tSFxkIrz4bY8=
-93,3,rsyGEt8V4kG47HJd3Y/yVfCGEA0=,zaADN3cBVu/HWSHOY4vzvHDIhH8=
-93,2,rsyGEt8V4kG47HJd3Y/yVfCGEA0=,zaADN3cBVu/HWSHOY4vzvHDIhH8=
-93,1,rsyGEt8V4kG47HJd3Y/yVfCGEA0=,rSY7ipvR4ql0BvYsGKHudfP+tzw=
-93,0,rsyGEt8V4kG47HJd3Y/yVfCGEA0=,aXd0vrJwO4AC0IWp6NgcFI95ZeQ=
-93,7,rsyGEt8V4kG47HJd3Y/yVfCGEA0=,0xqMtID/GANJgM9emxbZ+9RSIqk=
-93,6,rsyGEt8V4kG47HJd3Y/yVfCGEA0=,xLZ/w9aynx3R4QMg3VAUdfI59HI=
-93,5,rsyGEt8V4kG47HJd3Y/yVfCGEA0=,UILB5e8Bh8ZLbevTR1kfgFJfH4E=
-93,4,rsyGEt8V4kG47HJd3Y/yVfCGEA0=,zaADN3cBVu/HWSHOY4vzvHDIhH8=
-93,11,hfHrhseyK9y2jq15k8bp9c1QpUs=,cE8mD9i+9S/D7nt2dYFHst0ExbU=
-93,10,hfHrhseyK9y2jq15k8bp9c1QpUs=,0My47/ucuBsIzmW+bF95C03TkJ4=
-93,9,hfHrhseyK9y2jq15k8bp9c1QpUs=,+mFOs97wBIkeie0GQr8z0FEVHQE=
-93,8,hfHrhseyK9y2jq15k8bp9c1QpUs=,cE8mD9i+9S/D7nt2dYFHst0ExbU=
-93,15,hfHrhseyK9y2jq15k8bp9c1QpUs=,DoJby1Hcpf5hatXRO2/TOPgx4kY=
-93,14,hfHrhseyK9y2jq15k8bp9c1QpUs=,DoJby1Hcpf5hatXRO2/TOPgx4kY=
-93,13,hfHrhseyK9y2jq15k8bp9c1QpUs=,DoJby1Hcpf5hatXRO2/TOPgx4kY=
-93,12,hfHrhseyK9y2jq15k8bp9c1QpUs=,hMXXq2DPgNi8RxYqdoZhj7z8bqs=
-93,19,hfHrhseyK9y2jq15k8bp9c1QpUs=,NF54uVXKlE9a8JFAnl1teqsuxAA=
-93,18,hfHrhseyK9y2jq15k8bp9c1QpUs=,cZKpH+66fnIJl+6GQU653/heysE=
-93,17,hfHrhseyK9y2jq15k8bp9c1QpUs=,cZKpH+66fnIJl+6GQU653/heysE=
-93,16,hfHrhseyK9y2jq15k8bp9c1QpUs=,cZKpH+66fnIJl+6GQU653/heysE=
-93,23,hfHrhseyK9y2jq15k8bp9c1QpUs=,pqNgsNEmaJ3ZLt3LCu/Ll7/IxWI=
-93,22,hfHrhseyK9y2jq15k8bp9c1QpUs=,pqNgsNEmaJ3ZLt3LCu/Ll7/IxWI=
-93,21,hfHrhseyK9y2jq15k8bp9c1QpUs=,pqNgsNEmaJ3ZLt3LCu/Ll7/IxWI=
-93,20,tp4HHii70J/wmRwOneZECOcdTCY=,LEH8n+C1VGdDznb4TYy94Jc003I=
-93,27,tp4HHii70J/wmRwOneZECOcdTCY=,EMysB4x0TCq0txIRjnW8beuIS10=
-93,26,tp4HHii70J/wmRwOneZECOcdTCY=,tLTjEVzlhAK038xcLO0uZfmDifU=
-93,25,tp4HHii70J/wmRwOneZECOcdTCY=,tLTjEVzlhAK038xcLO0uZfmDifU=
-93,24,tp4HHii70J/wmRwOneZECOcdTCY=,xX2HbRctik2nLbGmLuC7Z+/TrMY=
-93,31,tp4HHii70J/wmRwOneZECOcdTCY=,5dT2bdgxggPYMfXcwjQdd8aqqiM=
-93,30,tp4HHii70J/wmRwOneZECOcdTCY=,U7PVkwY+nkSHN+l/kxklr283Pw4=
-93,29,tp4HHii70J/wmRwOneZECOcdTCY=,5/lx8R9Pt7IgF6noTnhsFsQkcOg=
-93,28,tp4HHii70J/wmRwOneZECOcdTCY=,5/lx8R9Pt7IgF6noTnhsFsQkcOg=
-92,4,tp4HHii70J/wmRwOneZECOcdTCY=,gluRbwk21KfeXEztRWgzx5EYdB8=
-92,5,tp4HHii70J/wmRwOneZECOcdTCY=,t6ntFGAShVajhD+2Ia7g6hLCWks=
-92,6,tp4HHii70J/wmRwOneZECOcdTCY=,MeDh0HbMtru5eYy9B1oXovMZp1A=
-92,7,tp4HHii70J/wmRwOneZECOcdTCY=,0WMtrMCbLaprhXttUPNdLKBXaks=
-92,0,tp4HHii70J/wmRwOneZECOcdTCY=,aXd0vrJwO4AC0IWp6NgcFI95ZeQ=
-92,1,tp4HHii70J/wmRwOneZECOcdTCY=,tWRG4k49mOQ0r65X3ntT23Zw0d4=
-92,2,sD/4Vae2G3YE98F7hZXuQVWkkwk=,gluRbwk21KfeXEztRWgzx5EYdB8=
-92,3,sD/4Vae2G3YE98F7hZXuQVWkkwk=,gluRbwk21KfeXEztRWgzx5EYdB8=
-92,12,sD/4Vae2G3YE98F7hZXuQVWkkwk=,hMXXq2DPgNi8RxYqdoZhj7z8bqs=
-92,13,sD/4Vae2G3YE98F7hZXuQVWkkwk=,DoJby1Hcpf5hatXRO2/TOPgx4kY=
-92,14,sD/4Vae2G3YE98F7hZXuQVWkkwk=,DoJby1Hcpf5hatXRO2/TOPgx4kY=
-92,15,sD/4Vae2G3YE98F7hZXuQVWkkwk=,DoJby1Hcpf5hatXRO2/TOPgx4kY=
-92,8,sD/4Vae2G3YE98F7hZXuQVWkkwk=,RFb1oVj0Fq5TNi8CNm0RebcaxXY=
-92,9,sD/4Vae2G3YE98F7hZXuQVWkkwk=,WZln9Tl78CDjYZ1VBDz4OzugOzo=
-92,10,sD/4Vae2G3YE98F7hZXuQVWkkwk=,q8WEJMCYkYIWbshzFo1FQr218xM=
-92,11,sD/4Vae2G3YE98F7hZXuQVWkkwk=,cE8mD9i+9S/D7nt2dYFHst0ExbU=
-92,20,sD/4Vae2G3YE98F7hZXuQVWkkwk=,LEH8n+C1VGdDznb4TYy94Jc003I=
-92,21,sD/4Vae2G3YE98F7hZXuQVWkkwk=,pqNgsNEmaJ3ZLt3LCu/Ll7/IxWI=
-92,22,sD/4Vae2G3YE98F7hZXuQVWkkwk=,v6yITjUgXdiWYIiPqssEZeoW/yI=
-92,23,sD/4Vae2G3YE98F7hZXuQVWkkwk=,qeCJYC2tSfLz0bHfmqq/cMCk+jc=
-92,16,sD/4Vae2G3YE98F7hZXuQVWkkwk=,cZKpH+66fnIJl+6GQU653/heysE=
-92,17,sD/4Vae2G3YE98F7hZXuQVWkkwk=,cZKpH+66fnIJl+6GQU653/heysE=
-92,18,utv66Y0mNLYqQ6S22Jo0bBkMU7c=,FjAx6nySlsuSZizAxn50V92EQnY=
-92,19,utv66Y0mNLYqQ6S22Jo0bBkMU7c=,4Wzvd/WBZ+XCL/HrKATlXxyiBVs=
-92,28,utv66Y0mNLYqQ6S22Jo0bBkMU7c=,oUl76ysVqZHVGFCtyQ2LYGQ6DRM=
-92,29,utv66Y0mNLYqQ6S22Jo0bBkMU7c=,cLlN4AIAwZrV7C/Hyhv6eBlitCg=
-92,30,utv66Y0mNLYqQ6S22Jo0bBkMU7c=,8HY+0ZccOuh8CcPaWymyq/gqTdw=
-92,31,utv66Y0mNLYqQ6S22Jo0bBkMU7c=,bF+FefY44wp2wZ09RqCCgh7ET+s=
-92,24,utv66Y0mNLYqQ6S22Jo0bBkMU7c=,P3LjwpZc/S8+G741Ltvf9TfasVM=
-92,25,utv66Y0mNLYqQ6S22Jo0bBkMU7c=,ranc8DdBr+vbltOI5h4taWLHPcg=
-92,26,utv66Y0mNLYqQ6S22Jo0bBkMU7c=,ranc8DdBr+vbltOI5h4taWLHPcg=
-92,27,utv66Y0mNLYqQ6S22Jo0bBkMU7c=,nQ0r0BnTcjGgiXvADHTjLthKGs8=
-91,5,utv66Y0mNLYqQ6S22Jo0bBkMU7c=,GSKU2+ri4M8JJscHB7FaV2BeF04=
-91,4,utv66Y0mNLYqQ6S22Jo0bBkMU7c=,GSKU2+ri4M8JJscHB7FaV2BeF04=
-91,7,utv66Y0mNLYqQ6S22Jo0bBkMU7c=,GSKU2+ri4M8JJscHB7FaV2BeF04=
-91,6,qSpQt1s93MCCATTqDNxEXf2Ly+w=,GSKU2+ri4M8JJscHB7FaV2BeF04=
-91,1,qSpQt1s93MCCATTqDNxEXf2Ly+w=,2R5qdvIOa8/A7feS/LFHorEuF+0=
-91,0,qSpQt1s93MCCATTqDNxEXf2Ly+w=,aXd0vrJwO4AC0IWp6NgcFI95ZeQ=
-91,3,qSpQt1s93MCCATTqDNxEXf2Ly+w=,GSKU2+ri4M8JJscHB7FaV2BeF04=
-91,2,qSpQt1s93MCCATTqDNxEXf2Ly+w=,GSKU2+ri4M8JJscHB7FaV2BeF04=
-91,13,qSpQt1s93MCCATTqDNxEXf2Ly+w=,DoJby1Hcpf5hatXRO2/TOPgx4kY=
-91,12,qSpQt1s93MCCATTqDNxEXf2Ly+w=,ymQWGXuYQJ2+0eaD/bsGoORtor4=
-91,15,qSpQt1s93MCCATTqDNxEXf2Ly+w=,DoJby1Hcpf5hatXRO2/TOPgx4kY=
-91,14,qSpQt1s93MCCATTqDNxEXf2Ly+w=,DoJby1Hcpf5hatXRO2/TOPgx4kY=
-91,9,qSpQt1s93MCCATTqDNxEXf2Ly+w=,0xqMtID/GANJgM9emxbZ+9RSIqk=
-91,8,qSpQt1s93MCCATTqDNxEXf2Ly+w=,B9/PxtyR9rU5WuLODovOUgkD0Vw=
-91,11,qSpQt1s93MCCATTqDNxEXf2Ly+w=,84l0Gxfy9g4ipPmLeTh5PhTg0D4=
-91,10,qSpQt1s93MCCATTqDNxEXf2Ly+w=,4zouivEhi4m34aIPExQgnlXL/38=
-91,21,qSpQt1s93MCCATTqDNxEXf2Ly+w=,pqNgsNEmaJ3ZLt3LCu/Ll7/IxWI=
-91,20,0/Sb73RHy/zc0Lmrlaeb2ULwiZ8=,LEH8n+C1VGdDznb4TYy94Jc003I=
-91,23,0/Sb73RHy/zc0Lmrlaeb2ULwiZ8=,AV1PDLgqZO1bBO+OJrEQWfQ8Nl4=
-91,22,0/Sb73RHy/zc0Lmrlaeb2ULwiZ8=,9YBcFu6Bm+lDkI+z7fagp5IoDRc=
-91,17,0/Sb73RHy/zc0Lmrlaeb2ULwiZ8=,XpUCgDNJC55xjMwjgkCgK1BHWk0=
-91,16,0/Sb73RHy/zc0Lmrlaeb2ULwiZ8=,FjAx6nySlsuSZizAxn50V92EQnY=
-91,19,0/Sb73RHy/zc0Lmrlaeb2ULwiZ8=,wBgxmhCuO/iIj4/KEEFjlLsP49A=
-91,18,0/Sb73RHy/zc0Lmrlaeb2ULwiZ8=,4Wzvd/WBZ+XCL/HrKATlXxyiBVs=
-91,29,0/Sb73RHy/zc0Lmrlaeb2ULwiZ8=,ranc8DdBr+vbltOI5h4taWLHPcg=
-91,28,0/Sb73RHy/zc0Lmrlaeb2ULwiZ8=,Qq1ZoZfuogi5T2HRyVfyvFkEIeQ=
-91,31,0/Sb73RHy/zc0Lmrlaeb2ULwiZ8=,bF+FefY44wp2wZ09RqCCgh7ET+s=
-91,30,0/Sb73RHy/zc0Lmrlaeb2ULwiZ8=,ranc8DdBr+vbltOI5h4taWLHPcg=
-91,25,0/Sb73RHy/zc0Lmrlaeb2ULwiZ8=,2159BbnmBe4HD/f0Mg7WF0QxwZ0=
-91,24,0/Sb73RHy/zc0Lmrlaeb2ULwiZ8=,iDlEwFhfcLtz+qjnFhrkTX+HR3Y=
-91,27,0/Sb73RHy/zc0Lmrlaeb2ULwiZ8=,zRVFP9OaM7grcvZdYwlhKRcIiaQ=
-91,26,xqH/unIFKW2Zss/UDcu9CL+AU5k=,p9H66qqyqm3jXO90fov88EloJ0A=
-90,6,xqH/unIFKW2Zss/UDcu9CL+AU5k=,GSKU2+ri4M8JJscHB7FaV2BeF04=
-90,7,xqH/unIFKW2Zss/UDcu9CL+AU5k=,GSKU2+ri4M8JJscHB7FaV2BeF04=
-90,4,xqH/unIFKW2Zss/UDcu9CL+AU5k=,GSKU2+ri4M8JJscHB7FaV2BeF04=
-90,5,xqH/unIFKW2Zss/UDcu9CL+AU5k=,GSKU2+ri4M8JJscHB7FaV2BeF04=
-90,2,xqH/unIFKW2Zss/UDcu9CL+AU5k=,GSKU2+ri4M8JJscHB7FaV2BeF04=
-90,3,xqH/unIFKW2Zss/UDcu9CL+AU5k=,GSKU2+ri4M8JJscHB7FaV2BeF04=
-90,0,xqH/unIFKW2Zss/UDcu9CL+AU5k=,aXd0vrJwO4AC0IWp6NgcFI95ZeQ=
-90,1,xqH/unIFKW2Zss/UDcu9CL+AU5k=,2R5qdvIOa8/A7feS/LFHorEuF+0=
-90,14,xqH/unIFKW2Zss/UDcu9CL+AU5k=,DoJby1Hcpf5hatXRO2/TOPgx4kY=
-90,15,xqH/unIFKW2Zss/UDcu9CL+AU5k=,DoJby1Hcpf5hatXRO2/TOPgx4kY=
-90,12,xqH/unIFKW2Zss/UDcu9CL+AU5k=,DoJby1Hcpf5hatXRO2/TOPgx4kY=
-90,13,xqH/unIFKW2Zss/UDcu9CL+AU5k=,DoJby1Hcpf5hatXRO2/TOPgx4kY=
-90,10,xqH/unIFKW2Zss/UDcu9CL+AU5k=,4zouivEhi4m34aIPExQgnlXL/38=
-90,11,qqaXvuVUmvVuC99qTqbUC4eqEnk=,hMXXq2DPgNi8RxYqdoZhj7z8bqs=
-90,8,qqaXvuVUmvVuC99qTqbUC4eqEnk=,B9/PxtyR9rU5WuLODovOUgkD0Vw=
-90,9,qqaXvuVUmvVuC99qTqbUC4eqEnk=,0xqMtID/GANJgM9emxbZ+9RSIqk=
-90,22,qqaXvuVUmvVuC99qTqbUC4eqEnk=,904UZPPcmboICwitK1xypUF3ir4=
-90,23,qqaXvuVUmvVuC99qTqbUC4eqEnk=,SVM+dxWvWLvcc/gqfd5mEwH4Bng=
-90,20,qqaXvuVUmvVuC99qTqbUC4eqEnk=,N9SQQgSVhHMw08mTrq2k/iZC5Z0=
-90,21,qqaXvuVUmvVuC99qTqbUC4eqEnk=,1hHr8/1n5hxM0+iZE15cxouVRHk=
-90,18,qqaXvuVUmvVuC99qTqbUC4eqEnk=,LvLPCOqtXvp6eqBa1gtDCbevPd8=
-90,19,qqaXvuVUmvVuC99qTqbUC4eqEnk=,LvLPCOqtXvp6eqBa1gtDCbevPd8=
-90,16,qqaXvuVUmvVuC99qTqbUC4eqEnk=,a5A41OC1bvnk7gcT9iuwPfBH99E=
-90,17,qqaXvuVUmvVuC99qTqbUC4eqEnk=,LvLPCOqtXvp6eqBa1gtDCbevPd8=
-90,30,qqaXvuVUmvVuC99qTqbUC4eqEnk=,ranc8DdBr+vbltOI5h4taWLHPcg=
-90,31,qqaXvuVUmvVuC99qTqbUC4eqEnk=,bF+FefY44wp2wZ09RqCCgh7ET+s=
-90,28,qqaXvuVUmvVuC99qTqbUC4eqEnk=,Qq1ZoZfuogi5T2HRyVfyvFkEIeQ=
-90,29,qqaXvuVUmvVuC99qTqbUC4eqEnk=,ranc8DdBr+vbltOI5h4taWLHPcg=
-90,26,qqaXvuVUmvVuC99qTqbUC4eqEnk=,tbJJpvaqXa2gZI/QeicUmw1z8aw=
-90,27,0tKRdvSH3chNFJY+r6Dx4rQcu7E=,5/lx8R9Pt7IgF6noTnhsFsQkcOg=
-90,24,0tKRdvSH3chNFJY+r6Dx4rQcu7E=,6Em12tWvWs986mDZhXV/S/CwRK0=
-90,25,0tKRdvSH3chNFJY+r6Dx4rQcu7E=,OO8HwnE//Ys8+TxJK6ymkMTcZeg=
-89,7,0tKRdvSH3chNFJY+r6Dx4rQcu7E=,E18CazjT0khXPxWpvUjndm2wjtE=
-89,6,0tKRdvSH3chNFJY+r6Dx4rQcu7E=,GSKU2+ri4M8JJscHB7FaV2BeF04=
-89,5,0tKRdvSH3chNFJY+r6Dx4rQcu7E=,GSKU2+ri4M8JJscHB7FaV2BeF04=
-89,4,0tKRdvSH3chNFJY+r6Dx4rQcu7E=,GSKU2+ri4M8JJscHB7FaV2BeF04=
-89,3,0tKRdvSH3chNFJY+r6Dx4rQcu7E=,GSKU2+ri4M8JJscHB7FaV2BeF04=
-89,2,0tKRdvSH3chNFJY+r6Dx4rQcu7E=,GSKU2+ri4M8JJscHB7FaV2BeF04=
-89,1,0tKRdvSH3chNFJY+r6Dx4rQcu7E=,xIU0NPsB/cQC+Y65By+JF7ePdek=
-89,0,0tKRdvSH3chNFJY+r6Dx4rQcu7E=,0huazQIumeA9MjP95JjYYU01FTA=
-89,15,0tKRdvSH3chNFJY+r6Dx4rQcu7E=,DoJby1Hcpf5hatXRO2/TOPgx4kY=
-89,14,0tKRdvSH3chNFJY+r6Dx4rQcu7E=,DoJby1Hcpf5hatXRO2/TOPgx4kY=
-89,13,0tKRdvSH3chNFJY+r6Dx4rQcu7E=,DoJby1Hcpf5hatXRO2/TOPgx4kY=
-89,12,0tKRdvSH3chNFJY+r6Dx4rQcu7E=,DoJby1Hcpf5hatXRO2/TOPgx4kY=
-89,11,TuWlVVZ8FKZmF5NP6cPRprnJOco=,ymQWGXuYQJ2+0eaD/bsGoORtor4=
-89,10,TuWlVVZ8FKZmF5NP6cPRprnJOco=,yNWXN57t56ZF/+5O5zzswnBEDX8=
-89,9,TuWlVVZ8FKZmF5NP6cPRprnJOco=,rnqKKUHRA8tFmV3nKv6h/fLXDNc=
-89,8,TuWlVVZ8FKZmF5NP6cPRprnJOco=,FMfpqoVdLhTT6Asic5KcyaaDdZ0=
-89,23,TuWlVVZ8FKZmF5NP6cPRprnJOco=,cZKpH+66fnIJl+6GQU653/heysE=
-89,22,TuWlVVZ8FKZmF5NP6cPRprnJOco=,SVM+dxWvWLvcc/gqfd5mEwH4Bng=
-89,21,TuWlVVZ8FKZmF5NP6cPRprnJOco=,MxL2vFVl/IloeWjiH8Ntf2hsfrs=
-89,20,TuWlVVZ8FKZmF5NP6cPRprnJOco=,MxL2vFVl/IloeWjiH8Ntf2hsfrs=
-89,19,TuWlVVZ8FKZmF5NP6cPRprnJOco=,MxL2vFVl/IloeWjiH8Ntf2hsfrs=
-89,18,TuWlVVZ8FKZmF5NP6cPRprnJOco=,MxL2vFVl/IloeWjiH8Ntf2hsfrs=
-89,17,TuWlVVZ8FKZmF5NP6cPRprnJOco=,MxL2vFVl/IloeWjiH8Ntf2hsfrs=
-89,16,TuWlVVZ8FKZmF5NP6cPRprnJOco=,qd45w9FurPhR9BOLJNDHIf2lacA=
-89,31,TuWlVVZ8FKZmF5NP6cPRprnJOco=,bF+FefY44wp2wZ09RqCCgh7ET+s=
-89,30,TuWlVVZ8FKZmF5NP6cPRprnJOco=,ranc8DdBr+vbltOI5h4taWLHPcg=
-89,29,TuWlVVZ8FKZmF5NP6cPRprnJOco=,ranc8DdBr+vbltOI5h4taWLHPcg=
-89,28,I4pKCxeUsafhee/NNFFTP51VtBQ=,8HY+0ZccOuh8CcPaWymyq/gqTdw=
-89,27,I4pKCxeUsafhee/NNFFTP51VtBQ=,cLlN4AIAwZrV7C/Hyhv6eBlitCg=
-89,26,I4pKCxeUsafhee/NNFFTP51VtBQ=,cLlN4AIAwZrV7C/Hyhv6eBlitCg=
-89,25,I4pKCxeUsafhee/NNFFTP51VtBQ=,NVwGxazhgaBp1OBc32gFjlTZ5pc=
-89,24,I4pKCxeUsafhee/NNFFTP51VtBQ=,s0yDbDv0RCdbX0duIy441UaUxkU=
-88,8,I4pKCxeUsafhee/NNFFTP51VtBQ=,p8/6FyJJMu+amGGzRRcT4duyd+M=
-88,9,I4pKCxeUsafhee/NNFFTP51VtBQ=,za6QtAjT+b9tzzvJv4kiza93spM=
-88,10,I4pKCxeUsafhee/NNFFTP51VtBQ=,BzaTt3NJUDhIL8oYP//09HH3HYU=
-88,11,I4pKCxeUsafhee/NNFFTP51VtBQ=,9JBpz4gQjKOeejh/YhXReiWKapM=
-88,12,I4pKCxeUsafhee/NNFFTP51VtBQ=,UlegCQIHr3YW98MLVwvEd9KXwg0=
-88,13,I4pKCxeUsafhee/NNFFTP51VtBQ=,za6QtAjT+b9tzzvJv4kiza93spM=
-88,14,I4pKCxeUsafhee/NNFFTP51VtBQ=,lA3PrfD1R5oZ7NXf5qyg7vEqmpk=
-88,15,I4pKCxeUsafhee/NNFFTP51VtBQ=,Y40jQUwJLcDaQXRegK7MGLa1360=
-88,0,I4pKCxeUsafhee/NNFFTP51VtBQ=,S5Ujh5zt6cINWTZK3I/TXhMthNQ=
-88,1,I4pKCxeUsafhee/NNFFTP51VtBQ=,S5Ujh5zt6cINWTZK3I/TXhMthNQ=
-88,2,PsXFtizW9fedUQIjNOu/sXxHJUI=,S5Ujh5zt6cINWTZK3I/TXhMthNQ=
-88,3,PsXFtizW9fedUQIjNOu/sXxHJUI=,S5Ujh5zt6cINWTZK3I/TXhMthNQ=
-88,4,PsXFtizW9fedUQIjNOu/sXxHJUI=,S5Ujh5zt6cINWTZK3I/TXhMthNQ=
-88,5,PsXFtizW9fedUQIjNOu/sXxHJUI=,incxdkxUTnsuU1L4LfB7jB/GE3k=
-88,6,PsXFtizW9fedUQIjNOu/sXxHJUI=,WYP7vtClSr+XOxEeaSuff/ggws4=
-88,7,PsXFtizW9fedUQIjNOu/sXxHJUI=,rgSaWVeY/i/NAYIn2LWkUzWJI+M=
-88,24,PsXFtizW9fedUQIjNOu/sXxHJUI=,JcURuTtNhkn/rewBV5A6UZwqjbM=
-88,25,PsXFtizW9fedUQIjNOu/sXxHJUI=,JcURuTtNhkn/rewBV5A6UZwqjbM=
-88,26,PsXFtizW9fedUQIjNOu/sXxHJUI=,0MO/WFd7dN5Px0s+U7YdMxI3YcU=
-88,27,PsXFtizW9fedUQIjNOu/sXxHJUI=,eCsC5hchY8LxSQqJbIWQYxy/Smk=
-88,28,PsXFtizW9fedUQIjNOu/sXxHJUI=,uZr+qCaQf8r1VWY6Z3axuFNg0aM=
-88,29,PsXFtizW9fedUQIjNOu/sXxHJUI=,o1pqID560Y5nuvypFLMviTUGtOQ=
-88,30,PsXFtizW9fedUQIjNOu/sXxHJUI=,o1pqID560Y5nuvypFLMviTUGtOQ=
-88,31,PsXFtizW9fedUQIjNOu/sXxHJUI=,iUMUiDYzeS/mHoWXwVXsDw8o0sw=
-88,16,PsXFtizW9fedUQIjNOu/sXxHJUI=,p72XoUyJ3hQMqbmXaqbmOXQoqKs=
-88,17,PsXFtizW9fedUQIjNOu/sXxHJUI=,p72XoUyJ3hQMqbmXaqbmOXQoqKs=
-88,18,0o7sHzreCfuGLCTJavmRZGRwX0Q=,p72XoUyJ3hQMqbmXaqbmOXQoqKs=
-88,19,0o7sHzreCfuGLCTJavmRZGRwX0Q=,p72XoUyJ3hQMqbmXaqbmOXQoqKs=
-88,20,0o7sHzreCfuGLCTJavmRZGRwX0Q=,p72XoUyJ3hQMqbmXaqbmOXQoqKs=
-88,21,0o7sHzreCfuGLCTJavmRZGRwX0Q=,p72XoUyJ3hQMqbmXaqbmOXQoqKs=
-88,22,0o7sHzreCfuGLCTJavmRZGRwX0Q=,p72XoUyJ3hQMqbmXaqbmOXQoqKs=
-88,23,0o7sHzreCfuGLCTJavmRZGRwX0Q=,p72XoUyJ3hQMqbmXaqbmOXQoqKs=
-87,9,0o7sHzreCfuGLCTJavmRZGRwX0Q=,za6QtAjT+b9tzzvJv4kiza93spM=
-87,8,0o7sHzreCfuGLCTJavmRZGRwX0Q=,D3jWrQZzgSG054nkYs/9MhlfHGw=
-87,11,0o7sHzreCfuGLCTJavmRZGRwX0Q=,5y02x7ojGCZmiyQa6hLfKr5bwOo=
-87,10,0o7sHzreCfuGLCTJavmRZGRwX0Q=,k+ae4x/EtOZTIKszH7euUMmP0H0=
-87,13,0o7sHzreCfuGLCTJavmRZGRwX0Q=,yAHEfADV6kQeCLpWLK4vsBf9ttQ=
-87,12,0o7sHzreCfuGLCTJavmRZGRwX0Q=,TOASU4c1gUe1aUE5dovBt/TejBA=
-87,15,0o7sHzreCfuGLCTJavmRZGRwX0Q=,00JVCjNzQZDXudeV5FC4DazlqvU=
-87,14,0o7sHzreCfuGLCTJavmRZGRwX0Q=,I4i4e2zGU7Ul08QRU1tdx29Qu7k=
-87,1,0o7sHzreCfuGLCTJavmRZGRwX0Q=,WYP7vtClSr+XOxEeaSuff/ggws4=
-87,0,XmaH9QoMv7SCrMi090dWdIvi/xc=,incxdkxUTnsuU1L4LfB7jB/GE3k=
-87,3,XmaH9QoMv7SCrMi090dWdIvi/xc=,WYP7vtClSr+XOxEeaSuff/ggws4=
-87,2,XmaH9QoMv7SCrMi090dWdIvi/xc=,WYP7vtClSr+XOxEeaSuff/ggws4=
-87,5,XmaH9QoMv7SCrMi090dWdIvi/xc=,PHEsgJlVKSug7UvyC0V+CJbEm4w=
-87,4,XmaH9QoMv7SCrMi090dWdIvi/xc=,rgSaWVeY/i/NAYIn2LWkUzWJI+M=
-87,7,XmaH9QoMv7SCrMi090dWdIvi/xc=,cHkM/CsW22aCux+opVAu5ZspC9Y=
-87,6,XmaH9QoMv7SCrMi090dWdIvi/xc=,lXQiKopPtvp8ItZgUFGjdCc4B80=
-87,25,XmaH9QoMv7SCrMi090dWdIvi/xc=,JcURuTtNhkn/rewBV5A6UZwqjbM=
-87,24,XmaH9QoMv7SCrMi090dWdIvi/xc=,JcURuTtNhkn/rewBV5A6UZwqjbM=
-87,27,XmaH9QoMv7SCrMi090dWdIvi/xc=,wdqLePxt0SpOjJYWoe16KYgfh2k=
-87,26,XmaH9QoMv7SCrMi090dWdIvi/xc=,H5bQ+5AaESvnyRTdy+hmEPnl82c=
-87,29,XmaH9QoMv7SCrMi090dWdIvi/xc=,o1pqID560Y5nuvypFLMviTUGtOQ=
-87,28,XmaH9QoMv7SCrMi090dWdIvi/xc=,HMih91uN89C3Nmi1TYzBMmR6NsE=
-87,31,XmaH9QoMv7SCrMi090dWdIvi/xc=,o1pqID560Y5nuvypFLMviTUGtOQ=
-87,30,XmaH9QoMv7SCrMi090dWdIvi/xc=,o1pqID560Y5nuvypFLMviTUGtOQ=
-87,17,XmaH9QoMv7SCrMi090dWdIvi/xc=,mIYWGkN1R1csRFuz6sKV+8MZFl0=
-87,16,2enFZa9/ARxUljZDhTLGkdtBLcM=,kplJlE8HtOoxwd4+T404+8zZl70=
-87,19,2enFZa9/ARxUljZDhTLGkdtBLcM=,mIYWGkN1R1csRFuz6sKV+8MZFl0=
-87,18,2enFZa9/ARxUljZDhTLGkdtBLcM=,mIYWGkN1R1csRFuz6sKV+8MZFl0=
-87,21,2enFZa9/ARxUljZDhTLGkdtBLcM=,7TuvwSB7ZhXFuBQAaOfd4w0L3Pg=
-87,20,2enFZa9/ARxUljZDhTLGkdtBLcM=,wdBEIASLbBnNsUQqfTkM6Xq0vR8=
-87,23,2enFZa9/ARxUljZDhTLGkdtBLcM=,2WxwHXoi/bqJoQz908YHN8tNRCk=
-87,22,2enFZa9/ARxUljZDhTLGkdtBLcM=,7TuvwSB7ZhXFuBQAaOfd4w0L3Pg=
-86,10,2enFZa9/ARxUljZDhTLGkdtBLcM=,za6QtAjT+b9tzzvJv4kiza93spM=
-86,11,2enFZa9/ARxUljZDhTLGkdtBLcM=,k+ae4x/EtOZTIKszH7euUMmP0H0=
-86,8,2enFZa9/ARxUljZDhTLGkdtBLcM=,SU570KVijE4o09YDMFNN88L74G4=
-86,9,2enFZa9/ARxUljZDhTLGkdtBLcM=,za6QtAjT+b9tzzvJv4kiza93spM=
-86,14,2enFZa9/ARxUljZDhTLGkdtBLcM=,3pv+8PQjXKHYqV7QcAoVRs7Z9qs=
-86,15,2enFZa9/ARxUljZDhTLGkdtBLcM=,00JVCjNzQZDXudeV5FC4DazlqvU=
-86,12,2enFZa9/ARxUljZDhTLGkdtBLcM=,vr3/qoW6ib2DQudBu4LpEbNfmWs=
-86,13,2enFZa9/ARxUljZDhTLGkdtBLcM=,3pv+8PQjXKHYqV7QcAoVRs7Z9qs=
-86,2,C+S4GU9kj/rk6hvLhC1b5O4n9b8=,uOa1tHFn/4zOn3AQaQNiXITYoTM=
-86,3,C+S4GU9kj/rk6hvLhC1b5O4n9b8=,n2a2OT+W5TqLzFk3NnPCEweU5so=
-86,0,C+S4GU9kj/rk6hvLhC1b5O4n9b8=,D5u1ilXe3nigZxjajHrCIGJRBJE=
-86,1,C+S4GU9kj/rk6hvLhC1b5O4n9b8=,uOa1tHFn/4zOn3AQaQNiXITYoTM=
-86,6,C+S4GU9kj/rk6hvLhC1b5O4n9b8=,S5Ujh5zt6cINWTZK3I/TXhMthNQ=
-86,7,C+S4GU9kj/rk6hvLhC1b5O4n9b8=,S5Ujh5zt6cINWTZK3I/TXhMthNQ=
-86,4,C+S4GU9kj/rk6hvLhC1b5O4n9b8=,Q94rq6/brPtxFbPTX06aasNyqM8=
-86,5,C+S4GU9kj/rk6hvLhC1b5O4n9b8=,S5Ujh5zt6cINWTZK3I/TXhMthNQ=
-86,26,C+S4GU9kj/rk6hvLhC1b5O4n9b8=,fN3P9NVbu22rw/NI791m3LQVsdc=
-86,27,C+S4GU9kj/rk6hvLhC1b5O4n9b8=,qnUAhYCYCvQ3J59YMYgHcHD3hPA=
-86,24,C+S4GU9kj/rk6hvLhC1b5O4n9b8=,JcURuTtNhkn/rewBV5A6UZwqjbM=
-86,25,C+S4GU9kj/rk6hvLhC1b5O4n9b8=,DSsHmM0tlu2LGfi5xHREK6lL8KM=
-86,30,C+S4GU9kj/rk6hvLhC1b5O4n9b8=,YTlbR3bozWigKN1M2+nmp3UgVOM=
-86,31,C+S4GU9kj/rk6hvLhC1b5O4n9b8=,HMih91uN89C3Nmi1TYzBMmR6NsE=
-86,28,C+S4GU9kj/rk6hvLhC1b5O4n9b8=,wdqLePxt0SpOjJYWoe16KYgfh2k=
-86,29,C+S4GU9kj/rk6hvLhC1b5O4n9b8=,YTlbR3bozWigKN1M2+nmp3UgVOM=
-86,18,u1VVElFOjLO1pSxYJeBn2kRCqww=,U5MiTO55ph3Q4ggf8hTyKNigsKY=
-86,19,u1VVElFOjLO1pSxYJeBn2kRCqww=,z2W2HZmfAPiFlCheazAAD/rNB4Y=
-86,16,u1VVElFOjLO1pSxYJeBn2kRCqww=,H4MlnXreFlBd3hQb4qOgIrEfNs4=
-86,17,u1VVElFOjLO1pSxYJeBn2kRCqww=,GGmFImiqUclatuoiiscebCkiIlQ=
-86,22,u1VVElFOjLO1pSxYJeBn2kRCqww=,NolxYDnyu1OFawoNcwLtqxigpQI=
-86,23,u1VVElFOjLO1pSxYJeBn2kRCqww=,uz1cwy8RahunFq4UQ/aRPytqJZk=
-86,20,u1VVElFOjLO1pSxYJeBn2kRCqww=,sXLHncGWosE/kcbx/rmeWh3urTk=
-86,21,u1VVElFOjLO1pSxYJeBn2kRCqww=,NolxYDnyu1OFawoNcwLtqxigpQI=
-85,11,u1VVElFOjLO1pSxYJeBn2kRCqww=,za6QtAjT+b9tzzvJv4kiza93spM=
-85,10,u1VVElFOjLO1pSxYJeBn2kRCqww=,za6QtAjT+b9tzzvJv4kiza93spM=
-85,9,u1VVElFOjLO1pSxYJeBn2kRCqww=,za6QtAjT+b9tzzvJv4kiza93spM=
-85,8,u1VVElFOjLO1pSxYJeBn2kRCqww=,SU570KVijE4o09YDMFNN88L74G4=
-85,15,u1VVElFOjLO1pSxYJeBn2kRCqww=,kQL3PbwYApB+ytHVzPsltDvGUng=
-85,14,u1VVElFOjLO1pSxYJeBn2kRCqww=,F/qVconE2kDK8NxdsAzTEtOHbGM=
-85,13,smpL7nCbs87qb/JDw/2f9tLRSxo=,DIUvMwzEyBLSbybx05N4+BRvoiI=
-85,12,smpL7nCbs87qb/JDw/2f9tLRSxo=,4UpPe9VwX17GY762bNnRA19lAvM=
-85,3,smpL7nCbs87qb/JDw/2f9tLRSxo=,MPXXBHyLKFeQBNpNdD5xqxQD+3w=
-85,2,smpL7nCbs87qb/JDw/2f9tLRSxo=,lXQiKopPtvp8ItZgUFGjdCc4B80=
-85,1,smpL7nCbs87qb/JDw/2f9tLRSxo=,lXQiKopPtvp8ItZgUFGjdCc4B80=
-85,0,smpL7nCbs87qb/JDw/2f9tLRSxo=,PHEsgJlVKSug7UvyC0V+CJbEm4w=
-85,7,smpL7nCbs87qb/JDw/2f9tLRSxo=,UL7sSgMbjjCzRV0orIBA+jE9mgk=
-85,6,smpL7nCbs87qb/JDw/2f9tLRSxo=,6Qm8a9pYyq9qdaSKjiQex16MuTA=
-85,5,smpL7nCbs87qb/JDw/2f9tLRSxo=,6Qm8a9pYyq9qdaSKjiQex16MuTA=
-85,4,smpL7nCbs87qb/JDw/2f9tLRSxo=,UH1O0CiljBzjTOXjSCCMZuufxC0=
-85,27,smpL7nCbs87qb/JDw/2f9tLRSxo=,V6+Tg3vLPo+m05qj3gP7y9Jte14=
-85,26,smpL7nCbs87qb/JDw/2f9tLRSxo=,ADZ+hE6tLtHLYVmh7ItN0swfSXw=
-85,25,smpL7nCbs87qb/JDw/2f9tLRSxo=,67d4ntBf/2ri3GCUL7xiTlrVAEQ=
-85,24,smpL7nCbs87qb/JDw/2f9tLRSxo=,JcURuTtNhkn/rewBV5A6UZwqjbM=
-85,31,smpL7nCbs87qb/JDw/2f9tLRSxo=,+QMaou3c4ijIJKlCQB1lRKXQmWo=
-85,30,ts4ZYNt0N2D+5cL4RWXsv/A21Jo=,V6+Tg3vLPo+m05qj3gP7y9Jte14=
-85,29,ts4ZYNt0N2D+5cL4RWXsv/A21Jo=,V6+Tg3vLPo+m05qj3gP7y9Jte14=
-85,28,ts4ZYNt0N2D+5cL4RWXsv/A21Jo=,V6+Tg3vLPo+m05qj3gP7y9Jte14=
-85,19,ts4ZYNt0N2D+5cL4RWXsv/A21Jo=,p72XoUyJ3hQMqbmXaqbmOXQoqKs=
-85,18,ts4ZYNt0N2D+5cL4RWXsv/A21Jo=,gGUG+WKN34CbHqIcQTqm3vVe4As=
-85,17,ts4ZYNt0N2D+5cL4RWXsv/A21Jo=,Fei+6hwKseCO6/lysaOiCnpimjM=
-85,16,ts4ZYNt0N2D+5cL4RWXsv/A21Jo=,p72XoUyJ3hQMqbmXaqbmOXQoqKs=
-85,23,ts4ZYNt0N2D+5cL4RWXsv/A21Jo=,uz1cwy8RahunFq4UQ/aRPytqJZk=
-85,22,ts4ZYNt0N2D+5cL4RWXsv/A21Jo=,NolxYDnyu1OFawoNcwLtqxigpQI=
-85,21,ts4ZYNt0N2D+5cL4RWXsv/A21Jo=,M8dBPUObXXHO/QwRJM1BVwtKJlQ=
-85,20,ts4ZYNt0N2D+5cL4RWXsv/A21Jo=,fXzVD7/HQwlnJMSBdlDaLt09M9g=
-84,12,ts4ZYNt0N2D+5cL4RWXsv/A21Jo=,7P2dT1Jo5hE2hjRw4b2rP0lB354=
-84,13,ts4ZYNt0N2D+5cL4RWXsv/A21Jo=,00JVCjNzQZDXudeV5FC4DazlqvU=
-84,14,ts4ZYNt0N2D+5cL4RWXsv/A21Jo=,za6QtAjT+b9tzzvJv4kiza93spM=
-84,15,ts4ZYNt0N2D+5cL4RWXsv/A21Jo=,za6QtAjT+b9tzzvJv4kiza93spM=
-84,8,mZvbx4jfOvPC4Ojubj7sDnvwdoM=,rq644TTGrZsIrIFhcoMkYlGOwsg=
-84,9,mZvbx4jfOvPC4Ojubj7sDnvwdoM=,4NEQZYRDeLX52yPOdtEuaTPjVsk=
-84,10,mZvbx4jfOvPC4Ojubj7sDnvwdoM=,4NEQZYRDeLX52yPOdtEuaTPjVsk=
-84,11,mZvbx4jfOvPC4Ojubj7sDnvwdoM=,4NEQZYRDeLX52yPOdtEuaTPjVsk=
-84,4,mZvbx4jfOvPC4Ojubj7sDnvwdoM=,/9Tyfx+5ym8Wd1Y64qQpfZNjD4E=
-84,5,mZvbx4jfOvPC4Ojubj7sDnvwdoM=,Fqeqn5Jw/uihPeC5s6ew9vxau4A=
-84,6,mZvbx4jfOvPC4Ojubj7sDnvwdoM=,Fqeqn5Jw/uihPeC5s6ew9vxau4A=
-84,7,mZvbx4jfOvPC4Ojubj7sDnvwdoM=,b9KQ9CWKTIhLwoIYM2mGYnaoAbs=
-84,0,mZvbx4jfOvPC4Ojubj7sDnvwdoM=,S5Ujh5zt6cINWTZK3I/TXhMthNQ=
-84,1,mZvbx4jfOvPC4Ojubj7sDnvwdoM=,S5Ujh5zt6cINWTZK3I/TXhMthNQ=
-84,2,mZvbx4jfOvPC4Ojubj7sDnvwdoM=,S5Ujh5zt6cINWTZK3I/TXhMthNQ=
-84,3,mZvbx4jfOvPC4Ojubj7sDnvwdoM=,S5Ujh5zt6cINWTZK3I/TXhMthNQ=
-84,28,mZvbx4jfOvPC4Ojubj7sDnvwdoM=,o1pqID560Y5nuvypFLMviTUGtOQ=
-84,29,mZvbx4jfOvPC4Ojubj7sDnvwdoM=,o1pqID560Y5nuvypFLMviTUGtOQ=
-84,30,mZvbx4jfOvPC4Ojubj7sDnvwdoM=,4Dtu5TriH0LB/VJJtu8Qzsgz7es=
-84,31,mZvbx4jfOvPC4Ojubj7sDnvwdoM=,G1QGXWXkloXC44KrZulkt2/T3BE=
-84,24,s90JENIktNoZijCnc7EwPdu2A8o=,JcURuTtNhkn/rewBV5A6UZwqjbM=
-84,25,s90JENIktNoZijCnc7EwPdu2A8o=,YHD738auoZOALrdb+hKvc6NOn7k=
-84,26,s90JENIktNoZijCnc7EwPdu2A8o=,o1pqID560Y5nuvypFLMviTUGtOQ=
-84,27,s90JENIktNoZijCnc7EwPdu2A8o=,o1pqID560Y5nuvypFLMviTUGtOQ=
-84,20,s90JENIktNoZijCnc7EwPdu2A8o=,nHT9e1wD+fevkrAVVd6ZRSTXlLg=
-84,21,s90JENIktNoZijCnc7EwPdu2A8o=,K2+FEuQ5TFfSsRbMlYqxUANsyho=
-84,22,s90JENIktNoZijCnc7EwPdu2A8o=,NolxYDnyu1OFawoNcwLtqxigpQI=
-84,23,s90JENIktNoZijCnc7EwPdu2A8o=,uz1cwy8RahunFq4UQ/aRPytqJZk=
-84,16,s90JENIktNoZijCnc7EwPdu2A8o=,kmWd1TmaD/RnA9OArxNfDpLCCag=
-84,17,s90JENIktNoZijCnc7EwPdu2A8o=,tq5lrz54fg9F3E3lXyNzGxYRpko=
-84,18,s90JENIktNoZijCnc7EwPdu2A8o=,xm3nwiWP/CZ3up78I6oXDtycIKU=
-84,19,s90JENIktNoZijCnc7EwPdu2A8o=,p72XoUyJ3hQMqbmXaqbmOXQoqKs=
-83,13,s90JENIktNoZijCnc7EwPdu2A8o=,3R3TMWfCPDLHpgw355UyoiYNktw=
-83,12,s90JENIktNoZijCnc7EwPdu2A8o=,Rd7//TJ1VgHsrIhexbY5vEXdBI4=
-83,15,KaH4X2TIUXoBw+MlQVGBsRubGU4=,EMDMPDQHgGoO9cUGKDj1eCKEnTM=
-83,14,KaH4X2TIUXoBw+MlQVGBsRubGU4=,BKUILgfOWkmB9x2cfFM+roOG24s=
-83,9,KaH4X2TIUXoBw+MlQVGBsRubGU4=,8Y3/5iYfOewdAiXOadigBFbsBFE=
-83,8,KaH4X2TIUXoBw+MlQVGBsRubGU4=,vu7M3kqt9Hbwmci3t1G4rvHlW7Y=
-83,11,KaH4X2TIUXoBw+MlQVGBsRubGU4=,8Y3/5iYfOewdAiXOadigBFbsBFE=
-83,10,KaH4X2TIUXoBw+MlQVGBsRubGU4=,8Y3/5iYfOewdAiXOadigBFbsBFE=
-83,5,KaH4X2TIUXoBw+MlQVGBsRubGU4=,Fqeqn5Jw/uihPeC5s6ew9vxau4A=
-83,4,KaH4X2TIUXoBw+MlQVGBsRubGU4=,/9Tyfx+5ym8Wd1Y64qQpfZNjD4E=
-83,7,KaH4X2TIUXoBw+MlQVGBsRubGU4=,b9KQ9CWKTIhLwoIYM2mGYnaoAbs=
-83,6,KaH4X2TIUXoBw+MlQVGBsRubGU4=,Fqeqn5Jw/uihPeC5s6ew9vxau4A=
-83,1,KaH4X2TIUXoBw+MlQVGBsRubGU4=,S5Ujh5zt6cINWTZK3I/TXhMthNQ=
-83,0,KaH4X2TIUXoBw+MlQVGBsRubGU4=,S5Ujh5zt6cINWTZK3I/TXhMthNQ=
-83,3,KaH4X2TIUXoBw+MlQVGBsRubGU4=,S5Ujh5zt6cINWTZK3I/TXhMthNQ=
-83,2,KaH4X2TIUXoBw+MlQVGBsRubGU4=,S5Ujh5zt6cINWTZK3I/TXhMthNQ=
-83,29,KaH4X2TIUXoBw+MlQVGBsRubGU4=,plxPiDGVWqaE4ldlYywlQlK6ceE=
-83,28,KaH4X2TIUXoBw+MlQVGBsRubGU4=,plxPiDGVWqaE4ldlYywlQlK6ceE=
-83,31,U3WBpvsVVsuqEwtP8lVsxvWiQuk=,y00O63po8sjWHf02biXJlDSZ6zU=
-83,30,U3WBpvsVVsuqEwtP8lVsxvWiQuk=,G1QGXWXkloXC44KrZulkt2/T3BE=
-83,25,U3WBpvsVVsuqEwtP8lVsxvWiQuk=,M/+gR/Zc3yUhZAKWzDznYVzeUQI=
-83,24,U3WBpvsVVsuqEwtP8lVsxvWiQuk=,JcURuTtNhkn/rewBV5A6UZwqjbM=
-83,27,U3WBpvsVVsuqEwtP8lVsxvWiQuk=,plxPiDGVWqaE4ldlYywlQlK6ceE=
-83,26,U3WBpvsVVsuqEwtP8lVsxvWiQuk=,plxPiDGVWqaE4ldlYywlQlK6ceE=
-83,21,U3WBpvsVVsuqEwtP8lVsxvWiQuk=,6eLDbGhy7DD/Yucn1uO6MgqJi80=
-83,20,U3WBpvsVVsuqEwtP8lVsxvWiQuk=,1s1MOB2Zkdk2WjNkmoAYpQXAHhc=
-83,23,U3WBpvsVVsuqEwtP8lVsxvWiQuk=,uz1cwy8RahunFq4UQ/aRPytqJZk=
-83,22,U3WBpvsVVsuqEwtP8lVsxvWiQuk=,NolxYDnyu1OFawoNcwLtqxigpQI=
-83,17,U3WBpvsVVsuqEwtP8lVsxvWiQuk=,/58sic8yitY+A76PP3SlrOvOZnE=
-83,16,U3WBpvsVVsuqEwtP8lVsxvWiQuk=,yDzn997RP7H6nY4xwDjxX6wy7rw=
-83,19,U3WBpvsVVsuqEwtP8lVsxvWiQuk=,p72XoUyJ3hQMqbmXaqbmOXQoqKs=
-83,18,U3WBpvsVVsuqEwtP8lVsxvWiQuk=,dI4RMhzg7kBA61bks9fSHspo464=
-82,14,U3WBpvsVVsuqEwtP8lVsxvWiQuk=,VdyvsNqrfn2zN6FeDi4BVbZRzBM=
-82,15,vm5Mzm5S4CTx+dd1bmUQEHwKM7g=,W6Z/e8tKJ461xS35bGxXPheeMKM=
-82,12,vm5Mzm5S4CTx+dd1bmUQEHwKM7g=,8Y3/5iYfOewdAiXOadigBFbsBFE=
-82,13,vm5Mzm5S4CTx+dd1bmUQEHwKM7g=,u5CFbfrm9gGixdrzolQgCUNpoD8=
-82,10,vm5Mzm5S4CTx+dd1bmUQEHwKM7g=,8Y3/5iYfOewdAiXOadigBFbsBFE=
-82,11,vm5Mzm5S4CTx+dd1bmUQEHwKM7g=,8Y3/5iYfOewdAiXOadigBFbsBFE=
-82,8,vm5Mzm5S4CTx+dd1bmUQEHwKM7g=,XJjbFi39LXJNILcjWPgwMaEH7l8=
-82,9,vm5Mzm5S4CTx+dd1bmUQEHwKM7g=,r9BHfG1GZnt/11pCFASk2VkFpG0=
-82,6,vm5Mzm5S4CTx+dd1bmUQEHwKM7g=,Fqeqn5Jw/uihPeC5s6ew9vxau4A=
-82,7,vm5Mzm5S4CTx+dd1bmUQEHwKM7g=,b9KQ9CWKTIhLwoIYM2mGYnaoAbs=
-82,4,vm5Mzm5S4CTx+dd1bmUQEHwKM7g=,FVOhVxLhTKAS26olJGk0JiOK1gI=
-82,5,vm5Mzm5S4CTx+dd1bmUQEHwKM7g=,Fqeqn5Jw/uihPeC5s6ew9vxau4A=
-82,2,vm5Mzm5S4CTx+dd1bmUQEHwKM7g=,/5ngdTfPAupQqV5vexW9DD4dFXM=
-82,3,vm5Mzm5S4CTx+dd1bmUQEHwKM7g=,/5ngdTfPAupQqV5vexW9DD4dFXM=
-82,0,vm5Mzm5S4CTx+dd1bmUQEHwKM7g=,V7R1qsLkRKcQgzKGLCpcNRXSpFY=
-82,1,MoxyRw0R5d8EeNdM5s2jtuYewM0=,/5ngdTfPAupQqV5vexW9DD4dFXM=
-82,30,MoxyRw0R5d8EeNdM5s2jtuYewM0=,y00O63po8sjWHf02biXJlDSZ6zU=
-82,31,MoxyRw0R5d8EeNdM5s2jtuYewM0=,y00O63po8sjWHf02biXJlDSZ6zU=
-82,28,MoxyRw0R5d8EeNdM5s2jtuYewM0=,y00O63po8sjWHf02biXJlDSZ6zU=
-82,29,MoxyRw0R5d8EeNdM5s2jtuYewM0=,y00O63po8sjWHf02biXJlDSZ6zU=
-82,26,MoxyRw0R5d8EeNdM5s2jtuYewM0=,y00O63po8sjWHf02biXJlDSZ6zU=
-82,27,MoxyRw0R5d8EeNdM5s2jtuYewM0=,y00O63po8sjWHf02biXJlDSZ6zU=
-82,24,MoxyRw0R5d8EeNdM5s2jtuYewM0=,ITWiHsyBV/bEct31LjDWLDH8Ix8=
-82,25,MoxyRw0R5d8EeNdM5s2jtuYewM0=,LoDaG3q0kkUNoBv5b01Telm6U5A=
-82,22,MoxyRw0R5d8EeNdM5s2jtuYewM0=,NolxYDnyu1OFawoNcwLtqxigpQI=
-82,23,MoxyRw0R5d8EeNdM5s2jtuYewM0=,uz1cwy8RahunFq4UQ/aRPytqJZk=
-82,20,MoxyRw0R5d8EeNdM5s2jtuYewM0=,uih/ZX2iKMCyHCjlXw7qyMVuRVY=
-82,21,MoxyRw0R5d8EeNdM5s2jtuYewM0=,NolxYDnyu1OFawoNcwLtqxigpQI=
-82,18,MoxyRw0R5d8EeNdM5s2jtuYewM0=,p72XoUyJ3hQMqbmXaqbmOXQoqKs=
-82,19,MoxyRw0R5d8EeNdM5s2jtuYewM0=,p72XoUyJ3hQMqbmXaqbmOXQoqKs=
-82,16,MoxyRw0R5d8EeNdM5s2jtuYewM0=,yDzn997RP7H6nY4xwDjxX6wy7rw=
-82,17,x0xmZ+QQjpG4yuN8IipGTvcBZK0=,xm3nwiWP/CZ3up78I6oXDtycIKU=
-81,15,x0xmZ+QQjpG4yuN8IipGTvcBZK0=,W6Z/e8tKJ461xS35bGxXPheeMKM=
-81,14,x0xmZ+QQjpG4yuN8IipGTvcBZK0=,W6Z/e8tKJ461xS35bGxXPheeMKM=
-81,13,x0xmZ+QQjpG4yuN8IipGTvcBZK0=,6h0DM7E+pJ0pDP3MM+JpNicBFZ0=
-81,12,x0xmZ+QQjpG4yuN8IipGTvcBZK0=,y8wkEev+qSDlk+D4xDSqSOgG74c=
-81,11,x0xmZ+QQjpG4yuN8IipGTvcBZK0=,y8wkEev+qSDlk+D4xDSqSOgG74c=
-81,10,x0xmZ+QQjpG4yuN8IipGTvcBZK0=,y8wkEev+qSDlk+D4xDSqSOgG74c=
-81,9,x0xmZ+QQjpG4yuN8IipGTvcBZK0=,d5MmRdvhFG9yzc/fQBg5TzTrSEk=
-81,8,x0xmZ+QQjpG4yuN8IipGTvcBZK0=,W6Z/e8tKJ461xS35bGxXPheeMKM=
-81,7,x0xmZ+QQjpG4yuN8IipGTvcBZK0=,xgpetNYY0n5pVhSLhT9HhZtJ1/4=
-81,6,x0xmZ+QQjpG4yuN8IipGTvcBZK0=,lW1cdaJU0gW9nogrWLnEFUlxERs=
-81,5,x0xmZ+QQjpG4yuN8IipGTvcBZK0=,lW1cdaJU0gW9nogrWLnEFUlxERs=
-81,4,x0xmZ+QQjpG4yuN8IipGTvcBZK0=,dtc7GwOuUfb3ACIV1ZmJgFXxNo8=
-81,3,x0xmZ+QQjpG4yuN8IipGTvcBZK0=,+Z5pR89cgYX6HfPWjTbxGE+p8s4=
-81,2,x0xmZ+QQjpG4yuN8IipGTvcBZK0=,+Z5pR89cgYX6HfPWjTbxGE+p8s4=
-81,1,x0xmZ+QQjpG4yuN8IipGTvcBZK0=,+Z5pR89cgYX6HfPWjTbxGE+p8s4=
-81,0,x0xmZ+QQjpG4yuN8IipGTvcBZK0=,cGwi7CDlHxJgePXdj3zx4fHwh08=
-81,31,JpJjqoC0YU+z/rF39jLmheKHaRU=,y00O63po8sjWHf02biXJlDSZ6zU=
-81,30,JpJjqoC0YU+z/rF39jLmheKHaRU=,y00O63po8sjWHf02biXJlDSZ6zU=
-81,29,JpJjqoC0YU+z/rF39jLmheKHaRU=,y00O63po8sjWHf02biXJlDSZ6zU=
-81,28,JpJjqoC0YU+z/rF39jLmheKHaRU=,y00O63po8sjWHf02biXJlDSZ6zU=
-81,27,JpJjqoC0YU+z/rF39jLmheKHaRU=,y00O63po8sjWHf02biXJlDSZ6zU=
-81,26,JpJjqoC0YU+z/rF39jLmheKHaRU=,y00O63po8sjWHf02biXJlDSZ6zU=
-81,25,JpJjqoC0YU+z/rF39jLmheKHaRU=,x5hL+hVdfv1bjnGGcvuINRi/LgM=
-81,24,JpJjqoC0YU+z/rF39jLmheKHaRU=,ZX/1TtEYyBoI+6T3O9bbril0Phs=
-81,23,JpJjqoC0YU+z/rF39jLmheKHaRU=,UuX6Gg892PgwuSsIB+H3n+LHg+g=
-81,22,JpJjqoC0YU+z/rF39jLmheKHaRU=,ECH7p+hJqxnE6OrWh/lpmXD7B7M=
-81,21,JpJjqoC0YU+z/rF39jLmheKHaRU=,ECH7p+hJqxnE6OrWh/lpmXD7B7M=
-81,20,JpJjqoC0YU+z/rF39jLmheKHaRU=,Sf+FP6kyxjbq4DxRbmLe/E73K9o=
-81,19,JpJjqoC0YU+z/rF39jLmheKHaRU=,p72XoUyJ3hQMqbmXaqbmOXQoqKs=
-81,18,/h8bvQXqH1uTLm1ylC5L9PqLG3I=,p72XoUyJ3hQMqbmXaqbmOXQoqKs=
-81,17,/h8bvQXqH1uTLm1ylC5L9PqLG3I=,dI4RMhzg7kBA61bks9fSHspo464=
-81,16,/h8bvQXqH1uTLm1ylC5L9PqLG3I=,W/5GzFy8cH6WW4HT3UhBuJaRO1M=
-80,16,/h8bvQXqH1uTLm1ylC5L9PqLG3I=,BPcCkH1sin4Fgqfyxsw7wElUxCE=
-80,17,/h8bvQXqH1uTLm1ylC5L9PqLG3I=,Fa8o5MV6/GkxaIwzsYVRLME5Aso=
-80,18,/h8bvQXqH1uTLm1ylC5L9PqLG3I=,xIrA8bE3ObAcpYLLtYEHGqWYP6w=
-80,19,/h8bvQXqH1uTLm1ylC5L9PqLG3I=,k1+LgyJEYpFKnAilHud4ar2is+M=
-80,20,/h8bvQXqH1uTLm1ylC5L9PqLG3I=,k1+LgyJEYpFKnAilHud4ar2is+M=
-80,21,/h8bvQXqH1uTLm1ylC5L9PqLG3I=,k1+LgyJEYpFKnAilHud4ar2is+M=
-80,22,/h8bvQXqH1uTLm1ylC5L9PqLG3I=,k1+LgyJEYpFKnAilHud4ar2is+M=
-80,23,/h8bvQXqH1uTLm1ylC5L9PqLG3I=,k1+LgyJEYpFKnAilHud4ar2is+M=
-80,24,/h8bvQXqH1uTLm1ylC5L9PqLG3I=,H78Iz13L1Z0PVy7nB6wAN0XYl1k=
-80,25,/h8bvQXqH1uTLm1ylC5L9PqLG3I=,F3Hblqyn+Ib/p//Eo3jOg5KJ6nE=
-80,26,/h8bvQXqH1uTLm1ylC5L9PqLG3I=,Ts88MQ6r3ezA5HVv4EfAnF+zcW0=
-80,27,/h8bvQXqH1uTLm1ylC5L9PqLG3I=,CGxTfW5DcYpfhpjNRClrlsafLIw=
-80,28,GoUQFnkIeE4b5cTJ5kEH0OXvFK8=,CGxTfW5DcYpfhpjNRClrlsafLIw=
-80,29,GoUQFnkIeE4b5cTJ5kEH0OXvFK8=,CGxTfW5DcYpfhpjNRClrlsafLIw=
-80,30,GoUQFnkIeE4b5cTJ5kEH0OXvFK8=,CGxTfW5DcYpfhpjNRClrlsafLIw=
-80,31,GoUQFnkIeE4b5cTJ5kEH0OXvFK8=,CGxTfW5DcYpfhpjNRClrlsafLIw=
-80,0,GoUQFnkIeE4b5cTJ5kEH0OXvFK8=,Y5RmPnaNyTxB9G9HJmj2n2psggk=
-80,1,GoUQFnkIeE4b5cTJ5kEH0OXvFK8=,Y5RmPnaNyTxB9G9HJmj2n2psggk=
-80,2,GoUQFnkIeE4b5cTJ5kEH0OXvFK8=,MEQuJnKuy7iTYctACmPy0sMFPcc=
-80,3,GoUQFnkIeE4b5cTJ5kEH0OXvFK8=,0D8r74b8nEJT1o5Bty+MviMfw+M=
-80,4,GoUQFnkIeE4b5cTJ5kEH0OXvFK8=,0D8r74b8nEJT1o5Bty+MviMfw+M=
-80,5,GoUQFnkIeE4b5cTJ5kEH0OXvFK8=,0D8r74b8nEJT1o5Bty+MviMfw+M=
-80,6,GoUQFnkIeE4b5cTJ5kEH0OXvFK8=,0D8r74b8nEJT1o5Bty+MviMfw+M=
-80,7,GoUQFnkIeE4b5cTJ5kEH0OXvFK8=,TKkn6ePq3zLmwwwu1QlLDPmFads=
-80,8,GoUQFnkIeE4b5cTJ5kEH0OXvFK8=,eYNsKx79dI8Y4RPxtUlEsevB2sg=
-80,9,GoUQFnkIeE4b5cTJ5kEH0OXvFK8=,wuERk5i+tevGbk8t7biOFHHGPeI=
-80,10,GoUQFnkIeE4b5cTJ5kEH0OXvFK8=,FyyIZk+AWu/ywiIkrmaLFTgBUS4=
-80,11,DUNcutT6oCTgMHOSp0reCprC5Vk=,FyyIZk+AWu/ywiIkrmaLFTgBUS4=
-80,12,DUNcutT6oCTgMHOSp0reCprC5Vk=,G2TYOe8Nz+VQtGsgjJRUzIQnCQU=
-80,13,DUNcutT6oCTgMHOSp0reCprC5Vk=,YucGEbJbI5gQE958rlNJs2PiiHA=
-80,14,DUNcutT6oCTgMHOSp0reCprC5Vk=,7XqPBmRqF0vkiqiPeZp/z2kz8NA=
-80,15,DUNcutT6oCTgMHOSp0reCprC5Vk=,6gWSI1/uQ9j15cmll0YBAsXER7k=
-79,17,DUNcutT6oCTgMHOSp0reCprC5Vk=,wdW/wE/1AmGm4B7iNFsVl9LY8Io=
-79,16,DUNcutT6oCTgMHOSp0reCprC5Vk=,lBNv+CFatuPB4qVa62bhrwDr3C8=
-79,19,DUNcutT6oCTgMHOSp0reCprC5Vk=,k1+LgyJEYpFKnAilHud4ar2is+M=
-79,18,DUNcutT6oCTgMHOSp0reCprC5Vk=,9FHgOPJqwsYDVuZX9y4UnaqX+Tg=
-79,21,DUNcutT6oCTgMHOSp0reCprC5Vk=,k1+LgyJEYpFKnAilHud4ar2is+M=
-79,20,DUNcutT6oCTgMHOSp0reCprC5Vk=,k1+LgyJEYpFKnAilHud4ar2is+M=
-79,23,DUNcutT6oCTgMHOSp0reCprC5Vk=,k1+LgyJEYpFKnAilHud4ar2is+M=
-79,22,DUNcutT6oCTgMHOSp0reCprC5Vk=,k1+LgyJEYpFKnAilHud4ar2is+M=
-79,25,DUNcutT6oCTgMHOSp0reCprC5Vk=,TAQBaANzQxKgSTCFGYUAIqmBmBw=
-79,24,DUNcutT6oCTgMHOSp0reCprC5Vk=,7Y3euxlzur8lL8PlrU0w1KCOLgc=
-79,27,DUNcutT6oCTgMHOSp0reCprC5Vk=,CGxTfW5DcYpfhpjNRClrlsafLIw=
-79,26,DUNcutT6oCTgMHOSp0reCprC5Vk=,7niUkw/+bzdJ5On3wuPs+m2LsDw=
-79,29,JJ1c+OjaO02GJyFxvt23zfSXHfQ=,CGxTfW5DcYpfhpjNRClrlsafLIw=
-79,28,JJ1c+OjaO02GJyFxvt23zfSXHfQ=,CGxTfW5DcYpfhpjNRClrlsafLIw=
-79,31,JJ1c+OjaO02GJyFxvt23zfSXHfQ=,S3U+kN3szBIGeJDjxRGP1uG6BaQ=
-79,30,JJ1c+OjaO02GJyFxvt23zfSXHfQ=,y25D0kJlUOXfmic2OT8QwJ+W0Mg=
-79,1,JJ1c+OjaO02GJyFxvt23zfSXHfQ=,Y5RmPnaNyTxB9G9HJmj2n2psggk=
-79,0,JJ1c+OjaO02GJyFxvt23zfSXHfQ=,Y5RmPnaNyTxB9G9HJmj2n2psggk=
-79,3,JJ1c+OjaO02GJyFxvt23zfSXHfQ=,dFjty7wuqL5u4odfdxQYNZv0ka0=
-79,2,JJ1c+OjaO02GJyFxvt23zfSXHfQ=,14yVu3VJhREHYma2zPnNZKdD2CA=
-79,5,JJ1c+OjaO02GJyFxvt23zfSXHfQ=,xErZoSPvdOSb0TkXQolt2QbWctA=
-79,4,JJ1c+OjaO02GJyFxvt23zfSXHfQ=,dFjty7wuqL5u4odfdxQYNZv0ka0=
-79,7,JJ1c+OjaO02GJyFxvt23zfSXHfQ=,xqAwO4QAMkuSsaaoeMkZtsP38C4=
-79,6,JJ1c+OjaO02GJyFxvt23zfSXHfQ=,f8+gpRK4sua1DN8xfiRZQglQ9g8=
-79,9,JJ1c+OjaO02GJyFxvt23zfSXHfQ=,G2TYOe8Nz+VQtGsgjJRUzIQnCQU=
-79,8,JJ1c+OjaO02GJyFxvt23zfSXHfQ=,wuERk5i+tevGbk8t7biOFHHGPeI=
-79,11,JJ1c+OjaO02GJyFxvt23zfSXHfQ=,PXinC+R8dQGqU20rtJew6krQPKw=
-79,10,JJ1c+OjaO02GJyFxvt23zfSXHfQ=,PXinC+R8dQGqU20rtJew6krQPKw=
-79,13,JJ1c+OjaO02GJyFxvt23zfSXHfQ=,Ovyrult2IiIZo5D1L8Z3jV1h1bQ=
-79,12,JJ1c+OjaO02GJyFxvt23zfSXHfQ=,u+wBAUJs7Kgk24aZbmpiPHlHJio=
-79,15,JJ1c+OjaO02GJyFxvt23zfSXHfQ=,8C5P88cOq+4KYJMZlDT7UtoHSmo=
-79,14,JJ1c+OjaO02GJyFxvt23zfSXHfQ=,1bhBmDpVnSMLG7FmCGd/JruoaAI=
-78,18,M/kjnZkBUg266eg1C2cGTwJPAto=,dw+93SQO1lQYfEJ5y7vUxL90U08=
-78,19,M/kjnZkBUg266eg1C2cGTwJPAto=,k1+LgyJEYpFKnAilHud4ar2is+M=
-78,16,M/kjnZkBUg266eg1C2cGTwJPAto=,lBNv+CFatuPB4qVa62bhrwDr3C8=
-78,17,M/kjnZkBUg266eg1C2cGTwJPAto=,2EFk9nEVjPMLb/pQRpsHobAHiLA=
-78,22,M/kjnZkBUg266eg1C2cGTwJPAto=,lMmLe7n6nG9/nvH/GrCTV+sTpQM=
-78,23,M/kjnZkBUg266eg1C2cGTwJPAto=,31y04rfTrxbT1+7d3JtCuw0JTx8=
-78,20,M/kjnZkBUg266eg1C2cGTwJPAto=,k1+LgyJEYpFKnAilHud4ar2is+M=
-78,21,M/kjnZkBUg266eg1C2cGTwJPAto=,k1+LgyJEYpFKnAilHud4ar2is+M=
-78,26,M/kjnZkBUg266eg1C2cGTwJPAto=,fFvr4YEWiVeuL69Sug+QajJi3So=
-78,27,M/kjnZkBUg266eg1C2cGTwJPAto=,Z5bDICatSSfUg7t0T6m7Q+YRmXI=
-78,24,M/kjnZkBUg266eg1C2cGTwJPAto=,7Y3euxlzur8lL8PlrU0w1KCOLgc=
-78,25,M/kjnZkBUg266eg1C2cGTwJPAto=,TAQBaANzQxKgSTCFGYUAIqmBmBw=
-78,30,M/kjnZkBUg266eg1C2cGTwJPAto=,kDhi4FsXnhxCXyXzAZMjuwFBzzU=
-78,31,M/kjnZkBUg266eg1C2cGTwJPAto=,VfdnQ65fEprsy2eBltJcK27APVQ=
-78,28,M/kjnZkBUg266eg1C2cGTwJPAto=,Z5bDICatSSfUg7t0T6m7Q+YRmXI=
-78,29,M/kjnZkBUg266eg1C2cGTwJPAto=,mjOd2hYeS60Xi3zRgzJ7t3vCXDc=
-78,2,M/kjnZkBUg266eg1C2cGTwJPAto=,Y5RmPnaNyTxB9G9HJmj2n2psggk=
-78,3,M/kjnZkBUg266eg1C2cGTwJPAto=,Y5RmPnaNyTxB9G9HJmj2n2psggk=
-78,0,M/kjnZkBUg266eg1C2cGTwJPAto=,Y5RmPnaNyTxB9G9HJmj2n2psggk=
-78,1,M/kjnZkBUg266eg1C2cGTwJPAto=,Y5RmPnaNyTxB9G9HJmj2n2psggk=
-78,6,M/kjnZkBUg266eg1C2cGTwJPAto=,f8+gpRK4sua1DN8xfiRZQglQ9g8=
-78,7,ZeXE4QuRKYjML87oq+62a7re7js=,xqAwO4QAMkuSsaaoeMkZtsP38C4=
-78,4,ZeXE4QuRKYjML87oq+62a7re7js=,Y5RmPnaNyTxB9G9HJmj2n2psggk=
-78,5,ZeXE4QuRKYjML87oq+62a7re7js=,W3ZURoGGEPcup9xXuCCH8vMiuTk=
-78,10,ZeXE4QuRKYjML87oq+62a7re7js=,T6Mi5YBEHYJu87PH92zRQmZu/zk=
-78,11,ZeXE4QuRKYjML87oq+62a7re7js=,PXinC+R8dQGqU20rtJew6krQPKw=
-78,8,ZeXE4QuRKYjML87oq+62a7re7js=,YphkkVNnBQMStxtSSPQnNA1S/dg=
-78,9,ZeXE4QuRKYjML87oq+62a7re7js=,rrHQ/n3xf3UEz9HVKqWuYqYyo8g=
-78,14,ZeXE4QuRKYjML87oq+62a7re7js=,1bhBmDpVnSMLG7FmCGd/JruoaAI=
-78,15,ZeXE4QuRKYjML87oq+62a7re7js=,8C5P88cOq+4KYJMZlDT7UtoHSmo=
-78,12,ZeXE4QuRKYjML87oq+62a7re7js=,sRA7Fn3ayl8rtAXyAXMCE5MXYqw=
-78,13,ZeXE4QuRKYjML87oq+62a7re7js=,OQhMtXmCMSSDbOoCp3HEsfvlkXU=
-77,19,ZeXE4QuRKYjML87oq+62a7re7js=,k1+LgyJEYpFKnAilHud4ar2is+M=
-77,18,ZeXE4QuRKYjML87oq+62a7re7js=,dw+93SQO1lQYfEJ5y7vUxL90U08=
-77,17,ZeXE4QuRKYjML87oq+62a7re7js=,2EFk9nEVjPMLb/pQRpsHobAHiLA=
-77,16,ZeXE4QuRKYjML87oq+62a7re7js=,lBNv+CFatuPB4qVa62bhrwDr3C8=
-77,23,ZeXE4QuRKYjML87oq+62a7re7js=,cf206pnrRAQBE0zwpRIuVN2o61s=
-77,22,aTIBcsMpQSvdvFCCKs3WNtQ+hqE=,kOuk088r3LDRxP8CvVuXXXgRocY=
-77,21,aTIBcsMpQSvdvFCCKs3WNtQ+hqE=,k1+LgyJEYpFKnAilHud4ar2is+M=
-77,20,aTIBcsMpQSvdvFCCKs3WNtQ+hqE=,k1+LgyJEYpFKnAilHud4ar2is+M=
-77,27,aTIBcsMpQSvdvFCCKs3WNtQ+hqE=,mc6UEaT8fL/6TJbNE5gp6qXBLiE=
-77,26,aTIBcsMpQSvdvFCCKs3WNtQ+hqE=,W9BT4hjT++iRPtsQFDXjPLxtlXI=
-77,25,aTIBcsMpQSvdvFCCKs3WNtQ+hqE=,US4kXZ5JXaqyVhl4Sk28dsOctUs=
-77,24,aTIBcsMpQSvdvFCCKs3WNtQ+hqE=,7Y3euxlzur8lL8PlrU0w1KCOLgc=
-77,31,aTIBcsMpQSvdvFCCKs3WNtQ+hqE=,VfdnQ65fEprsy2eBltJcK27APVQ=
-77,30,aTIBcsMpQSvdvFCCKs3WNtQ+hqE=,z7XTAgSzy3kyCvDEmcczi+ljtdg=
-77,29,aTIBcsMpQSvdvFCCKs3WNtQ+hqE=,LHIE9b2/CbnnN7L/ge1chzM4mbU=
-77,28,aTIBcsMpQSvdvFCCKs3WNtQ+hqE=,SzCIbZQLlegOn5lUIxt6Bwe2zXQ=
-77,3,aTIBcsMpQSvdvFCCKs3WNtQ+hqE=,Y5RmPnaNyTxB9G9HJmj2n2psggk=
-77,2,aTIBcsMpQSvdvFCCKs3WNtQ+hqE=,Y5RmPnaNyTxB9G9HJmj2n2psggk=
-77,1,aTIBcsMpQSvdvFCCKs3WNtQ+hqE=,Y5RmPnaNyTxB9G9HJmj2n2psggk=
-77,0,Uq331MUtUbni925191cVB2gYP5U=,Y5RmPnaNyTxB9G9HJmj2n2psggk=
-77,7,Uq331MUtUbni925191cVB2gYP5U=,xqAwO4QAMkuSsaaoeMkZtsP38C4=
-77,6,Uq331MUtUbni925191cVB2gYP5U=,f8+gpRK4sua1DN8xfiRZQglQ9g8=
-77,5,Uq331MUtUbni925191cVB2gYP5U=,70jwvVYeDZ1EXJtGbIF7WT2J7uQ=
-77,4,Uq331MUtUbni925191cVB2gYP5U=,8YZ4b7Nr2XSNuvCos+wFrGcuPXI=
-77,11,Uq331MUtUbni925191cVB2gYP5U=,TQ3F1aBbaFRIBrpTr1o2gi7tysw=
-77,10,Uq331MUtUbni925191cVB2gYP5U=,yQbev9jZ/LiuN4pdIoXdEvzG3ZU=
-77,9,Uq331MUtUbni925191cVB2gYP5U=,eYNsKx79dI8Y4RPxtUlEsevB2sg=
-77,8,Uq331MUtUbni925191cVB2gYP5U=,eYNsKx79dI8Y4RPxtUlEsevB2sg=
-77,15,Uq331MUtUbni925191cVB2gYP5U=,8C5P88cOq+4KYJMZlDT7UtoHSmo=
-77,14,Uq331MUtUbni925191cVB2gYP5U=,1bhBmDpVnSMLG7FmCGd/JruoaAI=
-77,13,Uq331MUtUbni925191cVB2gYP5U=,1bhBmDpVnSMLG7FmCGd/JruoaAI=
-77,12,Uq331MUtUbni925191cVB2gYP5U=,Ovyrult2IiIZo5D1L8Z3jV1h1bQ=
-76,20,Uq331MUtUbni925191cVB2gYP5U=,6RzR8j1t1zg+Kk+FlhhLAUnhBNo=
-76,21,Uq331MUtUbni925191cVB2gYP5U=,30i2EpD4aANvLBSURXjH0fca5Yc=
-76,22,Uq331MUtUbni925191cVB2gYP5U=,eV4lRTXBpfi2lLA4tTcEiQ7QNQo=
-76,23,xdkrzuMjCHjkRmMUEUG3MDPricQ=,cf206pnrRAQBE0zwpRIuVN2o61s=
-76,16,xdkrzuMjCHjkRmMUEUG3MDPricQ=,psgvjCRSlhSIp41NGuORHofyKvs=
-76,17,xdkrzuMjCHjkRmMUEUG3MDPricQ=,2EFk9nEVjPMLb/pQRpsHobAHiLA=
-76,18,xdkrzuMjCHjkRmMUEUG3MDPricQ=,BVuL/EGYkwcREbDPjd2hgu/qUBM=
-76,19,xdkrzuMjCHjkRmMUEUG3MDPricQ=,YKAlhATvAxkIArtyjwD5bZh91ys=
-76,28,xdkrzuMjCHjkRmMUEUG3MDPricQ=,PqF+h9X27teIAkzbCPPmJFH9UQ0=
-76,29,xdkrzuMjCHjkRmMUEUG3MDPricQ=,plTY3+78tNg7B+jJ4NYZ5sK58+k=
-76,30,xdkrzuMjCHjkRmMUEUG3MDPricQ=,RL09x2Itz3632Xx/lDppwj9wFUI=
-76,31,xdkrzuMjCHjkRmMUEUG3MDPricQ=,VfdnQ65fEprsy2eBltJcK27APVQ=
-76,24,xdkrzuMjCHjkRmMUEUG3MDPricQ=,7Y3euxlzur8lL8PlrU0w1KCOLgc=
-76,25,xdkrzuMjCHjkRmMUEUG3MDPricQ=,g8bx/dVaeQbQE6x7eHhrg38RCRg=
-76,26,xdkrzuMjCHjkRmMUEUG3MDPricQ=,yfjHWXLMhj/NpPq3aIP+rYtmkco=
-76,27,xdkrzuMjCHjkRmMUEUG3MDPricQ=,yfjHWXLMhj/NpPq3aIP+rYtmkco=
-76,4,xdkrzuMjCHjkRmMUEUG3MDPricQ=,EG7gqgQnDfsyP/cmM0WneLh1mHw=
-76,5,v1dC1/qFd+ECsIKiFTIP6MvEmSQ=,VIXB7/4FT2lMA/bKVXQ5QQQs8+U=
-76,6,v1dC1/qFd+ECsIKiFTIP6MvEmSQ=,f8+gpRK4sua1DN8xfiRZQglQ9g8=
-76,7,v1dC1/qFd+ECsIKiFTIP6MvEmSQ=,xqAwO4QAMkuSsaaoeMkZtsP38C4=
-76,0,v1dC1/qFd+ECsIKiFTIP6MvEmSQ=,Y5RmPnaNyTxB9G9HJmj2n2psggk=
-76,1,v1dC1/qFd+ECsIKiFTIP6MvEmSQ=,Y5RmPnaNyTxB9G9HJmj2n2psggk=
-76,2,v1dC1/qFd+ECsIKiFTIP6MvEmSQ=,Y5RmPnaNyTxB9G9HJmj2n2psggk=
-76,3,v1dC1/qFd+ECsIKiFTIP6MvEmSQ=,Y5RmPnaNyTxB9G9HJmj2n2psggk=
-76,12,v1dC1/qFd+ECsIKiFTIP6MvEmSQ=,aonK3cv1YBDd8UoFGKbICI3BKp0=
-76,13,v1dC1/qFd+ECsIKiFTIP6MvEmSQ=,1bhBmDpVnSMLG7FmCGd/JruoaAI=
-76,14,v1dC1/qFd+ECsIKiFTIP6MvEmSQ=,1bhBmDpVnSMLG7FmCGd/JruoaAI=
-76,15,v1dC1/qFd+ECsIKiFTIP6MvEmSQ=,8C5P88cOq+4KYJMZlDT7UtoHSmo=
-76,8,v1dC1/qFd+ECsIKiFTIP6MvEmSQ=,eYNsKx79dI8Y4RPxtUlEsevB2sg=
-76,9,v1dC1/qFd+ECsIKiFTIP6MvEmSQ=,eYNsKx79dI8Y4RPxtUlEsevB2sg=
-76,10,v1dC1/qFd+ECsIKiFTIP6MvEmSQ=,vYOqcTFyuc7Z5FoTnDos4weBVEU=
-76,11,15Sn1csPBneaZy48zeBsG4nTee0=,wcDpppnD7RXExAQEnjHT2aeW5uI=
-75,21,15Sn1csPBneaZy48zeBsG4nTee0=,WweNnN5lrEc3h2wQVSRNk8Lgyfg=
-75,20,15Sn1csPBneaZy48zeBsG4nTee0=,NjRjbpZnP/FTMpqHg906IBY5L5g=
-75,23,15Sn1csPBneaZy48zeBsG4nTee0=,FVVIC3DiPwl2TNCdmZ8YGhM/7Ew=
-75,22,15Sn1csPBneaZy48zeBsG4nTee0=,WweNnN5lrEc3h2wQVSRNk8Lgyfg=
-75,17,15Sn1csPBneaZy48zeBsG4nTee0=,2EFk9nEVjPMLb/pQRpsHobAHiLA=
-75,16,15Sn1csPBneaZy48zeBsG4nTee0=,dM4RTn6TQApxiCKY5cJeDHzZNt0=
-75,19,15Sn1csPBneaZy48zeBsG4nTee0=,oXr+Hukumof6zqARTYho26F/FC0=
-75,18,15Sn1csPBneaZy48zeBsG4nTee0=,oXr+Hukumof6zqARTYho26F/FC0=
-75,29,15Sn1csPBneaZy48zeBsG4nTee0=,plTY3+78tNg7B+jJ4NYZ5sK58+k=
-75,28,15Sn1csPBneaZy48zeBsG4nTee0=,PqF+h9X27teIAkzbCPPmJFH9UQ0=
-75,31,15Sn1csPBneaZy48zeBsG4nTee0=,VfdnQ65fEprsy2eBltJcK27APVQ=
-75,30,15Sn1csPBneaZy48zeBsG4nTee0=,RL09x2Itz3632Xx/lDppwj9wFUI=
-75,25,15Sn1csPBneaZy48zeBsG4nTee0=,g8bx/dVaeQbQE6x7eHhrg38RCRg=
-75,24,15Sn1csPBneaZy48zeBsG4nTee0=,7Y3euxlzur8lL8PlrU0w1KCOLgc=
-75,27,15Sn1csPBneaZy48zeBsG4nTee0=,yfjHWXLMhj/NpPq3aIP+rYtmkco=
-75,26,AOXmZRscuqKVXoPFJcnl2sgZHRs=,yfjHWXLMhj/NpPq3aIP+rYtmkco=
-75,5,AOXmZRscuqKVXoPFJcnl2sgZHRs=,dBxsMcjQJA0Ju3ZTObPBW5QgEko=
-75,4,AOXmZRscuqKVXoPFJcnl2sgZHRs=,MUH2SXh1lZwlPRQA7s7L9IP+Bk4=
-75,7,AOXmZRscuqKVXoPFJcnl2sgZHRs=,nPx/wGu5z2aEN+bblt7qEP7RyoE=
-75,6,AOXmZRscuqKVXoPFJcnl2sgZHRs=,uX0nBpAMNTjbjAwxIU1svx7sMBw=
-75,1,AOXmZRscuqKVXoPFJcnl2sgZHRs=,UpHViCrmgje1yDDVP42C043pCMo=
-75,0,AOXmZRscuqKVXoPFJcnl2sgZHRs=,eTeR7+lgedsMzhhgHGcdFMoXC0I=
-75,3,AOXmZRscuqKVXoPFJcnl2sgZHRs=,8cZSd7E0svoGouZGTacIvIISVMs=
-75,2,AOXmZRscuqKVXoPFJcnl2sgZHRs=,qGUWZSdPLHfBlNMmpJbV2Z6AgZQ=
-75,13,AOXmZRscuqKVXoPFJcnl2sgZHRs=,RT1DYKDtkOsKzto/yjx2EdLSSz8=
-75,12,AOXmZRscuqKVXoPFJcnl2sgZHRs=,PhqupQyL2EVBXVLE+Gr2mLIYBPM=
-75,15,AOXmZRscuqKVXoPFJcnl2sgZHRs=,ZSBsCnqeLgp8AM3ehr9/MX0hMCw=
-75,14,AOXmZRscuqKVXoPFJcnl2sgZHRs=,RT1DYKDtkOsKzto/yjx2EdLSSz8=
-75,9,AOXmZRscuqKVXoPFJcnl2sgZHRs=,EWHuqqG84xHRvRlhx10Hbmq66Pw=
-75,8,NJkK6JqAYep5nsCj+N0CXnWpM+g=,ZeD+ZavBQQFI1nmpGk7+Y+4Nbq4=
-75,11,NJkK6JqAYep5nsCj+N0CXnWpM+g=,eYNsKx79dI8Y4RPxtUlEsevB2sg=
-75,10,NJkK6JqAYep5nsCj+N0CXnWpM+g=,5JjsdsNOQ3rgj04dXNjo+5skkPo=
-74,22,NJkK6JqAYep5nsCj+N0CXnWpM+g=,dM4RTn6TQApxiCKY5cJeDHzZNt0=
-74,23,NJkK6JqAYep5nsCj+N0CXnWpM+g=,dM4RTn6TQApxiCKY5cJeDHzZNt0=
-74,20,NJkK6JqAYep5nsCj+N0CXnWpM+g=,EB9PUM1Q6hXyAwkygte1YfS7KLY=
-74,21,NJkK6JqAYep5nsCj+N0CXnWpM+g=,dM4RTn6TQApxiCKY5cJeDHzZNt0=
-74,18,NJkK6JqAYep5nsCj+N0CXnWpM+g=,oXr+Hukumof6zqARTYho26F/FC0=
-74,19,NJkK6JqAYep5nsCj+N0CXnWpM+g=,oXr+Hukumof6zqARTYho26F/FC0=
-74,16,NJkK6JqAYep5nsCj+N0CXnWpM+g=,dM4RTn6TQApxiCKY5cJeDHzZNt0=
-74,17,NJkK6JqAYep5nsCj+N0CXnWpM+g=,2EFk9nEVjPMLb/pQRpsHobAHiLA=
-74,30,NJkK6JqAYep5nsCj+N0CXnWpM+g=,RL09x2Itz3632Xx/lDppwj9wFUI=
-74,31,NJkK6JqAYep5nsCj+N0CXnWpM+g=,VfdnQ65fEprsy2eBltJcK27APVQ=
-74,28,NJkK6JqAYep5nsCj+N0CXnWpM+g=,PqF+h9X27teIAkzbCPPmJFH9UQ0=
-74,29,NJkK6JqAYep5nsCj+N0CXnWpM+g=,plTY3+78tNg7B+jJ4NYZ5sK58+k=
-74,26,NJkK6JqAYep5nsCj+N0CXnWpM+g=,yfjHWXLMhj/NpPq3aIP+rYtmkco=
-74,27,8Tc7UCGcnXT4njLTpjwQ9kEPLNk=,yfjHWXLMhj/NpPq3aIP+rYtmkco=
-74,24,8Tc7UCGcnXT4njLTpjwQ9kEPLNk=,dFrXbtqIX5KVp4wSQJ69M84XhmU=
-74,25,8Tc7UCGcnXT4njLTpjwQ9kEPLNk=,sjh/Yk46cJX7dwrU8YclsR2bo2U=
-74,6,8Tc7UCGcnXT4njLTpjwQ9kEPLNk=,GTXBXkWp7tKMOu4RJ0PtNJhR6j8=
-74,7,8Tc7UCGcnXT4njLTpjwQ9kEPLNk=,Lj5h2WYo5tbmmCO/AK5rWuOuP3g=
-74,4,8Tc7UCGcnXT4njLTpjwQ9kEPLNk=,2V9nSk+e2Eg2rxuxKY2P0jjWGYE=
-74,5,8Tc7UCGcnXT4njLTpjwQ9kEPLNk=,GTXBXkWp7tKMOu4RJ0PtNJhR6j8=
-74,2,8Tc7UCGcnXT4njLTpjwQ9kEPLNk=,Z6sjKQsx3ac9MMHn9mZFQTABIx0=
-74,3,8Tc7UCGcnXT4njLTpjwQ9kEPLNk=,c59KdCjmSywuy4m5cBXnJ7GlCFI=
-74,0,8Tc7UCGcnXT4njLTpjwQ9kEPLNk=,1gSH2J+bj4sexlqQDrYsvOynn4o=
-74,1,8Tc7UCGcnXT4njLTpjwQ9kEPLNk=,GTXBXkWp7tKMOu4RJ0PtNJhR6j8=
-74,14,8Tc7UCGcnXT4njLTpjwQ9kEPLNk=,PXinC+R8dQGqU20rtJew6krQPKw=
-74,15,8Tc7UCGcnXT4njLTpjwQ9kEPLNk=,PXinC+R8dQGqU20rtJew6krQPKw=
-74,12,8Tc7UCGcnXT4njLTpjwQ9kEPLNk=,YyAUYxEedM2PQM2T6sLiCYWUYi8=
-74,13,h5C0ZCbhTbgoKu0291GaUOLM1eo=,PXinC+R8dQGqU20rtJew6krQPKw=
-74,10,h5C0ZCbhTbgoKu0291GaUOLM1eo=,TUFgjzKA5GqvuBhmZ/vx0t/CoB4=
-74,11,h5C0ZCbhTbgoKu0291GaUOLM1eo=,eYNsKx79dI8Y4RPxtUlEsevB2sg=
-74,8,h5C0ZCbhTbgoKu0291GaUOLM1eo=,xMvB1N1mY5gS6Cc0E6ex40kozr8=
-74,9,h5C0ZCbhTbgoKu0291GaUOLM1eo=,rcT21OgRLS1G6/6fiX6WTFRtc+U=
-73,23,h5C0ZCbhTbgoKu0291GaUOLM1eo=,CgWvRSh8BX9AqC/E1JmfbwzIbLQ=
-73,22,h5C0ZCbhTbgoKu0291GaUOLM1eo=,eUcl84Sg6w537EJyYU6RafbHEDw=
-73,21,h5C0ZCbhTbgoKu0291GaUOLM1eo=,hBq0KIDDd8O5xOA9FJXFr0ucDvs=
-73,20,h5C0ZCbhTbgoKu0291GaUOLM1eo=,JJHYeE3kITfTw03ZOsmQlHA7+O4=
-73,19,h5C0ZCbhTbgoKu0291GaUOLM1eo=,CgLAzogyswR2sCk0l5IZGDk6QOI=
-73,18,h5C0ZCbhTbgoKu0291GaUOLM1eo=,CgLAzogyswR2sCk0l5IZGDk6QOI=
-73,17,h5C0ZCbhTbgoKu0291GaUOLM1eo=,+WiZzNPyOSqsneBFq1q0MAyFSzE=
-73,16,h5C0ZCbhTbgoKu0291GaUOLM1eo=,eUcl84Sg6w537EJyYU6RafbHEDw=
-73,31,h5C0ZCbhTbgoKu0291GaUOLM1eo=,S++U4N5d3KEpggAScPmcecQXAz4=
-73,30,h5C0ZCbhTbgoKu0291GaUOLM1eo=,nza1kuDfJqyzzoXymGVUWMglbQU=
-73,29,h5C0ZCbhTbgoKu0291GaUOLM1eo=,mc6UEaT8fL/6TJbNE5gp6qXBLiE=
-73,28,2GycM1getXLyCJNF2ArDR8wqIuY=,bYkwUZv1NdpWADEedX8dS9qZkc8=
-73,27,2GycM1getXLyCJNF2ArDR8wqIuY=,yfjHWXLMhj/NpPq3aIP+rYtmkco=
-73,26,2GycM1getXLyCJNF2ArDR8wqIuY=,yfjHWXLMhj/NpPq3aIP+rYtmkco=
-73,25,2GycM1getXLyCJNF2ArDR8wqIuY=,8uXK0olEcyX3W3zwkxngtltbCeI=
-73,24,2GycM1getXLyCJNF2ArDR8wqIuY=,yBIeNZvnpJWX3QW/e0OFEM6yYH0=
-73,7,2GycM1getXLyCJNF2ArDR8wqIuY=,J3J95GJlI1Aiqc1Iw23Pkt3nOvs=
-73,6,2GycM1getXLyCJNF2ArDR8wqIuY=,v2SxW6pqcOESm8Xxnz+vZf4xOwA=
-73,5,2GycM1getXLyCJNF2ArDR8wqIuY=,v2SxW6pqcOESm8Xxnz+vZf4xOwA=
-73,4,2GycM1getXLyCJNF2ArDR8wqIuY=,v2SxW6pqcOESm8Xxnz+vZf4xOwA=
-73,3,2GycM1getXLyCJNF2ArDR8wqIuY=,v2SxW6pqcOESm8Xxnz+vZf4xOwA=
-73,2,2GycM1getXLyCJNF2ArDR8wqIuY=,v2SxW6pqcOESm8Xxnz+vZf4xOwA=
-73,1,2GycM1getXLyCJNF2ArDR8wqIuY=,v2SxW6pqcOESm8Xxnz+vZf4xOwA=
-73,0,2GycM1getXLyCJNF2ArDR8wqIuY=,cgkgigABTKqv0+P3Sqs+3jaCT0A=
-73,15,2GycM1getXLyCJNF2ArDR8wqIuY=,976hImwSatWkJo/N8I8n14jtYLM=
-73,14,nFYNv/tO3j57k0DgfCRN6zZReZ8=,T6Mi5YBEHYJu87PH92zRQmZu/zk=
-73,13,nFYNv/tO3j57k0DgfCRN6zZReZ8=,rrHQ/n3xf3UEz9HVKqWuYqYyo8g=
-73,12,nFYNv/tO3j57k0DgfCRN6zZReZ8=,YphkkVNnBQMStxtSSPQnNA1S/dg=
-73,11,nFYNv/tO3j57k0DgfCRN6zZReZ8=,eYNsKx79dI8Y4RPxtUlEsevB2sg=
-73,10,nFYNv/tO3j57k0DgfCRN6zZReZ8=,XfwPdcwjKmYpsV8oWmI0fWVe+G0=
-73,9,nFYNv/tO3j57k0DgfCRN6zZReZ8=,wcDpppnD7RXExAQEnjHT2aeW5uI=
-73,8,nFYNv/tO3j57k0DgfCRN6zZReZ8=,vYOqcTFyuc7Z5FoTnDos4weBVEU=
-72,24,nFYNv/tO3j57k0DgfCRN6zZReZ8=,GhlaS8AAuRa8aTaoDoQsM1xVc/8=
-72,25,nFYNv/tO3j57k0DgfCRN6zZReZ8=,ZWou62hAnkgWLrgzjOePsllaJXk=
-72,26,nFYNv/tO3j57k0DgfCRN6zZReZ8=,7UjKgGUi7B2bG7Yye4IKGQTvYs8=
-72,27,nFYNv/tO3j57k0DgfCRN6zZReZ8=,aaiQ86ASx8yXNhddFLvt2/mfiB0=
-72,28,nFYNv/tO3j57k0DgfCRN6zZReZ8=,aaiQ86ASx8yXNhddFLvt2/mfiB0=
-72,29,nFYNv/tO3j57k0DgfCRN6zZReZ8=,aaiQ86ASx8yXNhddFLvt2/mfiB0=
-72,30,nFYNv/tO3j57k0DgfCRN6zZReZ8=,aaiQ86ASx8yXNhddFLvt2/mfiB0=
-72,31,nFYNv/tO3j57k0DgfCRN6zZReZ8=,kknXDiKlOjgvYYf7V3732uRBn/0=
-72,16,3DwcqLnglvxZYJILTqwl3xyjKn8=,0//3vAtbL7Q/zetysfP95aitS8g=
-72,17,3DwcqLnglvxZYJILTqwl3xyjKn8=,0//3vAtbL7Q/zetysfP95aitS8g=
-72,18,3DwcqLnglvxZYJILTqwl3xyjKn8=,0//3vAtbL7Q/zetysfP95aitS8g=
-72,19,3DwcqLnglvxZYJILTqwl3xyjKn8=,0//3vAtbL7Q/zetysfP95aitS8g=
-72,20,3DwcqLnglvxZYJILTqwl3xyjKn8=,0//3vAtbL7Q/zetysfP95aitS8g=
-72,21,3DwcqLnglvxZYJILTqwl3xyjKn8=,0//3vAtbL7Q/zetysfP95aitS8g=
-72,22,3DwcqLnglvxZYJILTqwl3xyjKn8=,0//3vAtbL7Q/zetysfP95aitS8g=
-72,23,3DwcqLnglvxZYJILTqwl3xyjKn8=,0//3vAtbL7Q/zetysfP95aitS8g=
-72,8,3DwcqLnglvxZYJILTqwl3xyjKn8=,XKqY0a8v0eWolEiOkTEZyTuJfu0=
-72,9,3DwcqLnglvxZYJILTqwl3xyjKn8=,XKqY0a8v0eWolEiOkTEZyTuJfu0=
-72,10,3DwcqLnglvxZYJILTqwl3xyjKn8=,Omrpi504EOhzZmEJPfHqVoI2S0U=
-72,11,3DwcqLnglvxZYJILTqwl3xyjKn8=,4/4TDH8ry4FGpnQU4YQufqgiXRg=
-72,12,3DwcqLnglvxZYJILTqwl3xyjKn8=,4/4TDH8ry4FGpnQU4YQufqgiXRg=
-72,13,3DwcqLnglvxZYJILTqwl3xyjKn8=,4/4TDH8ry4FGpnQU4YQufqgiXRg=
-72,14,3DwcqLnglvxZYJILTqwl3xyjKn8=,Mrwof/B8OIJGCpP8dkeeOmYLo04=
-72,15,Rx/VwXqQCJc7KPK0qarxNuLcTlY=,XKqY0a8v0eWolEiOkTEZyTuJfu0=
-72,0,Rx/VwXqQCJc7KPK0qarxNuLcTlY=,D9dhmRok1Mp7eAsZt6+WTFlDfAY=
-72,1,Rx/VwXqQCJc7KPK0qarxNuLcTlY=,r7gJP9N9MaHnV721961WGk4CpT8=
-72,2,Rx/VwXqQCJc7KPK0qarxNuLcTlY=,r7gJP9N9MaHnV721961WGk4CpT8=
-72,3,Rx/VwXqQCJc7KPK0qarxNuLcTlY=,r7gJP9N9MaHnV721961WGk4CpT8=
-72,4,Rx/VwXqQCJc7KPK0qarxNuLcTlY=,r7gJP9N9MaHnV721961WGk4CpT8=
-72,5,Rx/VwXqQCJc7KPK0qarxNuLcTlY=,t/IpcGkZbgHoonDzlnhNOgGZjcg=
-72,6,Rx/VwXqQCJc7KPK0qarxNuLcTlY=,KBL3sfZlQHfXyXO/x0gbuL1gSmQ=
-72,7,Rx/VwXqQCJc7KPK0qarxNuLcTlY=,EGl0G2+vrH2NHC577580KhIwFZA=
-71,25,Rx/VwXqQCJc7KPK0qarxNuLcTlY=,QkfbtT0opdQZuakQCde2uAfGzXY=
-71,24,Rx/VwXqQCJc7KPK0qarxNuLcTlY=,ZWou62hAnkgWLrgzjOePsllaJXk=
-71,27,Rx/VwXqQCJc7KPK0qarxNuLcTlY=,05dyvwtGJiRLv4UHENr8iwHQndQ=
-71,26,Rx/VwXqQCJc7KPK0qarxNuLcTlY=,YLQsVZcoGx0tgdWYuE/kCNFW2c0=
-71,29,Rx/VwXqQCJc7KPK0qarxNuLcTlY=,FWPlawyp3dcoWd4jghMDwpVY9Mo=
-71,28,Rx/VwXqQCJc7KPK0qarxNuLcTlY=,S5kTMwStcsZNN1tbuN/4KtvP4Eg=
-71,31,uRdr1dgfqjsHkgdo6ZKPDPJcd2s=,T86I0Is9gyZOI30frgI2ZPhQwMY=
-71,30,uRdr1dgfqjsHkgdo6ZKPDPJcd2s=,FWPlawyp3dcoWd4jghMDwpVY9Mo=
-71,17,uRdr1dgfqjsHkgdo6ZKPDPJcd2s=,DFK4ooxU0/jN+0434zlVT7AczsE=
-71,16,uRdr1dgfqjsHkgdo6ZKPDPJcd2s=,QA+IdO456WDWddaP0C4brBoZ0/0=
-71,19,uRdr1dgfqjsHkgdo6ZKPDPJcd2s=,DFK4ooxU0/jN+0434zlVT7AczsE=
-71,18,uRdr1dgfqjsHkgdo6ZKPDPJcd2s=,DFK4ooxU0/jN+0434zlVT7AczsE=
-71,21,uRdr1dgfqjsHkgdo6ZKPDPJcd2s=,0//3vAtbL7Q/zetysfP95aitS8g=
-71,20,uRdr1dgfqjsHkgdo6ZKPDPJcd2s=,8X1IyifefhbfPOQK2mxvOxMoS6s=
-71,23,uRdr1dgfqjsHkgdo6ZKPDPJcd2s=,0//3vAtbL7Q/zetysfP95aitS8g=
-71,22,uRdr1dgfqjsHkgdo6ZKPDPJcd2s=,0//3vAtbL7Q/zetysfP95aitS8g=
-71,9,uRdr1dgfqjsHkgdo6ZKPDPJcd2s=,XKqY0a8v0eWolEiOkTEZyTuJfu0=
-71,8,uRdr1dgfqjsHkgdo6ZKPDPJcd2s=,XKqY0a8v0eWolEiOkTEZyTuJfu0=
-71,11,uRdr1dgfqjsHkgdo6ZKPDPJcd2s=,rWdY/22lNYmvzAJMTSyD5a65i5c=
-71,10,uRdr1dgfqjsHkgdo6ZKPDPJcd2s=,CRS1DMQfbumvUQ14kjY5M3FbAGA=
-71,13,yKvXC6/VqbyPTONjbnqScRbhHGI=,3c3UmBC/kvPI9LE9UR4WjqZw05w=
-71,12,yKvXC6/VqbyPTONjbnqScRbhHGI=,3c3UmBC/kvPI9LE9UR4WjqZw05w=
-71,15,yKvXC6/VqbyPTONjbnqScRbhHGI=,XKqY0a8v0eWolEiOkTEZyTuJfu0=
-71,14,yKvXC6/VqbyPTONjbnqScRbhHGI=,JmvbDESiyYmfugs24l5EKRqgx0g=
-71,1,yKvXC6/VqbyPTONjbnqScRbhHGI=,4uKv0Zz2tfRyCEhwNrz2+9S65zQ=
-71,0,yKvXC6/VqbyPTONjbnqScRbhHGI=,hqjNSrBhCCPrnEC1Tx0G8UCwFd8=
-71,3,yKvXC6/VqbyPTONjbnqScRbhHGI=,4uKv0Zz2tfRyCEhwNrz2+9S65zQ=
-71,2,yKvXC6/VqbyPTONjbnqScRbhHGI=,4uKv0Zz2tfRyCEhwNrz2+9S65zQ=
-71,5,yKvXC6/VqbyPTONjbnqScRbhHGI=,Hr4dFU6h9Rrw1O3s7LAlEiHSdLs=
-71,4,yKvXC6/VqbyPTONjbnqScRbhHGI=,4uKv0Zz2tfRyCEhwNrz2+9S65zQ=
-71,7,yKvXC6/VqbyPTONjbnqScRbhHGI=,EGl0G2+vrH2NHC577580KhIwFZA=
-71,6,yKvXC6/VqbyPTONjbnqScRbhHGI=,Zl3t+lUaHkl8vfnuSaVLeVd/4n4=
-70,26,yKvXC6/VqbyPTONjbnqScRbhHGI=,Ib47JANoBihLWm3RkqNvISGG4U0=
-70,27,yKvXC6/VqbyPTONjbnqScRbhHGI=,GhlaS8AAuRa8aTaoDoQsM1xVc/8=
-70,24,yKvXC6/VqbyPTONjbnqScRbhHGI=,NLanqbKSgAQ3YgFAhNCmBCRrgOg=
-70,25,yKvXC6/VqbyPTONjbnqScRbhHGI=,2sEa/bBdcktdbbVdB32/DAArd5E=
-70,30,qqxCND4lvoOnr8yHxelzqRxl0mU=,FWPlawyp3dcoWd4jghMDwpVY9Mo=
-70,31,qqxCND4lvoOnr8yHxelzqRxl0mU=,T86I0Is9gyZOI30frgI2ZPhQwMY=
-70,28,qqxCND4lvoOnr8yHxelzqRxl0mU=,dTqSHVA3lgbHVwNs3FNnh8n+I6Y=
-70,29,qqxCND4lvoOnr8yHxelzqRxl0mU=,FWPlawyp3dcoWd4jghMDwpVY9Mo=
-70,18,qqxCND4lvoOnr8yHxelzqRxl0mU=,7CA64eTvG9m9Vy9p16/Dny8lKik=
-70,19,qqxCND4lvoOnr8yHxelzqRxl0mU=,7CA64eTvG9m9Vy9p16/Dny8lKik=
-70,16,qqxCND4lvoOnr8yHxelzqRxl0mU=,2XgabXMxUnjxoQ+pCxUsngubluU=
-70,17,qqxCND4lvoOnr8yHxelzqRxl0mU=,7CA64eTvG9m9Vy9p16/Dny8lKik=
-70,22,qqxCND4lvoOnr8yHxelzqRxl0mU=,0//3vAtbL7Q/zetysfP95aitS8g=
-70,23,qqxCND4lvoOnr8yHxelzqRxl0mU=,0//3vAtbL7Q/zetysfP95aitS8g=
-70,20,qqxCND4lvoOnr8yHxelzqRxl0mU=,1B7NJc2QlUdtUp9+MS4NXMgtrjA=
-70,21,qqxCND4lvoOnr8yHxelzqRxl0mU=,0//3vAtbL7Q/zetysfP95aitS8g=
-70,10,qqxCND4lvoOnr8yHxelzqRxl0mU=,ODsT5gyJdQFPLCs1t0v2nynAb+I=
-70,11,qqxCND4lvoOnr8yHxelzqRxl0mU=,KZVNve3O4pWFIbIU7vXXhor7PNI=
-70,8,C3nNabdsRy+y5uKeyLdr7w01Bp4=,A3qPAgbprMIus90u+FiUg8xEZdw=
-70,9,C3nNabdsRy+y5uKeyLdr7w01Bp4=,zJrSS0Dn3yIXHup/xQof0kaUy1w=
-70,14,C3nNabdsRy+y5uKeyLdr7w01Bp4=,XKqY0a8v0eWolEiOkTEZyTuJfu0=
-70,15,C3nNabdsRy+y5uKeyLdr7w01Bp4=,XKqY0a8v0eWolEiOkTEZyTuJfu0=
-70,12,C3nNabdsRy+y5uKeyLdr7w01Bp4=,XKqY0a8v0eWolEiOkTEZyTuJfu0=
-70,13,C3nNabdsRy+y5uKeyLdr7w01Bp4=,XKqY0a8v0eWolEiOkTEZyTuJfu0=
-70,2,C3nNabdsRy+y5uKeyLdr7w01Bp4=,ZUpxqGVlx7Eks3ThFcWMfgwg7m0=
-70,3,C3nNabdsRy+y5uKeyLdr7w01Bp4=,cJBLxx2sAeb3g/Jwv+71k5P13kQ=
-70,0,C3nNabdsRy+y5uKeyLdr7w01Bp4=,hqjNSrBhCCPrnEC1Tx0G8UCwFd8=
-70,1,C3nNabdsRy+y5uKeyLdr7w01Bp4=,PvaXSDALBDo9OPR7qYbMjwOvcjE=
-70,6,C3nNabdsRy+y5uKeyLdr7w01Bp4=,Zl3t+lUaHkl8vfnuSaVLeVd/4n4=
-70,7,C3nNabdsRy+y5uKeyLdr7w01Bp4=,EGl0G2+vrH2NHC577580KhIwFZA=
-70,4,C3nNabdsRy+y5uKeyLdr7w01Bp4=,4uKv0Zz2tfRyCEhwNrz2+9S65zQ=
-70,5,C3nNabdsRy+y5uKeyLdr7w01Bp4=,Hr4dFU6h9Rrw1O3s7LAlEiHSdLs=
-69,27,C3nNabdsRy+y5uKeyLdr7w01Bp4=,5npElDTvDRYg4GdRvJLYeAMElBY=
-69,26,dlZx7n6QMPOiadE6Xpxa8wzj224=,WG8mM+60/ccWOLYK7HbTyvwqlkA=
-69,25,dlZx7n6QMPOiadE6Xpxa8wzj224=,2sEa/bBdcktdbbVdB32/DAArd5E=
-69,24,dlZx7n6QMPOiadE6Xpxa8wzj224=,NLanqbKSgAQ3YgFAhNCmBCRrgOg=
-69,31,dlZx7n6QMPOiadE6Xpxa8wzj224=,T86I0Is9gyZOI30frgI2ZPhQwMY=
-69,30,dlZx7n6QMPOiadE6Xpxa8wzj224=,FWPlawyp3dcoWd4jghMDwpVY9Mo=
-69,29,dlZx7n6QMPOiadE6Xpxa8wzj224=,whcusi9IwIYEvrJHq1nr6HSEjb4=
-69,28,dlZx7n6QMPOiadE6Xpxa8wzj224=,Tx+sbh/JbLcyiHBT8TXLYrvpl48=
-69,19,dlZx7n6QMPOiadE6Xpxa8wzj224=,R275rJ7qlW8urJGnmFir4wU+Gkk=
-69,18,dlZx7n6QMPOiadE6Xpxa8wzj224=,7GbscANp3vTvSOCx27ryyF4niTk=
-69,17,dlZx7n6QMPOiadE6Xpxa8wzj224=,7GbscANp3vTvSOCx27ryyF4niTk=
-69,16,dlZx7n6QMPOiadE6Xpxa8wzj224=,Uqv1ePLS9C0X5onsFM4QGcWwluU=
-69,23,dlZx7n6QMPOiadE6Xpxa8wzj224=,0//3vAtbL7Q/zetysfP95aitS8g=
-69,22,dlZx7n6QMPOiadE6Xpxa8wzj224=,8X1IyifefhbfPOQK2mxvOxMoS6s=
-69,21,dlZx7n6QMPOiadE6Xpxa8wzj224=,DFK4ooxU0/jN+0434zlVT7AczsE=
-69,20,dlZx7n6QMPOiadE6Xpxa8wzj224=,gPN6F42VOfNUsfd7AgZAeLQq3aw=
-69,11,nBscPkGf++mKM6L7sQ6MPXzaNgE=,r8zYCqLWU4mDMBJZ9DAhbwvPLIg=
-69,10,nBscPkGf++mKM6L7sQ6MPXzaNgE=,kGP0A66RXhR+EL9okpl/HUo153g=
-69,9,nBscPkGf++mKM6L7sQ6MPXzaNgE=,WwWrgx75WCDHnf5maplTZ2+KMng=
-69,8,nBscPkGf++mKM6L7sQ6MPXzaNgE=,D/gL9J0oFCHPq/564tjFJHZrPBQ=
-69,15,nBscPkGf++mKM6L7sQ6MPXzaNgE=,XKqY0a8v0eWolEiOkTEZyTuJfu0=
-69,14,nBscPkGf++mKM6L7sQ6MPXzaNgE=,PJLW3sXmOZF7++CmhQZyaIct2h4=
-69,13,nBscPkGf++mKM6L7sQ6MPXzaNgE=,zJrSS0Dn3yIXHup/xQof0kaUy1w=
-69,12,nBscPkGf++mKM6L7sQ6MPXzaNgE=,zJrSS0Dn3yIXHup/xQof0kaUy1w=
-69,3,nBscPkGf++mKM6L7sQ6MPXzaNgE=,PYa6ewr5ychWfQGROxsOih1M2xw=
-69,2,nBscPkGf++mKM6L7sQ6MPXzaNgE=,EGl0G2+vrH2NHC577580KhIwFZA=
-69,1,nBscPkGf++mKM6L7sQ6MPXzaNgE=,TU1oL25gH79mECxp4ZBTDDrXmIo=
-69,0,nBscPkGf++mKM6L7sQ6MPXzaNgE=,KRce40jDaRwuqw/xIW4P4x8G88M=
-69,7,nBscPkGf++mKM6L7sQ6MPXzaNgE=,EGl0G2+vrH2NHC577580KhIwFZA=
-69,6,nBscPkGf++mKM6L7sQ6MPXzaNgE=,Zl3t+lUaHkl8vfnuSaVLeVd/4n4=
-69,5,nBscPkGf++mKM6L7sQ6MPXzaNgE=,F710+cr6vX0VpP5UORKTNp5X8Xk=
-69,4,q4eErTSQk2/VVTXI7DF5bZLU7T8=,u8VevtRc4DR0X6YRYoRl0+0tNtg=
-68,28,q4eErTSQk2/VVTXI7DF5bZLU7T8=,wd3zcf0tu5pnMeLZobZVIhXqIXQ=
-68,29,q4eErTSQk2/VVTXI7DF5bZLU7T8=,PK3u2oe2eJMeSqK+OtV81/xBoNU=
-68,30,q4eErTSQk2/VVTXI7DF5bZLU7T8=,eypcKOpkOcXA/N7FthBx4VbwVoU=
-68,31,q4eErTSQk2/VVTXI7DF5bZLU7T8=,DUcT1/4/mpGo84dwOQN8b5Bccy8=
-68,24,q4eErTSQk2/VVTXI7DF5bZLU7T8=,zCogZvSW9CjqklqJOMhTC6S1sQs=
-68,25,q4eErTSQk2/VVTXI7DF5bZLU7T8=,GkilU+4vE1ANjJXv/eXmzbn+gNw=
-68,26,q4eErTSQk2/VVTXI7DF5bZLU7T8=,SnbZLBBKHenP38rKV2MFNEaz7rw=
-68,27,q4eErTSQk2/VVTXI7DF5bZLU7T8=,2sEa/bBdcktdbbVdB32/DAArd5E=
-68,20,q4eErTSQk2/VVTXI7DF5bZLU7T8=,exopW6X3rSMUBbn6Nry+ZmAU5q0=
-68,21,q4eErTSQk2/VVTXI7DF5bZLU7T8=,7CA64eTvG9m9Vy9p16/Dny8lKik=
-68,22,q4eErTSQk2/VVTXI7DF5bZLU7T8=,gPN6F42VOfNUsfd7AgZAeLQq3aw=
-68,23,q4eErTSQk2/VVTXI7DF5bZLU7T8=,8X1IyifefhbfPOQK2mxvOxMoS6s=
-68,16,q4eErTSQk2/VVTXI7DF5bZLU7T8=,lwvISJ7tBf0CL/ltVxZ0ufFYDjk=
-68,17,q4eErTSQk2/VVTXI7DF5bZLU7T8=,lwvISJ7tBf0CL/ltVxZ0ufFYDjk=
-68,18,qRxvawKZnhGvCvcxTuAiUfHH3AU=,9e2wWoiUTq31ajcwofb+FnE2f9o=
-68,19,qRxvawKZnhGvCvcxTuAiUfHH3AU=,VVmnCyfLgV84chxPI7pV345odGw=
-68,12,qRxvawKZnhGvCvcxTuAiUfHH3AU=,Kutv2DCSTCdtRGD27SNfCIO5n/E=
-68,13,qRxvawKZnhGvCvcxTuAiUfHH3AU=,8U5BzTYwslmsSx729I8W3W4PHek=
-68,14,qRxvawKZnhGvCvcxTuAiUfHH3AU=,khuh+Wkgsi/7WZ9qIPGdeuVSLeo=
-68,15,qRxvawKZnhGvCvcxTuAiUfHH3AU=,XKqY0a8v0eWolEiOkTEZyTuJfu0=
-68,8,qRxvawKZnhGvCvcxTuAiUfHH3AU=,D/gL9J0oFCHPq/564tjFJHZrPBQ=
-68,9,qRxvawKZnhGvCvcxTuAiUfHH3AU=,8iM3t1D308HV/oG0Hx7704lh5sY=
-68,10,qRxvawKZnhGvCvcxTuAiUfHH3AU=,b9WFshOunHH1s+xuC4PwIs8CU0Q=
-68,11,qRxvawKZnhGvCvcxTuAiUfHH3AU=,waSsTjg1Vca+imAzZN6xeLRISOk=
-68,4,qRxvawKZnhGvCvcxTuAiUfHH3AU=,9PfWZkx0riixpV+nfT6AWPbBchI=
-68,5,qRxvawKZnhGvCvcxTuAiUfHH3AU=,9PfWZkx0riixpV+nfT6AWPbBchI=
-68,6,qRxvawKZnhGvCvcxTuAiUfHH3AU=,ltGhVREtLkBgqj2YQpwKLr7FO7I=
-68,7,qRxvawKZnhGvCvcxTuAiUfHH3AU=,KBL3sfZlQHfXyXO/x0gbuL1gSmQ=
-68,0,qRxvawKZnhGvCvcxTuAiUfHH3AU=,EGl0G2+vrH2NHC577580KhIwFZA=
-68,1,+pQGjukd/0tO2dKfQS3UyMDKiRo=,EGl0G2+vrH2NHC577580KhIwFZA=
-68,2,+pQGjukd/0tO2dKfQS3UyMDKiRo=,EGl0G2+vrH2NHC577580KhIwFZA=
-68,3,+pQGjukd/0tO2dKfQS3UyMDKiRo=,tz7OtlB/p18oW9wDgoGg8SmnBgI=
-67,29,+pQGjukd/0tO2dKfQS3UyMDKiRo=,qHIypc1QJqdZk/b4RSb8LS/yCSs=
-67,28,+pQGjukd/0tO2dKfQS3UyMDKiRo=,b2f+jyLkg4dqAh3ObjmlxssSJzs=
-67,31,+pQGjukd/0tO2dKfQS3UyMDKiRo=,eYHNtQvJyQ//aq+LeauqL3AAAMY=
-67,30,+pQGjukd/0tO2dKfQS3UyMDKiRo=,qHIypc1QJqdZk/b4RSb8LS/yCSs=
-67,25,+pQGjukd/0tO2dKfQS3UyMDKiRo=,GhlaS8AAuRa8aTaoDoQsM1xVc/8=
-67,24,+pQGjukd/0tO2dKfQS3UyMDKiRo=,GhlaS8AAuRa8aTaoDoQsM1xVc/8=
-67,27,+pQGjukd/0tO2dKfQS3UyMDKiRo=,GkilU+4vE1ANjJXv/eXmzbn+gNw=
-67,26,+pQGjukd/0tO2dKfQS3UyMDKiRo=,zCogZvSW9CjqklqJOMhTC6S1sQs=
-67,21,+pQGjukd/0tO2dKfQS3UyMDKiRo=,rwTCZMbN7j1krtC2oz1SB6gg1OE=
-67,20,+pQGjukd/0tO2dKfQS3UyMDKiRo=,ROcF2e0lVrgkFUB7W/WbCsiX+xM=
-67,23,+pQGjukd/0tO2dKfQS3UyMDKiRo=,6CavY+9SG8WiOyP/MceDzpPHwbo=
-67,22,+pQGjukd/0tO2dKfQS3UyMDKiRo=,rwTCZMbN7j1krtC2oz1SB6gg1OE=
-67,17,tkhhwQHU+aPFRcAY/1Ih5L0gOts=,jVpIJSzBmQaxOAmBPvSVZ6WNjqE=
-67,16,tkhhwQHU+aPFRcAY/1Ih5L0gOts=,jVpIJSzBmQaxOAmBPvSVZ6WNjqE=
-67,19,tkhhwQHU+aPFRcAY/1Ih5L0gOts=,vY/poIpeSxvMod8YyMOiADKm5e0=
-67,18,tkhhwQHU+aPFRcAY/1Ih5L0gOts=,5ES9NsJeCFffH85uY72myfiBNCw=
-67,13,tkhhwQHU+aPFRcAY/1Ih5L0gOts=,oMjWbeQMneEOugAj14qSmO0QNds=
-67,12,tkhhwQHU+aPFRcAY/1Ih5L0gOts=,IjVC+9ksC35nN4YeMlfuXTRzZCc=
-67,15,tkhhwQHU+aPFRcAY/1Ih5L0gOts=,PJLW3sXmOZF7++CmhQZyaIct2h4=
-67,14,tkhhwQHU+aPFRcAY/1Ih5L0gOts=,QjRWkkFyHMhaw3IHYsTrEonZXPU=
-67,9,tkhhwQHU+aPFRcAY/1Ih5L0gOts=,WSNH+CssJKicQCU2FHPTc25W+0I=
-67,8,tkhhwQHU+aPFRcAY/1Ih5L0gOts=,D/gL9J0oFCHPq/564tjFJHZrPBQ=
-67,11,tkhhwQHU+aPFRcAY/1Ih5L0gOts=,VDuHfES/ce64b+Qz7d70JQ+UrNI=
-67,10,tkhhwQHU+aPFRcAY/1Ih5L0gOts=,VDuHfES/ce64b+Qz7d70JQ+UrNI=
-67,5,tkhhwQHU+aPFRcAY/1Ih5L0gOts=,KfXxbODe82E/yRlTdKPwrrPPHns=
-67,4,tkhhwQHU+aPFRcAY/1Ih5L0gOts=,KfXxbODe82E/yRlTdKPwrrPPHns=
-67,7,tkhhwQHU+aPFRcAY/1Ih5L0gOts=,Zl3t+lUaHkl8vfnuSaVLeVd/4n4=
-67,6,lFqi8zvl26KEvW0qv1bIHQ45vdo=,RfUVqY2xASuHExii4P0+MTWsDY8=
-67,1,lFqi8zvl26KEvW0qv1bIHQ45vdo=,vrizm0gwnCd9d2hbd8IB+p9IqXc=
-67,0,lFqi8zvl26KEvW0qv1bIHQ45vdo=,T74J28Fi1pOcTI410g9o9ILqV10=
-67,3,lFqi8zvl26KEvW0qv1bIHQ45vdo=,nYrIa2mWnBWMicAQHebVE+Zml88=
-67,2,lFqi8zvl26KEvW0qv1bIHQ45vdo=,vrizm0gwnCd9d2hbd8IB+p9IqXc=
-66,30,lFqi8zvl26KEvW0qv1bIHQ45vdo=,qHIypc1QJqdZk/b4RSb8LS/yCSs=
-66,31,lFqi8zvl26KEvW0qv1bIHQ45vdo=,eYHNtQvJyQ//aq+LeauqL3AAAMY=
-66,28,lFqi8zvl26KEvW0qv1bIHQ45vdo=,DuS7+cvZEq97hwaBEkN0ljpCs08=
-66,29,lFqi8zvl26KEvW0qv1bIHQ45vdo=,qHIypc1QJqdZk/b4RSb8LS/yCSs=
-66,26,lFqi8zvl26KEvW0qv1bIHQ45vdo=,GhlaS8AAuRa8aTaoDoQsM1xVc/8=
-66,27,lFqi8zvl26KEvW0qv1bIHQ45vdo=,GhlaS8AAuRa8aTaoDoQsM1xVc/8=
-66,24,lFqi8zvl26KEvW0qv1bIHQ45vdo=,GhlaS8AAuRa8aTaoDoQsM1xVc/8=
-66,25,lFqi8zvl26KEvW0qv1bIHQ45vdo=,GhlaS8AAuRa8aTaoDoQsM1xVc/8=
-66,22,lFqi8zvl26KEvW0qv1bIHQ45vdo=,y1lug9geP0IXKiE3UVkX0PA3bx8=
-66,23,lFqi8zvl26KEvW0qv1bIHQ45vdo=,UJngz3/NB2wvqRfPXs/Kh2S0E5U=
-66,20,o4zYFNKWMWEOSXEGMUbri0M8bcQ=,y1lug9geP0IXKiE3UVkX0PA3bx8=
-66,21,o4zYFNKWMWEOSXEGMUbri0M8bcQ=,y1lug9geP0IXKiE3UVkX0PA3bx8=
-66,18,o4zYFNKWMWEOSXEGMUbri0M8bcQ=,7NCETq1EHay229Dp4GJsBoV45bI=
-66,19,o4zYFNKWMWEOSXEGMUbri0M8bcQ=,lBxjhD/8RBwZqdau0m+1gLJGBdE=
-66,16,o4zYFNKWMWEOSXEGMUbri0M8bcQ=,WO4nUuegycqEJm57mDs9GmV9oto=
-66,17,o4zYFNKWMWEOSXEGMUbri0M8bcQ=,F7KVlofBW8pIbMY5XTSaqvKypT0=
-66,14,o4zYFNKWMWEOSXEGMUbri0M8bcQ=,WwWrgx75WCDHnf5maplTZ2+KMng=
-66,15,o4zYFNKWMWEOSXEGMUbri0M8bcQ=,khuh+Wkgsi/7WZ9qIPGdeuVSLeo=
-66,12,o4zYFNKWMWEOSXEGMUbri0M8bcQ=,8tgIwOTm1jRpeFA5kccR6Q/+9yU=
-66,13,o4zYFNKWMWEOSXEGMUbri0M8bcQ=,WwWrgx75WCDHnf5maplTZ2+KMng=
-66,10,o4zYFNKWMWEOSXEGMUbri0M8bcQ=,VDuHfES/ce64b+Qz7d70JQ+UrNI=
-66,11,o4zYFNKWMWEOSXEGMUbri0M8bcQ=,VDuHfES/ce64b+Qz7d70JQ+UrNI=
-66,8,o4zYFNKWMWEOSXEGMUbri0M8bcQ=,D/gL9J0oFCHPq/564tjFJHZrPBQ=
-66,9,o4zYFNKWMWEOSXEGMUbri0M8bcQ=,WSNH+CssJKicQCU2FHPTc25W+0I=
-66,6,o4zYFNKWMWEOSXEGMUbri0M8bcQ=,TDmAXiV7qQYIvlkI23Ojg3pdBQQ=
-66,7,ZjM6vKgdF7xdS/7F7sI1RGpN1rM=,Zl3t+lUaHkl8vfnuSaVLeVd/4n4=
-66,4,ZjM6vKgdF7xdS/7F7sI1RGpN1rM=,8PAqS5IL8N0z5DhdEboGQMITgbY=
-66,5,ZjM6vKgdF7xdS/7F7sI1RGpN1rM=,WAbMUkg2P03xMxRrAr7PzlaCYVs=
-66,2,ZjM6vKgdF7xdS/7F7sI1RGpN1rM=,8PAqS5IL8N0z5DhdEboGQMITgbY=
-66,3,ZjM6vKgdF7xdS/7F7sI1RGpN1rM=,8PAqS5IL8N0z5DhdEboGQMITgbY=
-66,0,ZjM6vKgdF7xdS/7F7sI1RGpN1rM=,uwKbqcXzXMDUYGHhaIrD4GPsVjw=
-66,1,ZjM6vKgdF7xdS/7F7sI1RGpN1rM=,eOSqsISmoeBPq3hb3XD1dZ7gyZs=
-65,31,ZjM6vKgdF7xdS/7F7sI1RGpN1rM=,5ADz7tGBOEmZuVPlaoBL3zg5Xec=
-65,30,ZjM6vKgdF7xdS/7F7sI1RGpN1rM=,mayHKD+HR0DZd06ga2N1hMDLzl8=
-65,29,ZjM6vKgdF7xdS/7F7sI1RGpN1rM=,mayHKD+HR0DZd06ga2N1hMDLzl8=
-65,28,ZjM6vKgdF7xdS/7F7sI1RGpN1rM=,S79ZVsPq7e+zAfPBfwv8ZGidWBw=
-65,27,ZjM6vKgdF7xdS/7F7sI1RGpN1rM=,GhlaS8AAuRa8aTaoDoQsM1xVc/8=
-65,26,ZjM6vKgdF7xdS/7F7sI1RGpN1rM=,GhlaS8AAuRa8aTaoDoQsM1xVc/8=
-65,25,ZjM6vKgdF7xdS/7F7sI1RGpN1rM=,GhlaS8AAuRa8aTaoDoQsM1xVc/8=
-65,24,ZjM6vKgdF7xdS/7F7sI1RGpN1rM=,GhlaS8AAuRa8aTaoDoQsM1xVc/8=
-65,23,4U6YdDj4RoYnR+yBK9IgmRfgS+Q=,3Pqg56Nj+2Ph1ef2vT8zcSdNlK4=
-65,22,4U6YdDj4RoYnR+yBK9IgmRfgS+Q=,NJP1/R4DOkdqWhEp+xJNIKXUlIQ=
-65,21,4U6YdDj4RoYnR+yBK9IgmRfgS+Q=,NJP1/R4DOkdqWhEp+xJNIKXUlIQ=
-65,20,4U6YdDj4RoYnR+yBK9IgmRfgS+Q=,NJP1/R4DOkdqWhEp+xJNIKXUlIQ=
-65,19,4U6YdDj4RoYnR+yBK9IgmRfgS+Q=,i1e1BPs+Ckc0aIZj3C8IGdZ8kUs=
-65,18,4U6YdDj4RoYnR+yBK9IgmRfgS+Q=,74FMhHeRXUwLskf+kZqvL6OUf1Q=
-65,17,4U6YdDj4RoYnR+yBK9IgmRfgS+Q=,74FMhHeRXUwLskf+kZqvL6OUf1Q=
-65,16,4U6YdDj4RoYnR+yBK9IgmRfgS+Q=,b1dQXcj35P19tr6ws3JRVpZm5L8=
-65,15,4U6YdDj4RoYnR+yBK9IgmRfgS+Q=,khuh+Wkgsi/7WZ9qIPGdeuVSLeo=
-65,14,4U6YdDj4RoYnR+yBK9IgmRfgS+Q=,WwWrgx75WCDHnf5maplTZ2+KMng=
-65,13,4U6YdDj4RoYnR+yBK9IgmRfgS+Q=,WwWrgx75WCDHnf5maplTZ2+KMng=
-65,12,4U6YdDj4RoYnR+yBK9IgmRfgS+Q=,oMjWbeQMneEOugAj14qSmO0QNds=
-65,11,4U6YdDj4RoYnR+yBK9IgmRfgS+Q=,iBact++mCaLNniKyYnce/LOJjKY=
-65,10,4U6YdDj4RoYnR+yBK9IgmRfgS+Q=,iBact++mCaLNniKyYnce/LOJjKY=
-65,9,4U6YdDj4RoYnR+yBK9IgmRfgS+Q=,1AhI6BNvQ6Rk/rYpUdNG7HjEvQk=
-65,8,4U6YdDj4RoYnR+yBK9IgmRfgS+Q=,y+Xlt/XGp33zkLc1/YCvidLAYx4=
-65,7,+Msb+2ErCSVm3irpQsD1q9Ig7+w=,qt1/h9u6y2o474l0Jh4vtDY0GJU=
-65,6,+Msb+2ErCSVm3irpQsD1q9Ig7+w=,Hyz+gL3a1GTv/P5kYW9jgSDdZ74=
-65,5,+Msb+2ErCSVm3irpQsD1q9Ig7+w=,On49+fAafO+C1VbLyI3oQ8ybtYk=
-65,4,+Msb+2ErCSVm3irpQsD1q9Ig7+w=,xcbtVQu2a4U8TIJbD07R6dkH41o=
-65,3,+Msb+2ErCSVm3irpQsD1q9Ig7+w=,xcbtVQu2a4U8TIJbD07R6dkH41o=
-65,2,+Msb+2ErCSVm3irpQsD1q9Ig7+w=,xcbtVQu2a4U8TIJbD07R6dkH41o=
-65,1,+Msb+2ErCSVm3irpQsD1q9Ig7+w=,owlGNKX3Aevg9PN/WNsCv6tjS8I=
-65,0,+Msb+2ErCSVm3irpQsD1q9Ig7+w=,FwSYh5+WxxwITk3YAgVTx/z7mTU=
