-97,-1,ZeXE4QuRKYjML87oq+62a7re7js=,El4y+sfARC1Yk5X9VK2J7rDofLg=
-97,-2,ZeXE4QuRKYjML87oq+62a7re7js=,6Em0QliBWenXFnlJ22rRykamwt8=
-97,-3,ZeXE4QuRKYjML87oq+62a7re7js=,6Em0QliBWenXFnlJ22rRykamwt8=
-97,-4,aTIBcsMpQSvdvFCCKs3WNtQ+hqE=,0XVvRDrZ593ZKoWlli7i364PHW4=
-97,-5,aTIBcsMpQSvdvFCCKs3WNtQ+hqE=,OoazYy8TMQrEorObWRDCk0wK5Jo=
-97,-6,aTIBcsMpQSvdvFCCKs3WNtQ+hqE=,OoazYy8TMQrEorObWRDCk0wK5Jo=
-97,-7,aTIBcsMpQSvdvFCCKs3WNtQ+hqE=,J6d0OxUrlO/VURfmVOa3cFK2ltc=
-97,-8,aTIBcsMpQSvdvFCCKs3WNtQ+hqE=,LlzzkjmACMNfXpwcsmpDklhDv2E=
-97,-9,aTIBcsMpQSvdvFCCKs3WNtQ+hqE=,45hvzyj/xwDRNMpRF3sxIZbsVVc=
-97,-10,aTIBcsMpQSvdvFCCKs3WNtQ+hqE=,C/4KBC70HaVt9aY2L1RJmuyGWiM=
-97,-11,aTIBcsMpQSvdvFCCKs3WNtQ+hqE=,C/4KBC70HaVt9aY2L1RJmuyGWiM=
-97,-12,aTIBcsMpQSvdvFCCKs3WNtQ+hqE=,8bo5QI7Tv2Cg41p2bfbCLN/2ZWE=
-97,-13,aTIBcsMpQSvdvFCCKs3WNtQ+hqE=,0lgRoiIhNbM/NtShRyDJyBtyBVU=
-97,-14,aTIBcsMpQSvdvFCCKs3WNtQ+hqE=,HfBUMe3DgV9WEdccqvZHoQeceq8=
-97,-15,aTIBcsMpQSvdvFCCKs3WNtQ+hqE=,HfBUMe3DgV9WEdccqvZHoQeceq8=
-97,-16,aTIBcsMpQSvdvFCCKs3WNtQ+hqE=,HfBUMe3DgV9WEdccqvZHoQeceq8=
-97,-17,aTIBcsMpQSvdvFCCKs3WNtQ+hqE=,yFyV5zfhuAD5Kum6rHZsx2Vz87U=
-97,-18,Uq331MUtUbni925191cVB2gYP5U=,MLfocKAXPd4LaxCAo4XKkIJbL5o=
-97,-19,Uq331MUtUbni925191cVB2gYP5U=,MLfocKAXPd4LaxCAo4XKkIJbL5o=
-97,-20,Uq331MUtUbni925191cVB2gYP5U=,MLfocKAXPd4LaxCAo4XKkIJbL5o=
-97,-21,Uq331MUtUbni925191cVB2gYP5U=,MLfocKAXPd4LaxCAo4XKkIJbL5o=
-97,-22,Uq331MUtUbni925191cVB2gYP5U=,MLfocKAXPd4LaxCAo4XKkIJbL5o=
-97,-23,Uq331MUtUbni925191cVB2gYP5U=,U/ASgWaqW2Va0lQKUaHsO+155Uk=
-97,-24,Uq331MUtUbni925191cVB2gYP5U=,Z+DFQsOa2IkWoEa8V9ohN5WAu1w=
-97,-25,Uq331MUtUbni925191cVB2gYP5U=,IOJzp23J8VQdJxRN5UZfVRz9aXk=
-97,-26,Uq331MUtUbni925191cVB2gYP5U=,IOJzp23J8VQdJxRN5UZfVRz9aXk=
-97,-27,Uq331MUtUbni925191cVB2gYP5U=,IOJzp23J8VQdJxRN5UZfVRz9aXk=
-97,-28,Uq331MUtUbni925191cVB2gYP5U=,6HzRiEejOUHwQaB2oA9fxS1Aug8=
-97,-29,Uq331MUtUbni925191cVB2gYP5U=,eZGH32OCF3sOScz3ic9fnvMGEPU=
-97,-30,Uq331MUtUbni925191cVB2gYP5U=,eZGH32OCF3sOScz3ic9fnvMGEPU=
-97,-31,Uq331MUtUbni925191cVB2gYP5U=,2UwoqyRwzrPtHSbmUdpsxzoinT8=
-97,-32,Uq331MUtUbni925191cVB2gYP5U=,IOJzp23J8VQdJxRN5UZfVRz9aXk=
-98,-2,xdkrzuMjCHjkRmMUEUG3MDPricQ=,6Em0QliBWenXFnlJ22rRykamwt8=
-98,-1,xdkrzuMjCHjkRmMUEUG3MDPricQ=,El4y+sfARC1Yk5X9VK2J7rDofLg=
-98,-4,xdkrzuMjCHjkRmMUEUG3MDPricQ=,QfzdtFe/pbBAHJP5WizTQ99Uurg=
-98,-3,xdkrzuMjCHjkRmMUEUG3MDPricQ=,6Em0QliBWenXFnlJ22rRykamwt8=
-98,-6,xdkrzuMjCHjkRmMUEUG3MDPricQ=,vkT59Z+UMHtpzJtF/kb6G3/aGc4=
-98,-5,xdkrzuMjCHjkRmMUEUG3MDPricQ=,YMF3A5ZFC6RzDNeywIec/y1ei5s=
-98,-8,xdkrzuMjCHjkRmMUEUG3MDPricQ=,okaPjiamerJKI/2QfutxX0EiS+k=
-98,-7,xdkrzuMjCHjkRmMUEUG3MDPricQ=,NyfhbYuMdFoerfFfzJ0Msia1LfM=
-98,-10,xdkrzuMjCHjkRmMUEUG3MDPricQ=,C/4KBC70HaVt9aY2L1RJmuyGWiM=
-98,-9,xdkrzuMjCHjkRmMUEUG3MDPricQ=,C/4KBC70HaVt9aY2L1RJmuyGWiM=
-98,-12,xdkrzuMjCHjkRmMUEUG3MDPricQ=,C/4KBC70HaVt9aY2L1RJmuyGWiM=
-98,-11,xdkrzuMjCHjkRmMUEUG3MDPricQ=,C/4KBC70HaVt9aY2L1RJmuyGWiM=
-98,-14,xdkrzuMjCHjkRmMUEUG3MDPricQ=,0lgRoiIhNbM/NtShRyDJyBtyBVU=
-98,-13,xdkrzuMjCHjkRmMUEUG3MDPricQ=,8bo5QI7Tv2Cg41p2bfbCLN/2ZWE=
-98,-16,xdkrzuMjCHjkRmMUEUG3MDPricQ=,HfBUMe3DgV9WEdccqvZHoQeceq8=
-98,-15,v1dC1/qFd+ECsIKiFTIP6MvEmSQ=,HfBUMe3DgV9WEdccqvZHoQeceq8=
-98,-18,v1dC1/qFd+ECsIKiFTIP6MvEmSQ=,/bJ4d27gRcjUGPsmdjGph5fvZkQ=
-98,-17,v1dC1/qFd+ECsIKiFTIP6MvEmSQ=,rlQEeryXnyDJPtURh6CHYSHeukE=
-98,-20,v1dC1/qFd+ECsIKiFTIP6MvEmSQ=,Bl+0BUy/m5cU/qLniw+bFDcHc/Q=
-98,-19,v1dC1/qFd+ECsIKiFTIP6MvEmSQ=,XJqTg7hNKMlKjIY3ZZcd87pMVuo=
-98,-22,v1dC1/qFd+ECsIKiFTIP6MvEmSQ=,Bl+0BUy/m5cU/qLniw+bFDcHc/Q=
-98,-21,v1dC1/qFd+ECsIKiFTIP6MvEmSQ=,Bl+0BUy/m5cU/qLniw+bFDcHc/Q=
-98,-24,v1dC1/qFd+ECsIKiFTIP6MvEmSQ=,oL/nG9SZSBrEoDb61TvdRXGeeLw=
-98,-23,v1dC1/qFd+ECsIKiFTIP6MvEmSQ=,4nSt36sXNB8UWLP668jdinuwyrk=
-98,-26,v1dC1/qFd+ECsIKiFTIP6MvEmSQ=,IOJzp23J8VQdJxRN5UZfVRz9aXk=
-98,-25,v1dC1/qFd+ECsIKiFTIP6MvEmSQ=,IOJzp23J8VQdJxRN5UZfVRz9aXk=
-98,-28,v1dC1/qFd+ECsIKiFTIP6MvEmSQ=,GtoAMjIMZSw0bctleznIF9ppBMo=
-98,-27,v1dC1/qFd+ECsIKiFTIP6MvEmSQ=,IOJzp23J8VQdJxRN5UZfVRz9aXk=
-98,-30,v1dC1/qFd+ECsIKiFTIP6MvEmSQ=,YUiSjIcB5aAEaVGLufsStGcdN2c=
-98,-29,15Sn1csPBneaZy48zeBsG4nTee0=,YUiSjIcB5aAEaVGLufsStGcdN2c=
-98,-32,15Sn1csPBneaZy48zeBsG4nTee0=,2UwoqyRwzrPtHSbmUdpsxzoinT8=
-98,-31,15Sn1csPBneaZy48zeBsG4nTee0=,x1A9ZlmtxN6QnmCSdtS+pGoZXLA=
-99,-3,15Sn1csPBneaZy48zeBsG4nTee0=,6Em0QliBWenXFnlJ22rRykamwt8=
-99,-4,15Sn1csPBneaZy48zeBsG4nTee0=,QfzdtFe/pbBAHJP5WizTQ99Uurg=
-99,-1,15Sn1csPBneaZy48zeBsG4nTee0=,Qdl7giejRqt6fglEgeXw6KTrTa0=
-99,-2,15Sn1csPBneaZy48zeBsG4nTee0=,lDkhr8mnFq4J88xCXh2oSDJ5K8s=
-99,-7,15Sn1csPBneaZy48zeBsG4nTee0=,6Em0QliBWenXFnlJ22rRykamwt8=
-99,-8,15Sn1csPBneaZy48zeBsG4nTee0=,OWKLprMhlH+tdlqqWp8z53chdkk=
-99,-5,15Sn1csPBneaZy48zeBsG4nTee0=,AeyyZy4dKdlemoKVv+3yVDEbsAw=
-99,-6,15Sn1csPBneaZy48zeBsG4nTee0=,6Em0QliBWenXFnlJ22rRykamwt8=
-99,-11,15Sn1csPBneaZy48zeBsG4nTee0=,C/4KBC70HaVt9aY2L1RJmuyGWiM=
-99,-12,15Sn1csPBneaZy48zeBsG4nTee0=,C/4KBC70HaVt9aY2L1RJmuyGWiM=
-99,-9,15Sn1csPBneaZy48zeBsG4nTee0=,C/4KBC70HaVt9aY2L1RJmuyGWiM=
-99,-10,15Sn1csPBneaZy48zeBsG4nTee0=,C/4KBC70HaVt9aY2L1RJmuyGWiM=
-99,-15,15Sn1csPBneaZy48zeBsG4nTee0=,HfBUMe3DgV9WEdccqvZHoQeceq8=
-99,-16,AOXmZRscuqKVXoPFJcnl2sgZHRs=,HfBUMe3DgV9WEdccqvZHoQeceq8=
-99,-13,AOXmZRscuqKVXoPFJcnl2sgZHRs=,HtjskQ+0rjfueXsakNfBlrRFp2Q=
-99,-14,AOXmZRscuqKVXoPFJcnl2sgZHRs=,Aj4EMUusxCwHqZug2Gc3ShaLGo4=
-99,-19,AOXmZRscuqKVXoPFJcnl2sgZHRs=,NZ1Crlo9lO+QUZwWlhaPYETzIV0=
-99,-20,AOXmZRscuqKVXoPFJcnl2sgZHRs=,Z+DFQsOa2IkWoEa8V9ohN5WAu1w=
-99,-17,AOXmZRscuqKVXoPFJcnl2sgZHRs=,X65LJ4hKf+CoXJd/d4K70vrwVAs=
-99,-18,AOXmZRscuqKVXoPFJcnl2sgZHRs=,mEZOKVUsywSNCVOHfiiNHs5XKB0=
-99,-23,AOXmZRscuqKVXoPFJcnl2sgZHRs=,ous6O3khoAluVgQJJtqITE4nPUQ=
-99,-24,AOXmZRscuqKVXoPFJcnl2sgZHRs=,05e2YSsyFdSoJSCQ/2m4RvQELRc=
-99,-21,AOXmZRscuqKVXoPFJcnl2sgZHRs=,Z+DFQsOa2IkWoEa8V9ohN5WAu1w=
-99,-22,AOXmZRscuqKVXoPFJcnl2sgZHRs=,Z+DFQsOa2IkWoEa8V9ohN5WAu1w=
-99,-27,AOXmZRscuqKVXoPFJcnl2sgZHRs=,IOJzp23J8VQdJxRN5UZfVRz9aXk=
-99,-28,AOXmZRscuqKVXoPFJcnl2sgZHRs=,GtoAMjIMZSw0bctleznIF9ppBMo=
-99,-25,AOXmZRscuqKVXoPFJcnl2sgZHRs=,IOJzp23J8VQdJxRN5UZfVRz9aXk=
-99,-26,NJkK6JqAYep5nsCj+N0CXnWpM+g=,IOJzp23J8VQdJxRN5UZfVRz9aXk=
-99,-31,NJkK6JqAYep5nsCj+N0CXnWpM+g=,YUiSjIcB5aAEaVGLufsStGcdN2c=
-99,-32,NJkK6JqAYep5nsCj+N0CXnWpM+g=,Q1u4V9I0ST2cS6HT4IM4fK3a6H4=
-99,-29,NJkK6JqAYep5nsCj+N0CXnWpM+g=,YUiSjIcB5aAEaVGLufsStGcdN2c=
-99,-30,NJkK6JqAYep5nsCj+N0CXnWpM+g=,YUiSjIcB5aAEaVGLufsStGcdN2c=
-100,-4,NJkK6JqAYep5nsCj+N0CXnWpM+g=,8EMUPFThDgZhtalRLwqJ/d5w3Z8=
-100,-3,NJkK6JqAYep5nsCj+N0CXnWpM+g=,0xsK4fmk2cLKCdS/HVihuOlhxNs=
-100,-2,NJkK6JqAYep5nsCj+N0CXnWpM+g=,KH30xOk8MIHGiXkYOiJpCn8SW/w=
-100,-1,NJkK6JqAYep5nsCj+N0CXnWpM+g=,GhbqB4D7bVnMtnwaMVKXr8gDzzk=
-100,-8,NJkK6JqAYep5nsCj+N0CXnWpM+g=,OWKLprMhlH+tdlqqWp8z53chdkk=
-100,-7,NJkK6JqAYep5nsCj+N0CXnWpM+g=,6Em0QliBWenXFnlJ22rRykamwt8=
-100,-6,NJkK6JqAYep5nsCj+N0CXnWpM+g=,trmgot5Tcmejwj8SfwCioi6laTo=
-100,-5,NJkK6JqAYep5nsCj+N0CXnWpM+g=,a0BVs/OEwyiBU+ibJBb+GWWIpwc=
-100,-12,NJkK6JqAYep5nsCj+N0CXnWpM+g=,RpBBeydkWI5xe9uyfeEuSnjUIfs=
-100,-11,NJkK6JqAYep5nsCj+N0CXnWpM+g=,IfZXQ74d5TVtQApeIXjMA1Q+hqM=
-100,-10,NJkK6JqAYep5nsCj+N0CXnWpM+g=,eWMxJVahJYLmc51oN6Ei7A6qzQs=
-100,-9,8Tc7UCGcnXT4njLTpjwQ9kEPLNk=,C/4KBC70HaVt9aY2L1RJmuyGWiM=
-100,-16,8Tc7UCGcnXT4njLTpjwQ9kEPLNk=,HfBUMe3DgV9WEdccqvZHoQeceq8=
-100,-15,8Tc7UCGcnXT4njLTpjwQ9kEPLNk=,39bTFuWpIh2+ooWhrPDGeDkgplk=
-100,-14,8Tc7UCGcnXT4njLTpjwQ9kEPLNk=,rY3gLD2kwfjOLNYSMFtgUjceNuU=
-100,-13,8Tc7UCGcnXT4njLTpjwQ9kEPLNk=,axohdyjj0gHZZi6B7RXuvXJ7Zgw=
-100,-20,8Tc7UCGcnXT4njLTpjwQ9kEPLNk=,Z+DFQsOa2IkWoEa8V9ohN5WAu1w=
-100,-19,8Tc7UCGcnXT4njLTpjwQ9kEPLNk=,NZ1Crlo9lO+QUZwWlhaPYETzIV0=
-100,-18,8Tc7UCGcnXT4njLTpjwQ9kEPLNk=,mEZOKVUsywSNCVOHfiiNHs5XKB0=
-100,-17,8Tc7UCGcnXT4njLTpjwQ9kEPLNk=,X65LJ4hKf+CoXJd/d4K70vrwVAs=
-100,-24,8Tc7UCGcnXT4njLTpjwQ9kEPLNk=,4tXZNI8gy0Uz/spkrvJJHlVPxxE=
-100,-23,8Tc7UCGcnXT4njLTpjwQ9kEPLNk=,FEUr95g1oWNnaUuIrLdKaMoCV/M=
-100,-22,8Tc7UCGcnXT4njLTpjwQ9kEPLNk=,Z+DFQsOa2IkWoEa8V9ohN5WAu1w=
-100,-21,8Tc7UCGcnXT4njLTpjwQ9kEPLNk=,Z+DFQsOa2IkWoEa8V9ohN5WAu1w=
-100,-28,8Tc7UCGcnXT4njLTpjwQ9kEPLNk=,Ldz7NC/JRSzFGmoXbwrXY/zXVSQ=
-100,-27,h5C0ZCbhTbgoKu0291GaUOLM1eo=,IOJzp23J8VQdJxRN5UZfVRz9aXk=
-100,-26,h5C0ZCbhTbgoKu0291GaUOLM1eo=,IOJzp23J8VQdJxRN5UZfVRz9aXk=
-100,-25,h5C0ZCbhTbgoKu0291GaUOLM1eo=,IOJzp23J8VQdJxRN5UZfVRz9aXk=
-100,-32,h5C0ZCbhTbgoKu0291GaUOLM1eo=,Q1u4V9I0ST2cS6HT4IM4fK3a6H4=
-100,-31,h5C0ZCbhTbgoKu0291GaUOLM1eo=,YUiSjIcB5aAEaVGLufsStGcdN2c=
-100,-30,h5C0ZCbhTbgoKu0291GaUOLM1eo=,YUiSjIcB5aAEaVGLufsStGcdN2c=
-100,-29,h5C0ZCbhTbgoKu0291GaUOLM1eo=,1z+BkEIV3vIO5jbFy2AxHCW6FnE=
-101,-5,h5C0ZCbhTbgoKu0291GaUOLM1eo=,+DpxPHQn/mYxZE6sZ9RqCZosxkw=
-101,-6,h5C0ZCbhTbgoKu0291GaUOLM1eo=,AeyyZy4dKdlemoKVv+3yVDEbsAw=
-101,-7,h5C0ZCbhTbgoKu0291GaUOLM1eo=,MxeugQxye5zJIAWU8ckRjQqdtmM=
-101,-8,h5C0ZCbhTbgoKu0291GaUOLM1eo=,w2Tx8Ut2iMjeMNa+NnwKxDrfJ4I=
-101,-1,h5C0ZCbhTbgoKu0291GaUOLM1eo=,GDBWZvgPL81NGTiQ3HDIr4txU7U=
-101,-2,h5C0ZCbhTbgoKu0291GaUOLM1eo=,YBSdl9zyPfKi7fsO+ExEDsuOkwI=
-101,-3,h5C0ZCbhTbgoKu0291GaUOLM1eo=,02+B3JiFs3Ehwpec/KxWMC+6jQc=
-101,-4,h5C0ZCbhTbgoKu0291GaUOLM1eo=,AeFh/EwvJ8O2JTI27LWsTFv1kSk=
-101,-13,2GycM1getXLyCJNF2ArDR8wqIuY=,1TD5JklsQb5e5APA2rzuW8AU5DY=
-101,-14,2GycM1getXLyCJNF2ArDR8wqIuY=,1TD5JklsQb5e5APA2rzuW8AU5DY=
-101,-15,2GycM1getXLyCJNF2ArDR8wqIuY=,dgSY5x9RXbG78k/JA82yVZNZaSE=
-101,-16,2GycM1getXLyCJNF2ArDR8wqIuY=,HfBUMe3DgV9WEdccqvZHoQeceq8=
-101,-9,2GycM1getXLyCJNF2ArDR8wqIuY=,eWMxJVahJYLmc51oN6Ei7A6qzQs=
-101,-10,2GycM1getXLyCJNF2ArDR8wqIuY=,UY+b7Svd4vh4dbP4Q4vZvV0YECs=
-101,-11,2GycM1getXLyCJNF2ArDR8wqIuY=,F/BqqFTkAykDEwKbaccfhKBzYS4=
-101,-12,2GycM1getXLyCJNF2ArDR8wqIuY=,r3ftCBagaQSxzSfHPm3tRjqakf4=
-101,-21,2GycM1getXLyCJNF2ArDR8wqIuY=,CilFRnJt9XbdGUVQbPTO5ecblJQ=
-101,-22,2GycM1getXLyCJNF2ArDR8wqIuY=,L4T4I1s6FL3d16dWvEPrrKsZ3uE=
-101,-23,2GycM1getXLyCJNF2ArDR8wqIuY=,eB95AvxqqQTHJ+N2KzZmEHj/gY0=
-101,-24,2GycM1getXLyCJNF2ArDR8wqIuY=,kxVFtLX0eQ+jLKKLrBIGSgK3LWI=
-101,-17,2GycM1getXLyCJNF2ArDR8wqIuY=,X65LJ4hKf+CoXJd/d4K70vrwVAs=
-101,-18,2GycM1getXLyCJNF2ArDR8wqIuY=,mEZOKVUsywSNCVOHfiiNHs5XKB0=
-101,-19,2GycM1getXLyCJNF2ArDR8wqIuY=,NZ1Crlo9lO+QUZwWlhaPYETzIV0=
-101,-20,nFYNv/tO3j57k0DgfCRN6zZReZ8=,Z+DFQsOa2IkWoEa8V9ohN5WAu1w=
-101,-29,nFYNv/tO3j57k0DgfCRN6zZReZ8=,LzIrWCyf1PLrN4AVfhGpoMsAuNY=
-101,-30,nFYNv/tO3j57k0DgfCRN6zZReZ8=,v1OKl0mTKBy3mLzfIV+NPQZCpLU=
-101,-31,nFYNv/tO3j57k0DgfCRN6zZReZ8=,v1OKl0mTKBy3mLzfIV+NPQZCpLU=
-101,-32,nFYNv/tO3j57k0DgfCRN6zZReZ8=,pySqG9X8uaqhUOLNCwKxYSyriK8=
-101,-25,nFYNv/tO3j57k0DgfCRN6zZReZ8=,IOJzp23J8VQdJxRN5UZfVRz9aXk=
-101,-26,nFYNv/tO3j57k0DgfCRN6zZReZ8=,IOJzp23J8VQdJxRN5UZfVRz9aXk=
-101,-27,nFYNv/tO3j57k0DgfCRN6zZReZ8=,IOJzp23J8VQdJxRN5UZfVRz9aXk=
-101,-28,nFYNv/tO3j57k0DgfCRN6zZReZ8=,fNy2Yc7jqyzYYDLqg9EIGIDFs0A=
-102,-6,nFYNv/tO3j57k0DgfCRN6zZReZ8=,zQ1/5OZUtjy9zRdR6RqjGCShbeA=
-102,-5,nFYNv/tO3j57k0DgfCRN6zZReZ8=,UxhouWBypg8MjwKGEZwPTA4HXKc=
-102,-8,nFYNv/tO3j57k0DgfCRN6zZReZ8=,GhbqB4D7bVnMtnwaMVKXr8gDzzk=
-102,-7,nFYNv/tO3j57k0DgfCRN6zZReZ8=,w2Tx8Ut2iMjeMNa+NnwKxDrfJ4I=
-102,-2,nFYNv/tO3j57k0DgfCRN6zZReZ8=,02+B3JiFs3Ehwpec/KxWMC+6jQc=
-102,-1,nFYNv/tO3j57k0DgfCRN6zZReZ8=,J/4kjLtFlpSoZb+hQ0PBYoGTTMM=
-102,-4,3DwcqLnglvxZYJILTqwl3xyjKn8=,AeFh/EwvJ8O2JTI27LWsTFv1kSk=
-102,-3,3DwcqLnglvxZYJILTqwl3xyjKn8=,02+B3JiFs3Ehwpec/KxWMC+6jQc=
-102,-14,3DwcqLnglvxZYJILTqwl3xyjKn8=,1TD5JklsQb5e5APA2rzuW8AU5DY=
-102,-13,3DwcqLnglvxZYJILTqwl3xyjKn8=,1TD5JklsQb5e5APA2rzuW8AU5DY=
-102,-16,3DwcqLnglvxZYJILTqwl3xyjKn8=,HfBUMe3DgV9WEdccqvZHoQeceq8=
-102,-15,3DwcqLnglvxZYJILTqwl3xyjKn8=,dgSY5x9RXbG78k/JA82yVZNZaSE=
-102,-10,3DwcqLnglvxZYJILTqwl3xyjKn8=,kBYAdVsW6sa1/Dzq5TwxJGxZ4HM=
-102,-9,3DwcqLnglvxZYJILTqwl3xyjKn8=,vNzY7dsV8G9Au7os0gIvgVhagcI=
-102,-12,3DwcqLnglvxZYJILTqwl3xyjKn8=,9WdMUcmoLpMsch/e4STabzh531Y=
-102,-11,3DwcqLnglvxZYJILTqwl3xyjKn8=,kBYAdVsW6sa1/Dzq5TwxJGxZ4HM=
-102,-22,3DwcqLnglvxZYJILTqwl3xyjKn8=,kxVFtLX0eQ+jLKKLrBIGSgK3LWI=
-102,-21,3DwcqLnglvxZYJILTqwl3xyjKn8=,I+sDBfvwzd0CbT97us+04qmzEp0=
-102,-24,3DwcqLnglvxZYJILTqwl3xyjKn8=,kxVFtLX0eQ+jLKKLrBIGSgK3LWI=
-102,-23,3DwcqLnglvxZYJILTqwl3xyjKn8=,kxVFtLX0eQ+jLKKLrBIGSgK3LWI=
-102,-18,3DwcqLnglvxZYJILTqwl3xyjKn8=,mEZOKVUsywSNCVOHfiiNHs5XKB0=
-102,-17,Rx/VwXqQCJc7KPK0qarxNuLcTlY=,X65LJ4hKf+CoXJd/d4K70vrwVAs=
-102,-20,Rx/VwXqQCJc7KPK0qarxNuLcTlY=,Z+DFQsOa2IkWoEa8V9ohN5WAu1w=
-102,-19,Rx/VwXqQCJc7KPK0qarxNuLcTlY=,NZ1Crlo9lO+QUZwWlhaPYETzIV0=
-102,-30,Rx/VwXqQCJc7KPK0qarxNuLcTlY=,x6RqVdmOBaN9YLRDa+mL4NulcN0=
-102,-29,Rx/VwXqQCJc7KPK0qarxNuLcTlY=,x6RqVdmOBaN9YLRDa+mL4NulcN0=
-102,-32,Rx/VwXqQCJc7KPK0qarxNuLcTlY=,7Bz1HHNB26xKj1T3G/Nx+p1Z2Kw=
-102,-31,Rx/VwXqQCJc7KPK0qarxNuLcTlY=,x6RqVdmOBaN9YLRDa+mL4NulcN0=
-102,-26,Rx/VwXqQCJc7KPK0qarxNuLcTlY=,IOJzp23J8VQdJxRN5UZfVRz9aXk=
-102,-25,Rx/VwXqQCJc7KPK0qarxNuLcTlY=,IOJzp23J8VQdJxRN5UZfVRz9aXk=
-102,-28,Rx/VwXqQCJc7KPK0qarxNuLcTlY=,fNy2Yc7jqyzYYDLqg9EIGIDFs0A=
-102,-27,Rx/VwXqQCJc7KPK0qarxNuLcTlY=,IOJzp23J8VQdJxRN5UZfVRz9aXk=
-103,-7,Rx/VwXqQCJc7KPK0qarxNuLcTlY=,GhbqB4D7bVnMtnwaMVKXr8gDzzk=
-103,-8,Rx/VwXqQCJc7KPK0qarxNuLcTlY=,GhbqB4D7bVnMtnwaMVKXr8gDzzk=
-103,-5,Rx/VwXqQCJc7KPK0qarxNuLcTlY=,eOz7tVzH6gEhRaoHLdgrVQgeQGQ=
-103,-6,Rx/VwXqQCJc7KPK0qarxNuLcTlY=,GhbqB4D7bVnMtnwaMVKXr8gDzzk=
-103,-3,uRdr1dgfqjsHkgdo6ZKPDPJcd2s=,02+B3JiFs3Ehwpec/KxWMC+6jQc=
-103,-4,uRdr1dgfqjsHkgdo6ZKPDPJcd2s=,Gr9k1MPux6DSA2+B7DFjpoKCUoA=
-103,-1,uRdr1dgfqjsHkgdo6ZKPDPJcd2s=,J/4kjLtFlpSoZb+hQ0PBYoGTTMM=
-103,-2,uRdr1dgfqjsHkgdo6ZKPDPJcd2s=,02+B3JiFs3Ehwpec/KxWMC+6jQc=
-103,-15,uRdr1dgfqjsHkgdo6ZKPDPJcd2s=,4wiHzRUUQrKybQYXpSL4cOjNRRE=
-103,-16,uRdr1dgfqjsHkgdo6ZKPDPJcd2s=,HfBUMe3DgV9WEdccqvZHoQeceq8=
-103,-13,uRdr1dgfqjsHkgdo6ZKPDPJcd2s=,7eaQ8kn5CpNoGbh3hVXj2fPxnO8=
-103,-14,uRdr1dgfqjsHkgdo6ZKPDPJcd2s=,7eaQ8kn5CpNoGbh3hVXj2fPxnO8=
-103,-11,uRdr1dgfqjsHkgdo6ZKPDPJcd2s=,m6aD95xjmwyL7Yqva9prdHiwOb4=
-103,-12,uRdr1dgfqjsHkgdo6ZKPDPJcd2s=,m3bm678L/WsjktZtHHvgkoZqe1o=
-103,-9,uRdr1dgfqjsHkgdo6ZKPDPJcd2s=,vNzY7dsV8G9Au7os0gIvgVhagcI=
-103,-10,uRdr1dgfqjsHkgdo6ZKPDPJcd2s=,8Axy0tqx6dWPL/VnMPvQ9pme8d4=
-103,-23,uRdr1dgfqjsHkgdo6ZKPDPJcd2s=,kxVFtLX0eQ+jLKKLrBIGSgK3LWI=
-103,-24,uRdr1dgfqjsHkgdo6ZKPDPJcd2s=,kxVFtLX0eQ+jLKKLrBIGSgK3LWI=
-103,-21,yKvXC6/VqbyPTONjbnqScRbhHGI=,I+sDBfvwzd0CbT97us+04qmzEp0=
-103,-22,yKvXC6/VqbyPTONjbnqScRbhHGI=,kxVFtLX0eQ+jLKKLrBIGSgK3LWI=
-103,-19,yKvXC6/VqbyPTONjbnqScRbhHGI=,wcz88rqwWtnaLo+Mysi/sMH4fls=
-103,-20,yKvXC6/VqbyPTONjbnqScRbhHGI=,Z+DFQsOa2IkWoEa8V9ohN5WAu1w=
-103,-17,yKvXC6/VqbyPTONjbnqScRbhHGI=,npzHbVUrty25tJ6ZofXWAm9gYk4=
-103,-18,yKvXC6/VqbyPTONjbnqScRbhHGI=,ARVvkEUxyRq99Y3bBdKfGg9cjSY=
-103,-31,yKvXC6/VqbyPTONjbnqScRbhHGI=,x6RqVdmOBaN9YLRDa+mL4NulcN0=
-103,-32,yKvXC6/VqbyPTONjbnqScRbhHGI=,7Bz1HHNB26xKj1T3G/Nx+p1Z2Kw=
-103,-29,yKvXC6/VqbyPTONjbnqScRbhHGI=,x9rm/lr+Gh15LG8/6njbte/KG2E=
-103,-30,yKvXC6/VqbyPTONjbnqScRbhHGI=,m/CUPqDa5vekOrpjq2WQmRupt48=
-103,-27,yKvXC6/VqbyPTONjbnqScRbhHGI=,RtJUY+0kc5LijMQkxS++at9sPXw=
-103,-28,yKvXC6/VqbyPTONjbnqScRbhHGI=,QS9GNBGw4T6LbDft6XX+SovZZKI=
-103,-25,yKvXC6/VqbyPTONjbnqScRbhHGI=,m2RQqm6eQ9yc10rdJqimFb7suYA=
-103,-26,yKvXC6/VqbyPTONjbnqScRbhHGI=,RtJUY+0kc5LijMQkxS++at9sPXw=
-104,-8,yKvXC6/VqbyPTONjbnqScRbhHGI=,GhbqB4D7bVnMtnwaMVKXr8gDzzk=
-104,-7,qqxCND4lvoOnr8yHxelzqRxl0mU=,GhbqB4D7bVnMtnwaMVKXr8gDzzk=
-104,-6,qqxCND4lvoOnr8yHxelzqRxl0mU=,GhbqB4D7bVnMtnwaMVKXr8gDzzk=
-104,-5,qqxCND4lvoOnr8yHxelzqRxl0mU=,tA5GK/+BFgzRCiL8jtVBO48i6VI=
-104,-4,qqxCND4lvoOnr8yHxelzqRxl0mU=,s12VOP93CEvEYgkJ+oafj9XLoo0=
-104,-3,qqxCND4lvoOnr8yHxelzqRxl0mU=,s12VOP93CEvEYgkJ+oafj9XLoo0=
-104,-2,qqxCND4lvoOnr8yHxelzqRxl0mU=,s12VOP93CEvEYgkJ+oafj9XLoo0=
-104,-1,qqxCND4lvoOnr8yHxelzqRxl0mU=,h7K0QL920PbiS2Vu4Y/GEt9qnCE=
-104,-16,qqxCND4lvoOnr8yHxelzqRxl0mU=,HfBUMe3DgV9WEdccqvZHoQeceq8=
-104,-15,qqxCND4lvoOnr8yHxelzqRxl0mU=,HfBUMe3DgV9WEdccqvZHoQeceq8=
-104,-14,qqxCND4lvoOnr8yHxelzqRxl0mU=,HfBUMe3DgV9WEdccqvZHoQeceq8=
-104,-13,qqxCND4lvoOnr8yHxelzqRxl0mU=,HfBUMe3DgV9WEdccqvZHoQeceq8=
-104,-12,qqxCND4lvoOnr8yHxelzqRxl0mU=,HfBUMe3DgV9WEdccqvZHoQeceq8=
-104,-11,qqxCND4lvoOnr8yHxelzqRxl0mU=,HfBUMe3DgV9WEdccqvZHoQeceq8=
-104,-10,qqxCND4lvoOnr8yHxelzqRxl0mU=,aZAcPBUfwP6Eeueal0R3jk0FaUk=
-104,-9,qqxCND4lvoOnr8yHxelzqRxl0mU=,Qj7t4u8i4ScuHQNLwpZ1kJRaVrQ=
-104,-24,C3nNabdsRy+y5uKeyLdr7w01Bp4=,L8lXqt3wRHppivaXxLyTe4YDzOk=
-104,-23,C3nNabdsRy+y5uKeyLdr7w01Bp4=,gZ/xdLJ0M2tWv8uUWusiUsn5FWw=
-104,-22,C3nNabdsRy+y5uKeyLdr7w01Bp4=,z8HgiNx/V8TXLp8f7uXP3fG7hZM=
-104,-21,C3nNabdsRy+y5uKeyLdr7w01Bp4=,dufTuAqn6YgbaMecKsXGBGysCiI=
-104,-20,C3nNabdsRy+y5uKeyLdr7w01Bp4=,Z+DFQsOa2IkWoEa8V9ohN5WAu1w=
-104,-19,C3nNabdsRy+y5uKeyLdr7w01Bp4=,Z+DFQsOa2IkWoEa8V9ohN5WAu1w=
-104,-18,C3nNabdsRy+y5uKeyLdr7w01Bp4=,Ej2WbWNyI8UdE9/zviMhHb8YmkI=
-104,-17,C3nNabdsRy+y5uKeyLdr7w01Bp4=,MZRoOnIG88TNZPIBFXEmMn8o95I=
-104,-32,C3nNabdsRy+y5uKeyLdr7w01Bp4=,KZcovF2BveYVp5AhXNuIIVwZ+B0=
-104,-31,C3nNabdsRy+y5uKeyLdr7w01Bp4=,t+d7GJgb0udCho0oEXSeeFrs/gI=
-104,-30,C3nNabdsRy+y5uKeyLdr7w01Bp4=,IECPhTVrUe3ZgOsRUUB+7caRkbA=
-104,-29,C3nNabdsRy+y5uKeyLdr7w01Bp4=,DK2SDMhoUCENRy25KpFjkF4fW7M=
-104,-28,C3nNabdsRy+y5uKeyLdr7w01Bp4=,DK2SDMhoUCENRy25KpFjkF4fW7M=
-104,-27,C3nNabdsRy+y5uKeyLdr7w01Bp4=,DK2SDMhoUCENRy25KpFjkF4fW7M=
-104,-26,C3nNabdsRy+y5uKeyLdr7w01Bp4=,DK2SDMhoUCENRy25KpFjkF4fW7M=
-104,-25,dlZx7n6QMPOiadE6Xpxa8wzj224=,ewco4Xi/Cago6wHZEGkyvhuMCQE=
-105,-9,dlZx7n6QMPOiadE6Xpxa8wzj224=,ZC00aS8ex5fS26Zufcv0ve+7DI4=
-105,-10,dlZx7n6QMPOiadE6Xpxa8wzj224=,gfOFQYp54EY9HRUehrwn+McgD/s=
-105,-11,dlZx7n6QMPOiadE6Xpxa8wzj224=,6Eqrsd9IxSCMrLfd+C+tVUqpEh0=
-105,-12,dlZx7n6QMPOiadE6Xpxa8wzj224=,3TI+5JZIgq/1hAxZUMOGJqGCz64=
-105,-13,dlZx7n6QMPOiadE6Xpxa8wzj224=,2uFhrnriVjnTSsqGqNXHqp5x4Nw=
-105,-14,dlZx7n6QMPOiadE6Xpxa8wzj224=,iYmGaND7QTPLiP0NTOJRhB/DnYQ=
-105,-15,dlZx7n6QMPOiadE6Xpxa8wzj224=,cbBFQW1LFRwMJnk3rQpf6GAs8UY=
-105,-16,dlZx7n6QMPOiadE6Xpxa8wzj224=,Rl08GTOqzx6Jti3tcAke7y/kl2U=
-105,-1,dlZx7n6QMPOiadE6Xpxa8wzj224=,nmCUJPxvGmWEOJBcx/3psg7n7wc=
-105,-2,dlZx7n6QMPOiadE6Xpxa8wzj224=,VC1kV/ssWc+yJhlHZqeK/OQUgLY=
-105,-3,dlZx7n6QMPOiadE6Xpxa8wzj224=,NGf57ImPzDBwt50HUMAURrc6Rt4=
-105,-4,dlZx7n6QMPOiadE6Xpxa8wzj224=,htyiu5/pmpRRY35CpRQfCw7Bjl8=
-105,-5,dlZx7n6QMPOiadE6Xpxa8wzj224=,7MuhQthZ9G9tD5mMrgFrbwxbVrw=
-105,-6,dlZx7n6QMPOiadE6Xpxa8wzj224=,NQISsvXpbswLjf/UbL9DOIosNPE=
-105,-7,nBscPkGf++mKM6L7sQ6MPXzaNgE=,FxdhTw6Lhuc0iunjkGGnr0MZVws=
-105,-8,nBscPkGf++mKM6L7sQ6MPXzaNgE=,FxdhTw6Lhuc0iunjkGGnr0MZVws=
-105,-25,nBscPkGf++mKM6L7sQ6MPXzaNgE=,Tcy6HpNtOt3THeLmllsghxLzEUc=
-105,-26,nBscPkGf++mKM6L7sQ6MPXzaNgE=,L/I71KE8xj6EkCT1r9TuZhcheNA=
-105,-27,nBscPkGf++mKM6L7sQ6MPXzaNgE=,dSo2HELchSrNDR7uCTqddiSAmsE=
-105,-28,nBscPkGf++mKM6L7sQ6MPXzaNgE=,7IfSn0pygA8wd+1SAU4ZSPwMzXM=
-105,-29,nBscPkGf++mKM6L7sQ6MPXzaNgE=,Gf24eLyvUURKcmjjbWxHVhLGD9I=
-105,-30,nBscPkGf++mKM6L7sQ6MPXzaNgE=,Aq0aQkK0OvWVDa1IPP0Pq6NVFkg=
-105,-31,nBscPkGf++mKM6L7sQ6MPXzaNgE=,Aq0aQkK0OvWVDa1IPP0Pq6NVFkg=
-105,-32,nBscPkGf++mKM6L7sQ6MPXzaNgE=,Aq0aQkK0OvWVDa1IPP0Pq6NVFkg=
-105,-17,nBscPkGf++mKM6L7sQ6MPXzaNgE=,FSCblQ0yzD7JAc/ZMclZ+al5M78=
-105,-18,nBscPkGf++mKM6L7sQ6MPXzaNgE=,XNNzK5+pVYlDQDMDBhWlYGKIA8o=
-105,-19,nBscPkGf++mKM6L7sQ6MPXzaNgE=,TP8/QhjUTNh5PHQsqrs6h6byzkU=
-105,-20,nBscPkGf++mKM6L7sQ6MPXzaNgE=,YLkCFvMtLHjpjGV06XMjpgRrbHA=
-105,-21,nBscPkGf++mKM6L7sQ6MPXzaNgE=,+SMwX07dxUslWzFoQu8lV0c5858=
-105,-22,q4eErTSQk2/VVTXI7DF5bZLU7T8=,Er++KyfEr/XzWDmz5/6nKMCd90s=
-105,-23,q4eErTSQk2/VVTXI7DF5bZLU7T8=,FSCblQ0yzD7JAc/ZMclZ+al5M78=
-105,-24,q4eErTSQk2/VVTXI7DF5bZLU7T8=,FSCblQ0yzD7JAc/ZMclZ+al5M78=
-106,-10,q4eErTSQk2/VVTXI7DF5bZLU7T8=,Pnw6xAR0Q2GwT6UgGuDAhl6rYkc=
-106,-9,q4eErTSQk2/VVTXI7DF5bZLU7T8=,iOkiy0CqkNhoedRnhm0Ni55URak=
-106,-12,q4eErTSQk2/VVTXI7DF5bZLU7T8=,RjIVcp9Nccvr9YkPFN89WrW1zJQ=
-106,-11,q4eErTSQk2/VVTXI7DF5bZLU7T8=,rZ4IwFcNiyiSKltFSsNRtc+V1ok=
-106,-14,q4eErTSQk2/VVTXI7DF5bZLU7T8=,zuwJaDdDsciQaP0w7QPzV1Od9xs=
-106,-13,q4eErTSQk2/VVTXI7DF5bZLU7T8=,/kmwhNsJvAGUxtMAlrj+CpKz3WI=
-106,-16,q4eErTSQk2/VVTXI7DF5bZLU7T8=,cbBFQW1LFRwMJnk3rQpf6GAs8UY=
-106,-15,q4eErTSQk2/VVTXI7DF5bZLU7T8=,UhF3FkKIeFCybsjjKIx+dknYE/U=
-106,-2,q4eErTSQk2/VVTXI7DF5bZLU7T8=,ehhA5FZHzKTaRCJ4ESbjjW/px7c=
-106,-1,q4eErTSQk2/VVTXI7DF5bZLU7T8=,Eee/dPblwl1LGHFi8K03grDy2XI=
-106,-4,q4eErTSQk2/VVTXI7DF5bZLU7T8=,73JJMnw+9Nzksfl0OcoD1MBmfNE=
-106,-3,q4eErTSQk2/VVTXI7DF5bZLU7T8=,8T/4w9cH04mGZOFKC9B9fNbbb7g=
-106,-6,qRxvawKZnhGvCvcxTuAiUfHH3AU=,cI6OzPobmJVfDuH+sCWyWhV9rC4=
-106,-5,qRxvawKZnhGvCvcxTuAiUfHH3AU=,XbVUgOs8ieLTzh+Hh9VadcQml3o=
-106,-8,qRxvawKZnhGvCvcxTuAiUfHH3AU=,tbhMVW/NbE2FcP3QX4MT2DYQvaM=
-106,-7,qRxvawKZnhGvCvcxTuAiUfHH3AU=,tbhMVW/NbE2FcP3QX4MT2DYQvaM=
-106,-26,qRxvawKZnhGvCvcxTuAiUfHH3AU=,L/I71KE8xj6EkCT1r9TuZhcheNA=
-106,-25,qRxvawKZnhGvCvcxTuAiUfHH3AU=,cNgBAuDkinH5xPqVssRQHQY8iZc=
-106,-28,qRxvawKZnhGvCvcxTuAiUfHH3AU=,TCdaBkcQuAJDtp4q5Mny8YKV3cs=
-106,-27,qRxvawKZnhGvCvcxTuAiUfHH3AU=,x3eal82PbKhaX/0PDGWcHLOvhV4=
-106,-30,qRxvawKZnhGvCvcxTuAiUfHH3AU=,Aq0aQkK0OvWVDa1IPP0Pq6NVFkg=
-106,-29,qRxvawKZnhGvCvcxTuAiUfHH3AU=,qT2cr/3udwZTDHfg2fRG6dd9Zog=
-106,-32,qRxvawKZnhGvCvcxTuAiUfHH3AU=,Aq0aQkK0OvWVDa1IPP0Pq6NVFkg=
-106,-31,qRxvawKZnhGvCvcxTuAiUfHH3AU=,Aq0aQkK0OvWVDa1IPP0Pq6NVFkg=
-106,-18,qRxvawKZnhGvCvcxTuAiUfHH3AU=,OsEQ/GHHa5X4GneHPNJd0YhV2do=
-106,-17,qRxvawKZnhGvCvcxTuAiUfHH3AU=,XNNzK5+pVYlDQDMDBhWlYGKIA8o=
-106,-20,qRxvawKZnhGvCvcxTuAiUfHH3AU=,P1BE/qqzhGAJksAMUY9y4IPCMQY=
-106,-19,+pQGjukd/0tO2dKfQS3UyMDKiRo=,cUajLNX4TmHFj+kJ6ddRnlWowic=
-106,-22,+pQGjukd/0tO2dKfQS3UyMDKiRo=,AipEqBnsn9ZVi62Ail4nujDR2XM=
-106,-21,+pQGjukd/0tO2dKfQS3UyMDKiRo=,EWU5OYyWJIl+RFR0V9Uds8FaD/4=
-106,-24,+pQGjukd/0tO2dKfQS3UyMDKiRo=,FSCblQ0yzD7JAc/ZMclZ+al5M78=
-106,-23,+pQGjukd/0tO2dKfQS3UyMDKiRo=,FSCblQ0yzD7JAc/ZMclZ+al5M78=
-107,-11,+pQGjukd/0tO2dKfQS3UyMDKiRo=,/HPO6Ov4rKn6z1SM15MVJN6w+bc=
-107,-12,+pQGjukd/0tO2dKfQS3UyMDKiRo=,RsgJNzO2cA4D00YNJmmw00peASE=
-107,-9,+pQGjukd/0tO2dKfQS3UyMDKiRo=,iOkiy0CqkNhoedRnhm0Ni55URak=
-107,-10,+pQGjukd/0tO2dKfQS3UyMDKiRo=,9xBFOdBwyMZLmc9gYsCfF7TOlDY=
-107,-15,+pQGjukd/0tO2dKfQS3UyMDKiRo=,3WP8bC6O27IOxUvhsmGCF8AXoEw=
-107,-16,+pQGjukd/0tO2dKfQS3UyMDKiRo=,HOHLRWHF/PJuQbXnJLQf9jBY2F4=
-107,-13,+pQGjukd/0tO2dKfQS3UyMDKiRo=,tfT3O/IYL4xCV+Zo74wWrny9XXA=
-107,-14,+pQGjukd/0tO2dKfQS3UyMDKiRo=,/kmwhNsJvAGUxtMAlrj+CpKz3WI=
-107,-3,+pQGjukd/0tO2dKfQS3UyMDKiRo=,8T/4w9cH04mGZOFKC9B9fNbbb7g=
-107,-4,+pQGjukd/0tO2dKfQS3UyMDKiRo=,73JJMnw+9Nzksfl0OcoD1MBmfNE=
-107,-1,tkhhwQHU+aPFRcAY/1Ih5L0gOts=,8T/4w9cH04mGZOFKC9B9fNbbb7g=
-107,-2,tkhhwQHU+aPFRcAY/1Ih5L0gOts=,8T/4w9cH04mGZOFKC9B9fNbbb7g=
-107,-7,tkhhwQHU+aPFRcAY/1Ih5L0gOts=,ipfxcY/4/czH79LS8CSaw1sqElg=
-107,-8,tkhhwQHU+aPFRcAY/1Ih5L0gOts=,ipfxcY/4/czH79LS8CSaw1sqElg=
-107,-5,tkhhwQHU+aPFRcAY/1Ih5L0gOts=,XbVUgOs8ieLTzh+Hh9VadcQml3o=
-107,-6,tkhhwQHU+aPFRcAY/1Ih5L0gOts=,ipfxcY/4/czH79LS8CSaw1sqElg=
-107,-27,tkhhwQHU+aPFRcAY/1Ih5L0gOts=,x3eal82PbKhaX/0PDGWcHLOvhV4=
-107,-28,tkhhwQHU+aPFRcAY/1Ih5L0gOts=,TCdaBkcQuAJDtp4q5Mny8YKV3cs=
-107,-25,tkhhwQHU+aPFRcAY/1Ih5L0gOts=,SySupT75VvvJsHmTII31JoWfvuo=
-107,-26,tkhhwQHU+aPFRcAY/1Ih5L0gOts=,L/I71KE8xj6EkCT1r9TuZhcheNA=
-107,-31,tkhhwQHU+aPFRcAY/1Ih5L0gOts=,Aq0aQkK0OvWVDa1IPP0Pq6NVFkg=
-107,-32,tkhhwQHU+aPFRcAY/1Ih5L0gOts=,Aq0aQkK0OvWVDa1IPP0Pq6NVFkg=
-107,-29,tkhhwQHU+aPFRcAY/1Ih5L0gOts=,qT2cr/3udwZTDHfg2fRG6dd9Zog=
-107,-30,tkhhwQHU+aPFRcAY/1Ih5L0gOts=,Aq0aQkK0OvWVDa1IPP0Pq6NVFkg=
-107,-19,tkhhwQHU+aPFRcAY/1Ih5L0gOts=,Js7FP+6W8LcjaJ9VQ5MPIEa0PiM=
-107,-20,lFqi8zvl26KEvW0qv1bIHQ45vdo=,H5GWANcaphtZlZNspQd27CT7o0g=
-107,-17,lFqi8zvl26KEvW0qv1bIHQ45vdo=,vvrx/2D8YYewOv/S53dxjH3IKHg=
-107,-18,lFqi8zvl26KEvW0qv1bIHQ45vdo=,riHx+XliF9dLWiz1yDTuByUnO+E=
-107,-23,lFqi8zvl26KEvW0qv1bIHQ45vdo=,mbGYRQAls4gFZskqL//ziYHvFKU=
-107,-24,lFqi8zvl26KEvW0qv1bIHQ45vdo=,IoEeytKwWqPdqbPxd7tBWscHfGQ=
-107,-21,lFqi8zvl26KEvW0qv1bIHQ45vdo=,loM4PtLnKR4R7uX3H0TQDalKODE=
-107,-22,lFqi8zvl26KEvW0qv1bIHQ45vdo=,GvFfUXOmBb82OFi7xgHT7Z6TXmo=
-108,-12,lFqi8zvl26KEvW0qv1bIHQ45vdo=,p8zaJ+HqdaOhTlELo0VWkfRIs+E=
-108,-11,lFqi8zvl26KEvW0qv1bIHQ45vdo=,iOkiy0CqkNhoedRnhm0Ni55URak=
-108,-10,lFqi8zvl26KEvW0qv1bIHQ45vdo=,iOkiy0CqkNhoedRnhm0Ni55URak=
-108,-9,lFqi8zvl26KEvW0qv1bIHQ45vdo=,iOkiy0CqkNhoedRnhm0Ni55URak=
-108,-16,lFqi8zvl26KEvW0qv1bIHQ45vdo=,au7AY8Nv3kGNuFk1kVV3x1WdHgU=
-108,-15,lFqi8zvl26KEvW0qv1bIHQ45vdo=,OJqJOHwJTkjMSfZLqt0MLEq/Dnk=
-108,-14,lFqi8zvl26KEvW0qv1bIHQ45vdo=,tfT3O/IYL4xCV+Zo74wWrny9XXA=
-108,-13,lFqi8zvl26KEvW0qv1bIHQ45vdo=,tfT3O/IYL4xCV+Zo74wWrny9XXA=
-108,-4,o4zYFNKWMWEOSXEGMUbri0M8bcQ=,1XlG75PpuNncjMojpPK+h7qtb/4=
-108,-3,o4zYFNKWMWEOSXEGMUbri0M8bcQ=,Of1O/9xQS1hcZ9yeV0iqj8KY+n4=
-108,-2,o4zYFNKWMWEOSXEGMUbri0M8bcQ=,Of1O/9xQS1hcZ9yeV0iqj8KY+n4=
-108,-1,o4zYFNKWMWEOSXEGMUbri0M8bcQ=,2fapfYPL+QcBDsbI/VnYS9vpOek=
-108,-8,o4zYFNKWMWEOSXEGMUbri0M8bcQ=,p2vB/DajWvY0AoyTqIlDDq3twtM=
-108,-7,o4zYFNKWMWEOSXEGMUbri0M8bcQ=,GkXs/hwiS41VAm6rkxjMGu30ztc=
-108,-6,o4zYFNKWMWEOSXEGMUbri0M8bcQ=,/eC2TMqQbKWXh6uS/AFoqNIp/fE=
-108,-5,o4zYFNKWMWEOSXEGMUbri0M8bcQ=,SZFGq4+ZDuaE+4jlB8US0zdZrPk=
-108,-28,o4zYFNKWMWEOSXEGMUbri0M8bcQ=,txAZ04fL5nBdZ9Hvew7CZy+6f1M=
-108,-27,o4zYFNKWMWEOSXEGMUbri0M8bcQ=,HC8MggFcAklGyEkieoXxp/4hG/E=
-108,-26,o4zYFNKWMWEOSXEGMUbri0M8bcQ=,L/I71KE8xj6EkCT1r9TuZhcheNA=
-108,-25,o4zYFNKWMWEOSXEGMUbri0M8bcQ=,SySupT75VvvJsHmTII31JoWfvuo=
-108,-32,o4zYFNKWMWEOSXEGMUbri0M8bcQ=,uWoTmSOwIg/JNOKopdHTa6SfBV8=
-108,-31,o4zYFNKWMWEOSXEGMUbri0M8bcQ=,0SycAFJipXA7bHogHuK0U5osHxk=
-108,-30,o4zYFNKWMWEOSXEGMUbri0M8bcQ=,cO7IE2alC6vrtaZ1VflpTAixzeA=
-108,-29,ZjM6vKgdF7xdS/7F7sI1RGpN1rM=,qEJSCOLvdAf/zu5ICMQvBq1Dw4M=
-108,-20,ZjM6vKgdF7xdS/7F7sI1RGpN1rM=,i9dvTMmAFFv8kmcOwuL3ymPSMJQ=
-108,-19,ZjM6vKgdF7xdS/7F7sI1RGpN1rM=,uB+vAZJkwW7S8Mpha8EZWdsrHHk=
-108,-18,ZjM6vKgdF7xdS/7F7sI1RGpN1rM=,uB+vAZJkwW7S8Mpha8EZWdsrHHk=
-108,-17,ZjM6vKgdF7xdS/7F7sI1RGpN1rM=,NE3q6vEsJr8SnVqUVTyBTengUxI=
-108,-24,ZjM6vKgdF7xdS/7F7sI1RGpN1rM=,0W4wDEy0/ahFCMAEZUKQwuVf5Gk=
-108,-23,ZjM6vKgdF7xdS/7F7sI1RGpN1rM=,s4vKJfgxtjtrOphBPbLsKGEkLHQ=
-108,-22,ZjM6vKgdF7xdS/7F7sI1RGpN1rM=,CR5vmdDoXADcJTCTYfJDcHver7Q=
-108,-21,ZjM6vKgdF7xdS/7F7sI1RGpN1rM=,MweeZIEPfx5CB48YstR/Hxd+IaQ=
-109,-13,ZjM6vKgdF7xdS/7F7sI1RGpN1rM=,Pakd56G5A4w0trbMOTh6Z9Mfa3s=
-109,-14,ZjM6vKgdF7xdS/7F7sI1RGpN1rM=,hFcNArCutKkPow9v8S/v/rQEUGY=
-109,-15,ZjM6vKgdF7xdS/7F7sI1RGpN1rM=,lBoAYCChMO0ei+KFUGpRuYhYgdY=
-109,-16,ZjM6vKgdF7xdS/7F7sI1RGpN1rM=,eYY3p3AHYZzrs38fOqqiJ1gR3tE=
-109,-9,ZjM6vKgdF7xdS/7F7sI1RGpN1rM=,iOkiy0CqkNhoedRnhm0Ni55URak=
-109,-10,ZjM6vKgdF7xdS/7F7sI1RGpN1rM=,iOkiy0CqkNhoedRnhm0Ni55URak=
-109,-11,4U6YdDj4RoYnR+yBK9IgmRfgS+Q=,iOkiy0CqkNhoedRnhm0Ni55URak=
-109,-12,4U6YdDj4RoYnR+yBK9IgmRfgS+Q=,MMzE47VfSlwb5N51WCZTRoizlCc=
-109,-5,4U6YdDj4RoYnR+yBK9IgmRfgS+Q=,bUNaasIQIXXZOCKpdeD2b3SlKp0=
-109,-6,4U6YdDj4RoYnR+yBK9IgmRfgS+Q=,FxdhTw6Lhuc0iunjkGGnr0MZVws=
-109,-7,4U6YdDj4RoYnR+yBK9IgmRfgS+Q=,mJDhd4W8fomD5stvQ2hjcqt0ek8=
-109,-8,4U6YdDj4RoYnR+yBK9IgmRfgS+Q=,bU+q/5ri2DxarDXNYLASkGZqDoc=
-109,-1,4U6YdDj4RoYnR+yBK9IgmRfgS+Q=,sLHQ4l7viPIY3BRp5L8otIxtVqs=
-109,-2,4U6YdDj4RoYnR+yBK9IgmRfgS+Q=,zY0zPO5oILVPm4XvvLRSZwR8yf0=
-109,-3,4U6YdDj4RoYnR+yBK9IgmRfgS+Q=,A2ehBcaWuECNKqc8V9RP1+/e4/Q=
-109,-4,4U6YdDj4RoYnR+yBK9IgmRfgS+Q=,I7apznPkfV2Fz1WINVnEuJzuzsg=
-109,-29,4U6YdDj4RoYnR+yBK9IgmRfgS+Q=,sf6ls6O18BRiAgKt2xGqYC+EAJo=
-109,-30,4U6YdDj4RoYnR+yBK9IgmRfgS+Q=,fI3yZeOZfLVB4E78AgVvWCfB1lk=
-109,-31,4U6YdDj4RoYnR+yBK9IgmRfgS+Q=,eiU0g8Dj92viEvq7gkk8TDBVyEc=
-109,-32,4U6YdDj4RoYnR+yBK9IgmRfgS+Q=,H/HE+rjQKCfQUul8qhVaxWL2eP8=
-109,-25,4U6YdDj4RoYnR+yBK9IgmRfgS+Q=,4GPZGa68xxZNwWu0EwcVTizhtL4=
-109,-26,4U6YdDj4RoYnR+yBK9IgmRfgS+Q=,LCATCUm+j38gk5nFtjg0PWWeR/4=
-109,-27,+Msb+2ErCSVm3irpQsD1q9Ig7+w=,kTcZbcFmzHrXxr9sLHBBU2GNTTM=
-109,-28,+Msb+2ErCSVm3irpQsD1q9Ig7+w=,B8zxby8jONedJaulAnHPl7WahMU=
-109,-21,+Msb+2ErCSVm3irpQsD1q9Ig7+w=,MweeZIEPfx5CB48YstR/Hxd+IaQ=
-109,-22,+Msb+2ErCSVm3irpQsD1q9Ig7+w=,CR5vmdDoXADcJTCTYfJDcHver7Q=
-109,-23,+Msb+2ErCSVm3irpQsD1q9Ig7+w=,rVSLlyArIo8plb2iWyj02NKo6nE=
-109,-24,+Msb+2ErCSVm3irpQsD1q9Ig7+w=,s/SEOydKrgdxFZW+A7nN0ASzQnw=
-109,-17,+Msb+2ErCSVm3irpQsD1q9Ig7+w=,toqhtw4/nl5emHmuI7ZHzygJKGU=
-109,-18,+Msb+2ErCSVm3irpQsD1q9Ig7+w=,MweeZIEPfx5CB48YstR/Hxd+IaQ=
-109,-19,+Msb+2ErCSVm3irpQsD1q9Ig7+w=,MweeZIEPfx5CB48YstR/Hxd+IaQ=
-109,-20,+Msb+2ErCSVm3irpQsD1q9Ig7+w=,MweeZIEPfx5CB48YstR/Hxd+IaQ=
-110,-14,+Msb+2ErCSVm3irpQsD1q9Ig7+w=,jjwCfP5U6rTnMsfIqjMg5TvKpDk=
-110,-13,+Msb+2ErCSVm3irpQsD1q9Ig7+w=,uTEVnicLaSmJTVrBuQ/4n4W31Ls=
-110,-16,+Msb+2ErCSVm3irpQsD1q9Ig7+w=,QUN3iZgoCDwvP3XPISLzTHGVejM=
-110,-15,+Msb+2ErCSVm3irpQsD1q9Ig7+w=,QUN3iZgoCDwvP3XPISLzTHGVejM=
-110,-10,+Msb+2ErCSVm3irpQsD1q9Ig7+w=,EiyNcIIhPo/x8rvKbxK9tgW2ePk=
-110,-9,+Msb+2ErCSVm3irpQsD1q9Ig7+w=,GIjdBu0mQ8pVbP+Xu/t5lyCuXSQ=
-110,-12,+Msb+2ErCSVm3irpQsD1q9Ig7+w=,fvDfrmYEBHiFW24bX3ch7Y5f8Nc=
-110,-11,+Msb+2ErCSVm3irpQsD1q9Ig7+w=,pgoXlKyZL2HTXnPZCBWBTyG4iCQ=
-110,-6,WOukN0AU6MSXPCOgZpiFY9KxVdA=,/ozvqgpwwYN94w2GiECt2erzz/A=
-110,-5,WOukN0AU6MSXPCOgZpiFY9KxVdA=,2jyfoqLWuBTMfhxkHTCSy7uwMQo=
-110,-8,WOukN0AU6MSXPCOgZpiFY9KxVdA=,K0JEl3p1Xq/SXcZS9BMVkx7aPX8=
-110,-7,WOukN0AU6MSXPCOgZpiFY9KxVdA=,ooPC407O+YJQuP305s8k4UxG4ds=
-110,-2,WOukN0AU6MSXPCOgZpiFY9KxVdA=,zY0zPO5oILVPm4XvvLRSZwR8yf0=
-110,-1,WOukN0AU6MSXPCOgZpiFY9KxVdA=,sLHQ4l7viPIY3BRp5L8otIxtVqs=
-110,-4,WOukN0AU6MSXPCOgZpiFY9KxVdA=,EonfTM2owrh5wf2s8ESGZTREUSU=
-110,-3,WOukN0AU6MSXPCOgZpiFY9KxVdA=,iKBRkchA7JS+R4dOfzA8s4Ro1Uw=
-110,-30,WOukN0AU6MSXPCOgZpiFY9KxVdA=,OjtkiiJo1rDpVZAZAgHr3FretRk=
-110,-29,WOukN0AU6MSXPCOgZpiFY9KxVdA=,onCnbKyIdqvN27mpVGm0YXSqTyo=
-110,-32,WOukN0AU6MSXPCOgZpiFY9KxVdA=,H/HE+rjQKCfQUul8qhVaxWL2eP8=
-110,-31,WOukN0AU6MSXPCOgZpiFY9KxVdA=,eiU0g8Dj92viEvq7gkk8TDBVyEc=
-110,-26,WOukN0AU6MSXPCOgZpiFY9KxVdA=,aKJGvz2W/2izghUx3rNzIiswhuA=
-110,-25,WOukN0AU6MSXPCOgZpiFY9KxVdA=,e1IWnvYW1CTvd/SqnyQA7bPaCfM=
-110,-28,WOukN0AU6MSXPCOgZpiFY9KxVdA=,gCQFhNw11Fdx6Dm7gTIgaw1e424=
-110,-27,WOukN0AU6MSXPCOgZpiFY9KxVdA=,vrRxbIqtWlKLl+eH9E9t3HDP+Fk=
-110,-22,WOukN0AU6MSXPCOgZpiFY9KxVdA=,EIVd/dXhsXng+IK/2iSD0OjcAbc=
-110,-21,Jvwj8ohyDS0mGkJeImIX8pivE7Q=,ahzpC3fOQpOcEE2wA8dwGZ0h1ng=
-110,-24,Jvwj8ohyDS0mGkJeImIX8pivE7Q=,s/SEOydKrgdxFZW+A7nN0ASzQnw=
-110,-23,Jvwj8ohyDS0mGkJeImIX8pivE7Q=,pYA8i5C6ZqfZpbbZV4LehzbsOEw=
-110,-18,Jvwj8ohyDS0mGkJeImIX8pivE7Q=,aPWonOLy1T78P28XM8OAer2CCuQ=
-110,-17,Jvwj8ohyDS0mGkJeImIX8pivE7Q=,MweeZIEPfx5CB48YstR/Hxd+IaQ=
-110,-20,Jvwj8ohyDS0mGkJeImIX8pivE7Q=,w2aCHcgtuSF7kz2hbRha7MR75Go=
-110,-19,Jvwj8ohyDS0mGkJeImIX8pivE7Q=,HX4r19pp+EmEzi0TFIOaCG8dcRc=
-111,-15,Jvwj8ohyDS0mGkJeImIX8pivE7Q=,QUN3iZgoCDwvP3XPISLzTHGVejM=
-111,-16,Jvwj8ohyDS0mGkJeImIX8pivE7Q=,QUN3iZgoCDwvP3XPISLzTHGVejM=
-111,-13,Jvwj8ohyDS0mGkJeImIX8pivE7Q=,DR64lwJFg1sQPI5x919HCe0ggnM=
-111,-14,Jvwj8ohyDS0mGkJeImIX8pivE7Q=,94niNTFQW2yoN2Ltw78PjKK5XbY=
-111,-11,Jvwj8ohyDS0mGkJeImIX8pivE7Q=,5heoT+ur6MMlH7sHbt2YcHnxaSg=
-111,-12,Jvwj8ohyDS0mGkJeImIX8pivE7Q=,DR64lwJFg1sQPI5x919HCe0ggnM=
-111,-9,Jvwj8ohyDS0mGkJeImIX8pivE7Q=,3VBO3A/Yvc3FdPXjHaAVPBh7cq8=
-111,-10,Jvwj8ohyDS0mGkJeImIX8pivE7Q=,/zxl5SFRUzsdAD8YvipFvBtgYxk=
-111,-7,Jvwj8ohyDS0mGkJeImIX8pivE7Q=,6D7115c2fjjzNFuj4llghyiCJFU=
-111,-8,3o4pGnj3gvaodaYOOTmPqD4Fh78=,wU9KKeIk2kb7S05/KC3XTRmpLaA=
-111,-5,3o4pGnj3gvaodaYOOTmPqD4Fh78=,Rx1Y8ZwVSePqkKd5P5WdRS4A6u8=
-111,-6,3o4pGnj3gvaodaYOOTmPqD4Fh78=,AeWcXFtLfKLKLVmmOzHobC2JZKI=
-111,-3,3o4pGnj3gvaodaYOOTmPqD4Fh78=,F+k2NY1CTuYmAG/+HtkxqGTRf/w=
-111,-4,3o4pGnj3gvaodaYOOTmPqD4Fh78=,LphPtCKgGosKqjHDFUXip9e449w=
-111,-1,3o4pGnj3gvaodaYOOTmPqD4Fh78=,nlSaWNP7Y7roM8OmoCkCvyWGrw4=
-111,-2,3o4pGnj3gvaodaYOOTmPqD4Fh78=,HXRLomkNg769J2I9mnCNA8M2s2k=
-111,-31,3o4pGnj3gvaodaYOOTmPqD4Fh78=,FFSvSbo0EaG0FN7axEqbbCn5xOo=
-111,-32,3o4pGnj3gvaodaYOOTmPqD4Fh78=,H/HE+rjQKCfQUul8qhVaxWL2eP8=
-111,-29,3o4pGnj3gvaodaYOOTmPqD4Fh78=,onCnbKyIdqvN27mpVGm0YXSqTyo=
-111,-30,3o4pGnj3gvaodaYOOTmPqD4Fh78=,bUWlYHFF87EEiRnU6fXzMrnahY0=
-111,-27,3o4pGnj3gvaodaYOOTmPqD4Fh78=,vrRxbIqtWlKLl+eH9E9t3HDP+Fk=
-111,-28,3o4pGnj3gvaodaYOOTmPqD4Fh78=,gCQFhNw11Fdx6Dm7gTIgaw1e424=
-111,-25,3o4pGnj3gvaodaYOOTmPqD4Fh78=,e1IWnvYW1CTvd/SqnyQA7bPaCfM=
-111,-26,3o4pGnj3gvaodaYOOTmPqD4Fh78=,aKJGvz2W/2izghUx3rNzIiswhuA=
-111,-23,3o4pGnj3gvaodaYOOTmPqD4Fh78=,ySrKDyRol2e36n/eZGrjBJavAFY=
-111,-24,3o4pGnj3gvaodaYOOTmPqD4Fh78=,s/SEOydKrgdxFZW+A7nN0ASzQnw=
-111,-21,3o4pGnj3gvaodaYOOTmPqD4Fh78=,OFENpc7O1R/c0LvE42aSKK8fQFg=
-111,-22,3o4pGnj3gvaodaYOOTmPqD4Fh78=,OFENpc7O1R/c0LvE42aSKK8fQFg=
-111,-19,S8KtNdMNRY5KLV7BDzy7kcktZIY=,L26rVTX08aC3ZP2NQQGUpAcVCU8=
-111,-20,S8KtNdMNRY5KLV7BDzy7kcktZIY=,3aJGThDNc5D4xJ/oOLQDWgNmgoQ=
-111,-17,S8KtNdMNRY5KLV7BDzy7kcktZIY=,lvpkSjztJ93iGm0m2/WfoVpLS1w=
-111,-18,S8KtNdMNRY5KLV7BDzy7kcktZIY=,cfGxzdRZ+znPqT5Fzh6QlwzRLww=
-112,-16,S8KtNdMNRY5KLV7BDzy7kcktZIY=,QUN3iZgoCDwvP3XPISLzTHGVejM=
-112,-15,S8KtNdMNRY5KLV7BDzy7kcktZIY=,QUN3iZgoCDwvP3XPISLzTHGVejM=
-112,-14,S8KtNdMNRY5KLV7BDzy7kcktZIY=,QUN3iZgoCDwvP3XPISLzTHGVejM=
-112,-13,S8KtNdMNRY5KLV7BDzy7kcktZIY=,QUN3iZgoCDwvP3XPISLzTHGVejM=
-112,-12,S8KtNdMNRY5KLV7BDzy7kcktZIY=,QUN3iZgoCDwvP3XPISLzTHGVejM=
-112,-11,S8KtNdMNRY5KLV7BDzy7kcktZIY=,yFnRxDnkVaSplkeeyNvn35qzu+w=
-112,-10,S8KtNdMNRY5KLV7BDzy7kcktZIY=,kmEJjEhVQQ2WzuLnbmBz95ke6S4=
-112,-9,S8KtNdMNRY5KLV7BDzy7kcktZIY=,Lxn6YsQ0+LmEgKAEFmUumcUMoZM=
-112,-8,S8KtNdMNRY5KLV7BDzy7kcktZIY=,FxdhTw6Lhuc0iunjkGGnr0MZVws=
-112,-7,S8KtNdMNRY5KLV7BDzy7kcktZIY=,wU9KKeIk2kb7S05/KC3XTRmpLaA=
-112,-6,S8KtNdMNRY5KLV7BDzy7kcktZIY=,eXFRAizH756BVOy4wh2Fy0MaZGg=
-112,-5,1g6mOUJp5WZ0D9djVYBkE6QRYX8=,y4HzXO+dcI/9RZ2Pwnsfip5h3iM=
-112,-4,1g6mOUJp5WZ0D9djVYBkE6QRYX8=,2NxUv72RJrHI3GSrwRpYdirWuWM=
-112,-3,1g6mOUJp5WZ0D9djVYBkE6QRYX8=,2NxUv72RJrHI3GSrwRpYdirWuWM=
-112,-2,1g6mOUJp5WZ0D9djVYBkE6QRYX8=,2NxUv72RJrHI3GSrwRpYdirWuWM=
-112,-1,1g6mOUJp5WZ0D9djVYBkE6QRYX8=,Y2Zh1oWIsFL7aXeG8LGwBQz6DAM=
-112,-32,1g6mOUJp5WZ0D9djVYBkE6QRYX8=,uk+cLSrWlmf6cAb0vF/+naTnFGw=
-112,-31,1g6mOUJp5WZ0D9djVYBkE6QRYX8=,XGIHlGvXubTw6A7eS2yxIGDAyGM=
-112,-30,1g6mOUJp5WZ0D9djVYBkE6QRYX8=,grcNPzqcuz9+tFEljXdggntNuIk=
-112,-29,1g6mOUJp5WZ0D9djVYBkE6QRYX8=,grcNPzqcuz9+tFEljXdggntNuIk=
-112,-28,1g6mOUJp5WZ0D9djVYBkE6QRYX8=,gx8Yzr4o2bTrg4RedOEABrRX2Ds=
-112,-27,1g6mOUJp5WZ0D9djVYBkE6QRYX8=,3UFUqLDQJ4+ogfR+9hzfgL+lIZ4=
-112,-26,1g6mOUJp5WZ0D9djVYBkE6QRYX8=,dwhLE2HVrr9sCx78D+rr9OBYTt8=
-112,-25,1g6mOUJp5WZ0D9djVYBkE6QRYX8=,YdYzBV1GyyZr7V9ozFy7MuiFaAs=
-112,-24,1g6mOUJp5WZ0D9djVYBkE6QRYX8=,MUZD+MFLeexI00hMDyhS5OG/VaY=
-112,-23,1g6mOUJp5WZ0D9djVYBkE6QRYX8=,8z1h00EuY/W/mLpcpC9k0dzICII=
-112,-22,1g6mOUJp5WZ0D9djVYBkE6QRYX8=,egNnHMNBEHcKbwIrGhA6LcmsYq0=
-112,-21,1g6mOUJp5WZ0D9djVYBkE6QRYX8=,egNnHMNBEHcKbwIrGhA6LcmsYq0=
-112,-20,1g6mOUJp5WZ0D9djVYBkE6QRYX8=,j4Ghoxu5xSM9tkGGbAKUtWxWN8I=
-112,-19,1g6mOUJp5WZ0D9djVYBkE6QRYX8=,rgylFoxJrftAWul/zhOxk82BBdc=
-112,-18,1g6mOUJp5WZ0D9djVYBkE6QRYX8=,NZoh1r8R7HX3qdirnfLcAQ8A4MU=
-112,-17,bmeaBhdd1O0Hnha1oCA1mrxbq3s=,OeBkgOjenGkBcqtSzAXP6ChnNZg=
-113,-17,bmeaBhdd1O0Hnha1oCA1mrxbq3s=,tHBNly4SJQK+1uV6LpocfUTwCH0=
-113,-18,bmeaBhdd1O0Hnha1oCA1mrxbq3s=,f9XHd+PxqHmav17PtELAD+SMJUU=
-113,-19,bmeaBhdd1O0Hnha1oCA1mrxbq3s=,Pg4mqXhbAPMt3tXVWfyGVuLR4OY=
-113,-20,bmeaBhdd1O0Hnha1oCA1mrxbq3s=,nNNPfVZ7GEWA+OfaQH6wt3iRP3s=
-113,-21,bmeaBhdd1O0Hnha1oCA1mrxbq3s=,yvafs4KCTXKv3W+RPBkNm9MCLPc=
-113,-22,bmeaBhdd1O0Hnha1oCA1mrxbq3s=,zjNT7+PJxWpxPBlVejmipi7JJvs=
-113,-23,bmeaBhdd1O0Hnha1oCA1mrxbq3s=,zjNT7+PJxWpxPBlVejmipi7JJvs=
-113,-24,bmeaBhdd1O0Hnha1oCA1mrxbq3s=,zjNT7+PJxWpxPBlVejmipi7JJvs=
-113,-25,bmeaBhdd1O0Hnha1oCA1mrxbq3s=,adpcBjg8uDPb0y3ZesEnAz816X8=
-113,-26,bmeaBhdd1O0Hnha1oCA1mrxbq3s=,SoBUkME+FBjAWaE5HJMuWTOKvms=
-113,-27,bmeaBhdd1O0Hnha1oCA1mrxbq3s=,7ouBRkhlGw8B1y/VSgdzirYk5pY=
-113,-28,bmeaBhdd1O0Hnha1oCA1mrxbq3s=,7ouBRkhlGw8B1y/VSgdzirYk5pY=
-113,-29,bmeaBhdd1O0Hnha1oCA1mrxbq3s=,7ouBRkhlGw8B1y/VSgdzirYk5pY=
-113,-30,01VWN8FVCtTmNQog2698iJe1OdU=,7ouBRkhlGw8B1y/VSgdzirYk5pY=
-113,-31,01VWN8FVCtTmNQog2698iJe1OdU=,kqgB3QpClfB32dmGzoaaQySeFmY=
-113,-32,01VWN8FVCtTmNQog2698iJe1OdU=,PjsCCJJp4pIh3b88ypPSSW8DJXQ=
-113,-1,01VWN8FVCtTmNQog2698iJe1OdU=,fHFGoTytiYunthOpNwm8xmradw0=
-113,-2,01VWN8FVCtTmNQog2698iJe1OdU=,8FNuCbog/Z74twHdrYO7BChG9II=
-113,-3,01VWN8FVCtTmNQog2698iJe1OdU=,RqsZIWXQFNxVhbrouZLymxyKESI=
-113,-4,01VWN8FVCtTmNQog2698iJe1OdU=,epS5ARqPSQGBo7x0x/dRjBJhGgk=
-113,-5,01VWN8FVCtTmNQog2698iJe1OdU=,2OAszX6UQnAu3DhRogbbO2V5mdY=
-113,-6,01VWN8FVCtTmNQog2698iJe1OdU=,K29iZFovNFYHZl6Vn/AAvwiMVxQ=
-113,-7,01VWN8FVCtTmNQog2698iJe1OdU=,MnC6U1/d9sy60tDRj7uoNEe7fho=
-113,-8,01VWN8FVCtTmNQog2698iJe1OdU=,MnC6U1/d9sy60tDRj7uoNEe7fho=
-113,-9,01VWN8FVCtTmNQog2698iJe1OdU=,CN7NM5Vr5yp4ZhRIKuxTQ/ZcVRw=
-113,-10,01VWN8FVCtTmNQog2698iJe1OdU=,CN7NM5Vr5yp4ZhRIKuxTQ/ZcVRw=
-113,-11,01VWN8FVCtTmNQog2698iJe1OdU=,CN7NM5Vr5yp4ZhRIKuxTQ/ZcVRw=
-113,-12,01VWN8FVCtTmNQog2698iJe1OdU=,Snffh7qgb/ZkWwTdZ9RNb0FQwaw=
-113,-13,ID5fM/vAE1Mx9FMAyD+oecy1qkk=,4gMxBCe9allv4oAKn9LCF7mthEM=
-113,-14,ID5fM/vAE1Mx9FMAyD+oecy1qkk=,CN7NM5Vr5yp4ZhRIKuxTQ/ZcVRw=
-113,-15,ID5fM/vAE1Mx9FMAyD+oecy1qkk=,jNd3eAQD03Lh6rx+vPwiccw/doU=
-113,-16,ID5fM/vAE1Mx9FMAyD+oecy1qkk=,/iKtvcrA0bo8QT1s9+GiuZ26eTg=
-114,-18,ID5fM/vAE1Mx9FMAyD+oecy1qkk=,VslkA1lQDMBHd7Q7IhNoPA8h7rM=
-114,-17,ID5fM/vAE1Mx9FMAyD+oecy1qkk=,8ng0Le+9vWFABw6I+Tlny85rXK8=
-114,-20,ID5fM/vAE1Mx9FMAyD+oecy1qkk=,pogH3HoOwHs9cxLYgc929uHFsTM=
-114,-19,ID5fM/vAE1Mx9FMAyD+oecy1qkk=,c7ltV6GYaM8q6lw5xvgw7OUL53g=
-114,-22,ID5fM/vAE1Mx9FMAyD+oecy1qkk=,yvafs4KCTXKv3W+RPBkNm9MCLPc=
-114,-21,ID5fM/vAE1Mx9FMAyD+oecy1qkk=,8oLBXzHE3vBB87mn+gz6fCMBbv0=
-114,-24,ID5fM/vAE1Mx9FMAyD+oecy1qkk=,zjNT7+PJxWpxPBlVejmipi7JJvs=
-114,-23,ID5fM/vAE1Mx9FMAyD+oecy1qkk=,zjNT7+PJxWpxPBlVejmipi7JJvs=
-114,-26,ID5fM/vAE1Mx9FMAyD+oecy1qkk=,4v0hH0yqFDOATaOxe8aGyVUyV00=
-114,-25,ID5fM/vAE1Mx9FMAyD+oecy1qkk=,adpcBjg8uDPb0y3ZesEnAz816X8=
-114,-28,ID5fM/vAE1Mx9FMAyD+oecy1qkk=,K8KJivEbt6moLZOp3pcinxOKwU8=
-114,-27,Wi1PyrkX900HkSGLiFmDNvK1QxM=,K8KJivEbt6moLZOp3pcinxOKwU8=
-114,-30,Wi1PyrkX900HkSGLiFmDNvK1QxM=,bn2EJ6pldZNlgPJu1fjEqjVZQOI=
-114,-29,Wi1PyrkX900HkSGLiFmDNvK1QxM=,hpIf84/je4v7s+orQi2MGPB2t00=
-114,-32,Wi1PyrkX900HkSGLiFmDNvK1QxM=,KWr7ZlVduE3AxgxrNyRNRQNwgcM=
-114,-31,Wi1PyrkX900HkSGLiFmDNvK1QxM=,MAWjLx2jE8I/URWuZTwcewiwQGM=
-114,-2,Wi1PyrkX900HkSGLiFmDNvK1QxM=,BbL+j5faLG5lkRipz9tS0u12ytY=
-114,-1,Wi1PyrkX900HkSGLiFmDNvK1QxM=,fHFGoTytiYunthOpNwm8xmradw0=
-114,-4,Wi1PyrkX900HkSGLiFmDNvK1QxM=,GefEQqC7mEee9HJcCtazJ+ALo9Q=
-114,-3,Wi1PyrkX900HkSGLiFmDNvK1QxM=,DNj5eQFH2yVgoH1LDTS4QddO9dM=
-114,-6,Wi1PyrkX900HkSGLiFmDNvK1QxM=,zeOXbJvwwY0vRGwqc8AJyVmzsxw=
-114,-5,Wi1PyrkX900HkSGLiFmDNvK1QxM=,fHFGoTytiYunthOpNwm8xmradw0=
-114,-8,Wi1PyrkX900HkSGLiFmDNvK1QxM=,MnC6U1/d9sy60tDRj7uoNEe7fho=
-114,-7,Wi1PyrkX900HkSGLiFmDNvK1QxM=,MnC6U1/d9sy60tDRj7uoNEe7fho=
-114,-10,Wi1PyrkX900HkSGLiFmDNvK1QxM=,6FmFbTCbrKlyT1QLiZPVE6fFxfU=
-114,-9,Wi1PyrkX900HkSGLiFmDNvK1QxM=,G6AUzoc+taJ1i0Hgz+s3opQcPQs=
-114,-12,MH9R2uPyG7W4bi6uemd6gOUdeAM=,jvkuyD5dGctSN9TVR7YCoiGAwpg=
-114,-11,MH9R2uPyG7W4bi6uemd6gOUdeAM=,6FmFbTCbrKlyT1QLiZPVE6fFxfU=
-114,-14,MH9R2uPyG7W4bi6uemd6gOUdeAM=,CN7NM5Vr5yp4ZhRIKuxTQ/ZcVRw=
-114,-13,MH9R2uPyG7W4bi6uemd6gOUdeAM=,6HsdunOrD1Jb+H/ImGI2+jaykLU=
-114,-16,MH9R2uPyG7W4bi6uemd6gOUdeAM=,/iKtvcrA0bo8QT1s9+GiuZ26eTg=
-114,-15,MH9R2uPyG7W4bi6uemd6gOUdeAM=,vJsOh1r32028ziwVg1bwIPkUDwk=
-115,-19,MH9R2uPyG7W4bi6uemd6gOUdeAM=,509z1XVJnV5qNr7KsOcQ4JWk52E=
-115,-20,MH9R2uPyG7W4bi6uemd6gOUdeAM=,6tXweieGD7XogwH31JpmPZFi+Wo=
-115,-17,MH9R2uPyG7W4bi6uemd6gOUdeAM=,8ng0Le+9vWFABw6I+Tlny85rXK8=
-115,-18,MH9R2uPyG7W4bi6uemd6gOUdeAM=,VslkA1lQDMBHd7Q7IhNoPA8h7rM=
-115,-23,MH9R2uPyG7W4bi6uemd6gOUdeAM=,zjNT7+PJxWpxPBlVejmipi7JJvs=
-115,-24,MH9R2uPyG7W4bi6uemd6gOUdeAM=,zjNT7+PJxWpxPBlVejmipi7JJvs=
-115,-21,MH9R2uPyG7W4bi6uemd6gOUdeAM=,JUutYnm15qxZLj5qe5hT476IEDE=
-115,-22,MH9R2uPyG7W4bi6uemd6gOUdeAM=,UansRAIpR/ofbjjbRSn4uUaGnSw=
-115,-27,MH9R2uPyG7W4bi6uemd6gOUdeAM=,Fvw02TrVLC9xlNx3n8AI6sSk8pE=
-115,-28,DJv+dKiXdwD4STPiJsVw0/MtMtk=,87HnOrPJIVk48yPO9cpreywE4/Y=
-115,-25,DJv+dKiXdwD4STPiJsVw0/MtMtk=,adpcBjg8uDPb0y3ZesEnAz816X8=
-115,-26,DJv+dKiXdwD4STPiJsVw0/MtMtk=,4fjXGfB6Im4xngMtnu6VMXuk3dc=
-115,-31,DJv+dKiXdwD4STPiJsVw0/MtMtk=,nA7/Z8VQ27AY5+Bf59kL6ECBCXc=
-115,-32,DJv+dKiXdwD4STPiJsVw0/MtMtk=,AFGKLvZyx5DLBSg9xgpxyDD7T2E=
-115,-29,DJv+dKiXdwD4STPiJsVw0/MtMtk=,uVQ/Dzu6ib/p8yA8Iy7jZF3BsjI=
-115,-30,DJv+dKiXdwD4STPiJsVw0/MtMtk=,nA7/Z8VQ27AY5+Bf59kL6ECBCXc=
-115,-3,DJv+dKiXdwD4STPiJsVw0/MtMtk=,+ZInCltidAz1vcoBqO00xEeH+Hc=
-115,-4,DJv+dKiXdwD4STPiJsVw0/MtMtk=,jW/LlYSaXSVzNnaEGN4oJpcGJdE=
-115,-1,DJv+dKiXdwD4STPiJsVw0/MtMtk=,fHFGoTytiYunthOpNwm8xmradw0=
-115,-2,DJv+dKiXdwD4STPiJsVw0/MtMtk=,BbL+j5faLG5lkRipz9tS0u12ytY=
-115,-7,DJv+dKiXdwD4STPiJsVw0/MtMtk=,6jg7l/8Ax2nKYJqyP4Nw2n9cKL8=
-115,-8,DJv+dKiXdwD4STPiJsVw0/MtMtk=,SCR/dhN9fsmg0eBPVxmYC5+rnu0=
-115,-5,DJv+dKiXdwD4STPiJsVw0/MtMtk=,LHR3mM9adN3zk5P8JTucs670W6Y=
-115,-6,DJv+dKiXdwD4STPiJsVw0/MtMtk=,dYdJbA/GUpunYiEH9dyK8t8Se6Q=
-115,-11,DJv+dKiXdwD4STPiJsVw0/MtMtk=,Ob8Mpp/KumCvPB4rRBqoJE1OFXE=
-115,-12,nbVSCn9CIYYXTcDSS+MAzv0Do34=,Ob8Mpp/KumCvPB4rRBqoJE1OFXE=
-115,-9,nbVSCn9CIYYXTcDSS+MAzv0Do34=,WZir5lRYeNzZIRBklY+SDxEMt/0=
-115,-10,nbVSCn9CIYYXTcDSS+MAzv0Do34=,s3E10qzC4Dc7f3A+maCBR5rTQw8=
-115,-15,nbVSCn9CIYYXTcDSS+MAzv0Do34=,CTUVX9Ywidmoj0HhNjCIFk2IS74=
-115,-16,nbVSCn9CIYYXTcDSS+MAzv0Do34=,cluUxJQR2YW3Y6yfz5fNDTv5OLQ=
-115,-13,nbVSCn9CIYYXTcDSS+MAzv0Do34=,bE9JGYXTqwmEgTmyi5YcbxBga14=
-115,-14,nbVSCn9CIYYXTcDSS+MAzv0Do34=,rF6COspx0GhSca/3GXOr78MVS7o=
-116,-20,nbVSCn9CIYYXTcDSS+MAzv0Do34=,oGCuuRRkUfhpf3Pg6opoePAl3Jk=
-116,-19,nbVSCn9CIYYXTcDSS+MAzv0Do34=,FTYdVWLJU8YxpZDkvBF3rbX2zaU=
-116,-18,nbVSCn9CIYYXTcDSS+MAzv0Do34=,RNvp7KxwvJKMuFKgCYmvwDu7goU=
-116,-17,nbVSCn9CIYYXTcDSS+MAzv0Do34=,d9Q1FmkrpP13E+PhKk9q/Ko3dYU=
-116,-24,nbVSCn9CIYYXTcDSS+MAzv0Do34=,zjNT7+PJxWpxPBlVejmipi7JJvs=
-116,-23,nbVSCn9CIYYXTcDSS+MAzv0Do34=,srA40NkEG6j/0dc0Kc07fHBvn40=
-116,-22,nbVSCn9CIYYXTcDSS+MAzv0Do34=,7Dj5mcjQMNFHPo7THvaLkhxZ3ik=
-116,-21,nbVSCn9CIYYXTcDSS+MAzv0Do34=,WpyH0Tj5xaHjEtGzSu/ultzSSnQ=
-116,-28,+Oa6Vy7ACyHRIqYCR3a40smjn/4=,9c9qs+48V06Ymllr0I1XxBt87MY=
-116,-27,+Oa6Vy7ACyHRIqYCR3a40smjn/4=,npSDSesOq7NdZhfAHntX/+9l43A=
-116,-26,+Oa6Vy7ACyHRIqYCR3a40smjn/4=,QXfox1nnH45d9pAybRMRE/eXEhw=
-116,-25,+Oa6Vy7ACyHRIqYCR3a40smjn/4=,adpcBjg8uDPb0y3ZesEnAz816X8=
-116,-32,+Oa6Vy7ACyHRIqYCR3a40smjn/4=,HuS8+SSzRm2foj2P10wCJ3RyWrM=
-116,-31,+Oa6Vy7ACyHRIqYCR3a40smjn/4=,eRzXjQNS2r71Grp6r/TCKT8z8A4=
-116,-30,+Oa6Vy7ACyHRIqYCR3a40smjn/4=,Y7wVV+RwjNdm/6c23ysNUPvtHtk=
-116,-29,+Oa6Vy7ACyHRIqYCR3a40smjn/4=,9c9qs+48V06Ymllr0I1XxBt87MY=
-116,-4,+Oa6Vy7ACyHRIqYCR3a40smjn/4=,n1OQNE+vOF0kj/MRmqNYSqKJ4Pw=
-116,-3,+Oa6Vy7ACyHRIqYCR3a40smjn/4=,hYA9/Jmb46ZoG5IW78Ay8lJLknM=
-116,-2,+Oa6Vy7ACyHRIqYCR3a40smjn/4=,BbL+j5faLG5lkRipz9tS0u12ytY=
-116,-1,+Oa6Vy7ACyHRIqYCR3a40smjn/4=,fHFGoTytiYunthOpNwm8xmradw0=
-116,-8,+Oa6Vy7ACyHRIqYCR3a40smjn/4=,ShZQWnRJr+hIDCpScKxM8loiuG8=
-116,-7,+Oa6Vy7ACyHRIqYCR3a40smjn/4=,csHUsKnX5T/gf5GHHDL7hML6YoQ=
-116,-6,+Oa6Vy7ACyHRIqYCR3a40smjn/4=,vQGtiMH4ZyriwNU9qTI0CzPgfhM=
-116,-5,VRWYWsnHbqyeBnthZZs8kR1f8cs=,qM8jnDFjQSLidTh+wOzwrxEOhL0=
-116,-12,VRWYWsnHbqyeBnthZZs8kR1f8cs=,W8MZOywisfJsGv/zjrAlIHLMlXw=
-116,-11,VRWYWsnHbqyeBnthZZs8kR1f8cs=,W8MZOywisfJsGv/zjrAlIHLMlXw=
-116,-10,VRWYWsnHbqyeBnthZZs8kR1f8cs=,j3M7kB4L384gngYwid/6rsXJnZM=
-116,-9,VRWYWsnHbqyeBnthZZs8kR1f8cs=,q3kbKefQP1UuaflvIgXq3BY/pTk=
-116,-16,VRWYWsnHbqyeBnthZZs8kR1f8cs=,AFSFq46/t+YmyJqjhxkdN/oFoW8=
-116,-15,VRWYWsnHbqyeBnthZZs8kR1f8cs=,gggO6GKHlB/Nc9t/+H7Zt7+iCS0=
-116,-14,VRWYWsnHbqyeBnthZZs8kR1f8cs=,jWCBW5RBzf2gnZSZGtnqt8sp24Y=
-116,-13,VRWYWsnHbqyeBnthZZs8kR1f8cs=,peGR0STv0lIeLZsWsc56hKEIyHY=
-117,-21,VRWYWsnHbqyeBnthZZs8kR1f8cs=,zsmQy4PBhL2JZv+VFDsIkPLCkOo=
-117,-22,VRWYWsnHbqyeBnthZZs8kR1f8cs=,ivSCMU+jbu9VBijzVQ9b9lCVBwU=
-117,-23,VRWYWsnHbqyeBnthZZs8kR1f8cs=,HhG3HItgxFe/1vnvu6DcxlOzNwE=
-117,-24,VRWYWsnHbqyeBnthZZs8kR1f8cs=,/8dh1G8uh5993xgolRpQ+Hn8Tcg=
-117,-17,VRWYWsnHbqyeBnthZZs8kR1f8cs=,XVxGy9n9F4u1Z4NNhnuIo5CrlFg=
-117,-18,VRWYWsnHbqyeBnthZZs8kR1f8cs=,0GVjpnOyPvQLBs5LlfzYogvRpBE=
-117,-19,VRWYWsnHbqyeBnthZZs8kR1f8cs=,8ng0Le+9vWFABw6I+Tlny85rXK8=
-117,-20,X3DlbPOP1lXctGmk9IAs7Xgt5WA=,WHXeZvLvI9O6r4YHiQuf5yMaqPo=
-117,-29,X3DlbPOP1lXctGmk9IAs7Xgt5WA=,EJ1wwhBxwICE1rN6Qb6+aLt9QO4=
-117,-30,X3DlbPOP1lXctGmk9IAs7Xgt5WA=,+OsqAPTpRz62GlI8m2wkw0OftMc=
-117,-31,X3DlbPOP1lXctGmk9IAs7Xgt5WA=,Ns5EbTqYKSHQLa4CXyuTv80IFY4=
-117,-32,X3DlbPOP1lXctGmk9IAs7Xgt5WA=,Ns5EbTqYKSHQLa4CXyuTv80IFY4=
-117,-25,X3DlbPOP1lXctGmk9IAs7Xgt5WA=,adpcBjg8uDPb0y3ZesEnAz816X8=
-117,-26,X3DlbPOP1lXctGmk9IAs7Xgt5WA=,kRpKtzUW6FRfVlJPSmzxjjp4zFM=
-117,-27,X3DlbPOP1lXctGmk9IAs7Xgt5WA=,05d6l0qayy1pCAnB9DlQrS9UQ9E=
-117,-28,X3DlbPOP1lXctGmk9IAs7Xgt5WA=,1qgxOFJYs/l7AfocLWjUcBxCWRc=
-117,-5,X3DlbPOP1lXctGmk9IAs7Xgt5WA=,8tHbjty7u37JuvkW0jc0U6ol5A8=
-117,-6,X3DlbPOP1lXctGmk9IAs7Xgt5WA=,J2MpChmD8inx2Ky6uxNHXrGvzEw=
-117,-7,X3DlbPOP1lXctGmk9IAs7Xgt5WA=,lmUAsb+AGAdLyXvgGeGKiBVmmKE=
-117,-8,X3DlbPOP1lXctGmk9IAs7Xgt5WA=,j8cwL4MKwnEyW5ZEqhd8nnOZpD8=
-117,-1,X3DlbPOP1lXctGmk9IAs7Xgt5WA=,MHhKGgGY4JSzeQ4AwyEvyOYgGew=
-117,-2,X3DlbPOP1lXctGmk9IAs7Xgt5WA=,/yncexjZ/6AJFwryEAEHcovM/v4=
-117,-3,X3DlbPOP1lXctGmk9IAs7Xgt5WA=,DQeev839khIWkiNfeHsa/kpcdTg=
-117,-4,1AvTP1JdmZD9J+5T8gElJzaS5M4=,hD49keTGCzD/QxrIZXAyNRt2Co4=
-117,-13,1AvTP1JdmZD9J+5T8gElJzaS5M4=,zub1ZlEai2Q1sPq4fnq5ybfd/ZE=
-117,-14,1AvTP1JdmZD9J+5T8gElJzaS5M4=,d3Gm5Nuv+YIUqhODD+1XQYwuo7A=
-117,-15,1AvTP1JdmZD9J+5T8gElJzaS5M4=,GE1K6q4hcKJmToIiWsQTEjsxAc8=
-117,-16,1AvTP1JdmZD9J+5T8gElJzaS5M4=,gsCMYDDioFv4H0TUISDqd/KpQ2c=
-117,-9,1AvTP1JdmZD9J+5T8gElJzaS5M4=,njjZcQz5qS/tXksijvDTSxgl9kE=
-117,-10,1AvTP1JdmZD9J+5T8gElJzaS5M4=,RzzWb8iMkKnmA8diFbNy/xkZyhA=
-117,-11,1AvTP1JdmZD9J+5T8gElJzaS5M4=,GN6MCRp1aHgBAx8Rce1Ufm5Z3TI=
-117,-12,1AvTP1JdmZD9J+5T8gElJzaS5M4=,XSIrsE/EJgClKni1vJ6LsP+kaEU=
-118,-22,1AvTP1JdmZD9J+5T8gElJzaS5M4=,ezLaHPo86FGIWJfGn64PJQlils4=
-118,-21,1AvTP1JdmZD9J+5T8gElJzaS5M4=,XVxGy9n9F4u1Z4NNhnuIo5CrlFg=
-118,-24,1AvTP1JdmZD9J+5T8gElJzaS5M4=,OXo1pQUAFTGVZsINRCFfxYcQPjk=
-118,-23,1AvTP1JdmZD9J+5T8gElJzaS5M4=,Ga7cgOE9RGzMoITYTeorL4suEQg=
-118,-18,1AvTP1JdmZD9J+5T8gElJzaS5M4=,aW0qeknqGflKsleqhoaddGkzBPk=
-118,-17,1AvTP1JdmZD9J+5T8gElJzaS5M4=,XVxGy9n9F4u1Z4NNhnuIo5CrlFg=
-118,-20,jWEV8u7AYirBnDhaQ9J2nWgek8g=,DarDsCNKNRTMc2nrVY+5+S0h38Y=
-118,-19,jWEV8u7AYirBnDhaQ9J2nWgek8g=,d9Q1FmkrpP13E+PhKk9q/Ko3dYU=
-118,-30,jWEV8u7AYirBnDhaQ9J2nWgek8g=,lihay0hmVOuwNDkJ1YM2VDsvE0Y=
-118,-29,jWEV8u7AYirBnDhaQ9J2nWgek8g=,vz2xe8zsR9ktuFWcHBer99fATJg=
-118,-32,jWEV8u7AYirBnDhaQ9J2nWgek8g=,VEn6Nz1p6cczJRkd4ZmUjQB3xu0=
-118,-31,jWEV8u7AYirBnDhaQ9J2nWgek8g=,VEn6Nz1p6cczJRkd4ZmUjQB3xu0=
-118,-26,jWEV8u7AYirBnDhaQ9J2nWgek8g=,xoX//Qc2qFD45REYtqrYUmN1MEE=
-118,-25,jWEV8u7AYirBnDhaQ9J2nWgek8g=,TZZ2jO/zcJeT8H3RgFpFgfoTVRM=
-118,-28,jWEV8u7AYirBnDhaQ9J2nWgek8g=,+cVLLr/0qmYgN9Prw5pC/upZh8o=
-118,-27,jWEV8u7AYirBnDhaQ9J2nWgek8g=,q08glQWOQL6GvGQplfEbtKJLsqU=
-118,-6,jWEV8u7AYirBnDhaQ9J2nWgek8g=,J2MpChmD8inx2Ky6uxNHXrGvzEw=
-118,-5,jWEV8u7AYirBnDhaQ9J2nWgek8g=,8tHbjty7u37JuvkW0jc0U6ol5A8=
-118,-8,jWEV8u7AYirBnDhaQ9J2nWgek8g=,j8cwL4MKwnEyW5ZEqhd8nnOZpD8=
-118,-7,jWEV8u7AYirBnDhaQ9J2nWgek8g=,lmUAsb+AGAdLyXvgGeGKiBVmmKE=
-118,-2,rRdULOGsol73PA1lwN8DLIVtbCM=,ELqwEn8d0gGSCIDRqHk1yWjCOJ4=
-118,-1,rRdULOGsol73PA1lwN8DLIVtbCM=,73x8LmCyIwzuKWwktMsQJJXMLCY=
-118,-4,rRdULOGsol73PA1lwN8DLIVtbCM=,8tHbjty7u37JuvkW0jc0U6ol5A8=
-118,-3,rRdULOGsol73PA1lwN8DLIVtbCM=,8tHbjty7u37JuvkW0jc0U6ol5A8=
-118,-14,rRdULOGsol73PA1lwN8DLIVtbCM=,trXC9HXuCHfbFhzy754ol2BS4pI=
-118,-13,rRdULOGsol73PA1lwN8DLIVtbCM=,d+rAVMnRg44ud9lVNCn0owK64rc=
-118,-16,rRdULOGsol73PA1lwN8DLIVtbCM=,gsCMYDDioFv4H0TUISDqd/KpQ2c=
-118,-15,rRdULOGsol73PA1lwN8DLIVtbCM=,JoNEHrE5vWBSEYz31/JxALUmvys=
-118,-10,rRdULOGsol73PA1lwN8DLIVtbCM=,w8OutJC1xfgyKBa7Ihxn3strqbA=
-118,-9,rRdULOGsol73PA1lwN8DLIVtbCM=,Bu31WAps/PBXqP0lnVocakyOmAg=
-118,-12,rRdULOGsol73PA1lwN8DLIVtbCM=,CN7NM5Vr5yp4ZhRIKuxTQ/ZcVRw=
-118,-11,rRdULOGsol73PA1lwN8DLIVtbCM=,jF2W947pB+1N7DERMJJJpzb6dVY=
-119,-23,rRdULOGsol73PA1lwN8DLIVtbCM=,FC4GdKbb8X/wEDjsEig4HJ2yMlo=
-119,-24,rRdULOGsol73PA1lwN8DLIVtbCM=,OXo1pQUAFTGVZsINRCFfxYcQPjk=
-119,-21,rRdULOGsol73PA1lwN8DLIVtbCM=,wegRjeposrz6/5ch23JXoK9oAEI=
-119,-22,p/P+BbuXu8YMaIc7O5SrQF0afpQ=,H+DPUbW6u7lQ5VTs9vuMc5+eryM=
-119,-19,p/P+BbuXu8YMaIc7O5SrQF0afpQ=,wegRjeposrz6/5ch23JXoK9oAEI=
-119,-20,p/P+BbuXu8YMaIc7O5SrQF0afpQ=,wegRjeposrz6/5ch23JXoK9oAEI=
-119,-17,p/P+BbuXu8YMaIc7O5SrQF0afpQ=,p+YQ6s2dOdKFt3GgVMuetWno/AY=
-119,-18,p/P+BbuXu8YMaIc7O5SrQF0afpQ=,Q9N4FQ9JTfh0CAO8aD8owxj2ZgY=
-119,-31,p/P+BbuXu8YMaIc7O5SrQF0afpQ=,ZYMhEi4RK+PAgtol2hNUFhVgtDo=
-119,-32,p/P+BbuXu8YMaIc7O5SrQF0afpQ=,ZYMhEi4RK+PAgtol2hNUFhVgtDo=
-119,-29,p/P+BbuXu8YMaIc7O5SrQF0afpQ=,ZYMhEi4RK+PAgtol2hNUFhVgtDo=
-119,-30,p/P+BbuXu8YMaIc7O5SrQF0afpQ=,ZYMhEi4RK+PAgtol2hNUFhVgtDo=
-119,-27,p/P+BbuXu8YMaIc7O5SrQF0afpQ=,MSQBuYnMfSGw3CXXz0GNyXzFMMU=
-119,-28,p/P+BbuXu8YMaIc7O5SrQF0afpQ=,8gU0fE4Rnz9ZAxxGxFEhn9Owh0w=
-119,-25,p/P+BbuXu8YMaIc7O5SrQF0afpQ=,sllh8Vi36zIt3LvGq1f9oWpPCfU=
-119,-26,p/P+BbuXu8YMaIc7O5SrQF0afpQ=,JdvphjmJBbFWSja5We/SIn1oycM=
-119,-7,p/P+BbuXu8YMaIc7O5SrQF0afpQ=,NQQ4REBzZAkAdDXvWOskmDFfTYQ=
-119,-8,p/P+BbuXu8YMaIc7O5SrQF0afpQ=,EJLv7pRTu8xtZE3c6tymHW2dxKE=
-119,-5,p/P+BbuXu8YMaIc7O5SrQF0afpQ=,X9zMc3G9p64w5IorqchJTwAUAGo=
-119,-6,vzjXBf4Pi36waBytY5fxHJg5Yn4=,Zdua7ucCIvUXlhPQ8k5GaWw886o=
-119,-3,vzjXBf4Pi36waBytY5fxHJg5Yn4=,9DT6tyXZ51SHtsUquRcc1q1eL6A=
-119,-4,vzjXBf4Pi36waBytY5fxHJg5Yn4=,GaB+NdcpATYegVcOrYcqnBvIlpE=
-119,-1,vzjXBf4Pi36waBytY5fxHJg5Yn4=,3mtEv5BuP4PLavT8Ex07w+MBmCc=
-119,-2,vzjXBf4Pi36waBytY5fxHJg5Yn4=,5UVYPC7lccDXNybu7v24+ft6MXE=
-119,-15,vzjXBf4Pi36waBytY5fxHJg5Yn4=,IlOva5s6QrWceF+RDd0tMA8D6Vk=
-119,-16,vzjXBf4Pi36waBytY5fxHJg5Yn4=,gsCMYDDioFv4H0TUISDqd/KpQ2c=
-119,-13,vzjXBf4Pi36waBytY5fxHJg5Yn4=,a8lYzTMUf436pbe+ZIw79gv5B9w=
-119,-14,vzjXBf4Pi36waBytY5fxHJg5Yn4=,qmwV38rhqXFruKCd9cjCVE7wJyo=
-119,-11,vzjXBf4Pi36waBytY5fxHJg5Yn4=,/vXXsFUjDN6q0tB0Qwmyv9n/qRE=
-119,-12,vzjXBf4Pi36waBytY5fxHJg5Yn4=,a8lYzTMUf436pbe+ZIw79gv5B9w=
-119,-9,vzjXBf4Pi36waBytY5fxHJg5Yn4=,JbjjQm8ZsQFVYg51McSEjS4nXPI=
-119,-10,vzjXBf4Pi36waBytY5fxHJg5Yn4=,J2Osi9FBZz61jBVbqUqspkhpW+Y=
-120,-24,vzjXBf4Pi36waBytY5fxHJg5Yn4=,1ySmmVwPRJAOlOU5IEJd5zoxgt8=
-120,-23,vzjXBf4Pi36waBytY5fxHJg5Yn4=,4oMa7KHg5mN5jv0vBdJ+uJh04MI=
-120,-22,vzjXBf4Pi36waBytY5fxHJg5Yn4=,BTlAlf6beakB+UfDhtFSRNTSuHo=
-120,-21,vzjXBf4Pi36waBytY5fxHJg5Yn4=,8BcLUUwZWrUNm1tc2ZQDKzy7bx4=
-120,-20,vzjXBf4Pi36waBytY5fxHJg5Yn4=,8BcLUUwZWrUNm1tc2ZQDKzy7bx4=
-120,-19,ApN6pHbmFMCqwBN4ueGi2WLyN2U=,8BcLUUwZWrUNm1tc2ZQDKzy7bx4=
-120,-18,ApN6pHbmFMCqwBN4ueGi2WLyN2U=,C7sPNDJDyQyz1cv3ooL62W+rA6Q=
-120,-17,ApN6pHbmFMCqwBN4ueGi2WLyN2U=,PO/X50eTYuzMOI45LZflF9z6swQ=
-120,-32,ApN6pHbmFMCqwBN4ueGi2WLyN2U=,H0LkmE2k/SioVYAG/1wbKbg+qqs=
-120,-31,ApN6pHbmFMCqwBN4ueGi2WLyN2U=,ZYMhEi4RK+PAgtol2hNUFhVgtDo=
-120,-30,ApN6pHbmFMCqwBN4ueGi2WLyN2U=,ZYMhEi4RK+PAgtol2hNUFhVgtDo=
-120,-29,ApN6pHbmFMCqwBN4ueGi2WLyN2U=,ZYMhEi4RK+PAgtol2hNUFhVgtDo=
-120,-28,ApN6pHbmFMCqwBN4ueGi2WLyN2U=,JLI280l2CUFrmnbvVqSJvU4VMwM=
-120,-27,ApN6pHbmFMCqwBN4ueGi2WLyN2U=,07lMEr0nty2ogMj5TZA/ivH1osI=
-120,-26,ApN6pHbmFMCqwBN4ueGi2WLyN2U=,8E6/d/5CIKl/Zs0ORzX0QGDN2jQ=
-120,-25,ApN6pHbmFMCqwBN4ueGi2WLyN2U=,22Ly4h7kCF9Fp/itqhLH6YPKK/Y=
-120,-8,ApN6pHbmFMCqwBN4ueGi2WLyN2U=,8oEPQ/h9s46z8IDOXeqG5CEwXy0=
-120,-7,ApN6pHbmFMCqwBN4ueGi2WLyN2U=,cR4EuL5E5b44kxwz9HkBn56DkC8=
-120,-6,ApN6pHbmFMCqwBN4ueGi2WLyN2U=,8fNhTPT/k67sT24vJ3TAJYEALCA=
-120,-5,ApN6pHbmFMCqwBN4ueGi2WLyN2U=,8fNhTPT/k67sT24vJ3TAJYEALCA=
-120,-4,ApN6pHbmFMCqwBN4ueGi2WLyN2U=,4GHVGCjrTAufWgV7VX2ZYVHeRhM=
-120,-3,ApN6pHbmFMCqwBN4ueGi2WLyN2U=,y2adMOl1sRTpV/8/99a8EoLDuTA=
-120,-2,ApN6pHbmFMCqwBN4ueGi2WLyN2U=,3mtEv5BuP4PLavT8Ex07w+MBmCc=
-120,-1,QQQqH/e3Wmo/XS8+cge/CDeofBg=,8tHbjty7u37JuvkW0jc0U6ol5A8=
-120,-16,QQQqH/e3Wmo/XS8+cge/CDeofBg=,sLawZ+v9V/VuUAyTF61p6zIyvqI=
-120,-15,QQQqH/e3Wmo/XS8+cge/CDeofBg=,GLimJo21non+tYnsJll5N6Qfbz4=
-120,-14,QQQqH/e3Wmo/XS8+cge/CDeofBg=,W8MZOywisfJsGv/zjrAlIHLMlXw=
-120,-13,QQQqH/e3Wmo/XS8+cge/CDeofBg=,W8MZOywisfJsGv/zjrAlIHLMlXw=
-120,-12,QQQqH/e3Wmo/XS8+cge/CDeofBg=,W8MZOywisfJsGv/zjrAlIHLMlXw=
-120,-11,QQQqH/e3Wmo/XS8+cge/CDeofBg=,kL4TmlIVVW+pCTGEIUctSOc2Qp0=
-120,-10,QQQqH/e3Wmo/XS8+cge/CDeofBg=,zrkCDkvk+swjMss3SLJ7ZiUcdSU=
-120,-9,QQQqH/e3Wmo/XS8+cge/CDeofBg=,98t6fdfZoLP89p+s7COWnhVfkBQ=
