1,33,K1C5yj4ZwbzlDA4E8QnGo36mOnA=,i7fZf0LkrLg5COE5tzRLIebenaY=
1,32,K1C5yj4ZwbzlDA4E8QnGo36mOnA=,A0E6Y5BzAl2vYUM86z7HL9hAiBI=
1,35,K1C5yj4ZwbzlDA4E8QnGo36mOnA=,URWP/7lI9mBhN39O+RbSj84Xnng=
1,34,K1C5yj4ZwbzlDA4E8QnGo36mOnA=,t/FTzDqbZc+B6CzV5+0PedVe9gM=
1,37,K1C5yj4ZwbzlDA4E8QnGo36mOnA=,C9zhbXC6SbxKZorMeHJrvNVPd8s=
1,36,K1C5yj4ZwbzlDA4E8QnGo36mOnA=,2J3aFfyFGYp4EutzazOffJA3Y8o=
1,39,K1C5yj4ZwbzlDA4E8QnGo36mOnA=,C9zhbXC6SbxKZorMeHJrvNVPd8s=
1,38,K1C5yj4ZwbzlDA4E8QnGo36mOnA=,C9zhbXC6SbxKZorMeHJrvNVPd8s=
1,41,K1C5yj4ZwbzlDA4E8QnGo36mOnA=,s6Vu8R2caC3lM7RCIo6o54qrId8=
1,40,K1C5yj4ZwbzlDA4E8QnGo36mOnA=,s6Vu8R2caC3lM7RCIo6o54qrId8=
1,43,K1C5yj4ZwbzlDA4E8QnGo36mOnA=,Bl0tBGwLq/oZ27+sv7yE+Yg9vLQ=
1,42,K1C5yj4ZwbzlDA4E8QnGo36mOnA=,3jfQ1pGXKGFROLL8vTgqb8yXNPg=
1,45,K1C5yj4ZwbzlDA4E8QnGo36mOnA=,KYLV5vJt43TGTWvcyq9haIhYdds=
1,44,K1C5yj4ZwbzlDA4E8QnGo36mOnA=,ZflOpuc/g0xGnTW/PPdwag9OPLw=
1,47,K1C5yj4ZwbzlDA4E8QnGo36mOnA=,L1Lpa4cvbcZkGk38PqAqzJfcFMw=
1,46,K1C5yj4ZwbzlDA4E8QnGo36mOnA=,73D/ULoI84R40pccYMDGKYH6DGY=
1,49,oEZUukACwnlWIj6DO5FgD5Am29I=,S3i8K+bHx5Haqut3PVNjo+42C2k=
1,48,oEZUukACwnlWIj6DO5FgD5Am29I=,S3i8K+bHx5Haqut3PVNjo+42C2k=
0,32,oEZUukACwnlWIj6DO5FgD5Am29I=,C9zhbXC6SbxKZorMeHJrvNVPd8s=
0,33,oEZUukACwnlWIj6DO5FgD5Am29I=,A0E6Y5BzAl2vYUM86z7HL9hAiBI=
0,34,oEZUukACwnlWIj6DO5FgD5Am29I=,K1EqYGbarl/5+YCVSiGBbI+hQWY=
0,35,oEZUukACwnlWIj6DO5FgD5Am29I=,foXbQmt7oIsHE186YZQiT204S8w=
0,36,oEZUukACwnlWIj6DO5FgD5Am29I=,lV1aE+cVDIXtO8cQFPR87u3pizk=
0,37,oEZUukACwnlWIj6DO5FgD5Am29I=,C9zhbXC6SbxKZorMeHJrvNVPd8s=
0,38,oEZUukACwnlWIj6DO5FgD5Am29I=,C9zhbXC6SbxKZorMeHJrvNVPd8s=
0,39,oEZUukACwnlWIj6DO5FgD5Am29I=,C9zhbXC6SbxKZorMeHJrvNVPd8s=
0,40,oEZUukACwnlWIj6DO5FgD5Am29I=,KYLV5vJt43TGTWvcyq9haIhYdds=
0,41,oEZUukACwnlWIj6DO5FgD5Am29I=,KYLV5vJt43TGTWvcyq9haIhYdds=
0,42,oEZUukACwnlWIj6DO5FgD5Am29I=,73D/ULoI84R40pccYMDGKYH6DGY=
0,43,oEZUukACwnlWIj6DO5FgD5Am29I=,s6Vu8R2caC3lM7RCIo6o54qrId8=
0,44,oEZUukACwnlWIj6DO5FgD5Am29I=,L1Lpa4cvbcZkGk38PqAqzJfcFMw=
0,45,oEZUukACwnlWIj6DO5FgD5Am29I=,KYLV5vJt43TGTWvcyq9haIhYdds=
0,46,oEZUukACwnlWIj6DO5FgD5Am29I=,KYLV5vJt43TGTWvcyq9haIhYdds=
0,47,oEZUukACwnlWIj6DO5FgD5Am29I=,KYLV5vJt43TGTWvcyq9haIhYdds=
0,48,oEZUukACwnlWIj6DO5FgD5Am29I=,S3i8K+bHx5Haqut3PVNjo+42C2k=
0,49,oEZUukACwnlWIj6DO5FgD5Am29I=,S3i8K+bHx5Haqut3PVNjo+42C2k=
3,35,tdXDCC8nb+FvrEjgCOGLE7ah+ko=,16Kth4toKJ2uy18nyOKsv+zISHM=
3,34,tdXDCC8nb+FvrEjgCOGLE7ah+ko=,zouqpWVrGE09eryq5tR2xSv5pDY=
3,33,tdXDCC8nb+FvrEjgCOGLE7ah+ko=,w1smdcFJT9POVWK1LDjg1ynWCTw=
3,32,tdXDCC8nb+FvrEjgCOGLE7ah+ko=,rRVau6lkY4guaZjIag8sEAhS80I=
3,39,tdXDCC8nb+FvrEjgCOGLE7ah+ko=,mv8pZe0YPaCP8yqDwoM3jK6Eau0=
3,38,tdXDCC8nb+FvrEjgCOGLE7ah+ko=,tZNCGJDxSXhIMfuKG3E+nkFFigo=
3,37,tdXDCC8nb+FvrEjgCOGLE7ah+ko=,tZNCGJDxSXhIMfuKG3E+nkFFigo=
3,36,tdXDCC8nb+FvrEjgCOGLE7ah+ko=,lr/lRBOY7lNJ1dmqtDAu/mhVByc=
3,43,tdXDCC8nb+FvrEjgCOGLE7ah+ko=,zQrICuUCHH8RpxrhuTmEER+7CkY=
3,42,tdXDCC8nb+FvrEjgCOGLE7ah+ko=,z83+vaeAb5r9BSSGbU5g6Z0Xumo=
3,41,tdXDCC8nb+FvrEjgCOGLE7ah+ko=,ink59MrI56EaMJRJKRh3/E9gpN8=
3,40,tdXDCC8nb+FvrEjgCOGLE7ah+ko=,ZT4gF+B9vgf7+lMb2fdb9QNX3P4=
3,47,tdXDCC8nb+FvrEjgCOGLE7ah+ko=,HLUsLjJUCqKt9QcvOFFnI39LBUE=
3,46,tdXDCC8nb+FvrEjgCOGLE7ah+ko=,zQrICuUCHH8RpxrhuTmEER+7CkY=
3,45,tdXDCC8nb+FvrEjgCOGLE7ah+ko=,zQrICuUCHH8RpxrhuTmEER+7CkY=
3,44,tdXDCC8nb+FvrEjgCOGLE7ah+ko=,zQrICuUCHH8RpxrhuTmEER+7CkY=
3,49,tdXDCC8nb+FvrEjgCOGLE7ah+ko=,3oF2EFMvdSCEY8/rexLUHAcmUck=
3,48,tdXDCC8nb+FvrEjgCOGLE7ah+ko=,vVK6mwC4sh9EeKdYsE56/OpPoTk=
2,34,2CDEdRjGGt5GjjJUmqbLRysAPOA=,IztV1bqZDrdHHOzsQh5sAIdA3Wo=
2,35,2CDEdRjGGt5GjjJUmqbLRysAPOA=,HeeBRq278PfL1zah/S0/fIOe4IQ=
2,32,2CDEdRjGGt5GjjJUmqbLRysAPOA=,rRVau6lkY4guaZjIag8sEAhS80I=
2,33,2CDEdRjGGt5GjjJUmqbLRysAPOA=,IztV1bqZDrdHHOzsQh5sAIdA3Wo=
2,38,2CDEdRjGGt5GjjJUmqbLRysAPOA=,l0YGhoV1kwr34VbMp0eutSeEnEw=
2,39,2CDEdRjGGt5GjjJUmqbLRysAPOA=,FsuQxkrKRp1ZYwTVW0NwAyCF6rA=
2,36,2CDEdRjGGt5GjjJUmqbLRysAPOA=,4QqVJzHuG3zcvddzp7KxUDG/Slg=
2,37,2CDEdRjGGt5GjjJUmqbLRysAPOA=,l0YGhoV1kwr34VbMp0eutSeEnEw=
2,42,2CDEdRjGGt5GjjJUmqbLRysAPOA=,4uQO3Ugz+FxgFSMBy2tSVFl7WvM=
2,43,2CDEdRjGGt5GjjJUmqbLRysAPOA=,4uQO3Ugz+FxgFSMBy2tSVFl7WvM=
2,40,2CDEdRjGGt5GjjJUmqbLRysAPOA=,2+6m04e4kv8YAUT7L2imumQ07aY=
2,41,2CDEdRjGGt5GjjJUmqbLRysAPOA=,4uQO3Ugz+FxgFSMBy2tSVFl7WvM=
2,46,2CDEdRjGGt5GjjJUmqbLRysAPOA=,FM8iG5Hg3F37HAIOw6Uly//OyOU=
2,47,2CDEdRjGGt5GjjJUmqbLRysAPOA=,LqXXcCezK60kE4MKWuQKXqGCttM=
2,44,2CDEdRjGGt5GjjJUmqbLRysAPOA=,jJoOuDdg0dM9Lx1UCcsthfv7BQ8=
2,45,2CDEdRjGGt5GjjJUmqbLRysAPOA=,5eEZrO/Fzlmcs5nu7gPU1GcjU6s=
2,48,2CDEdRjGGt5GjjJUmqbLRysAPOA=,tEAY5xCetv1OekhTPhww2zC12Jo=
2,49,eRziGZJESGJDzZ106ZtBl2FsfFI=,fOB40JhQerJAE8taPgMHkgVWQGk=
5,37,eRziGZJESGJDzZ106ZtBl2FsfFI=,tZNCGJDxSXhIMfuKG3E+nkFFigo=
5,36,eRziGZJESGJDzZ106ZtBl2FsfFI=,lr/lRBOY7lNJ1dmqtDAu/mhVByc=
5,39,eRziGZJESGJDzZ106ZtBl2FsfFI=,mv8pZe0YPaCP8yqDwoM3jK6Eau0=
5,38,eRziGZJESGJDzZ106ZtBl2FsfFI=,tZNCGJDxSXhIMfuKG3E+nkFFigo=
5,33,eRziGZJESGJDzZ106ZtBl2FsfFI=,4XsV2BftKT3YeOpAZqfzkrN9Rik=
5,32,eRziGZJESGJDzZ106ZtBl2FsfFI=,rRVau6lkY4guaZjIag8sEAhS80I=
5,35,eRziGZJESGJDzZ106ZtBl2FsfFI=,SE6EhDb95gj1pZFihE5h3V8U60M=
5,34,eRziGZJESGJDzZ106ZtBl2FsfFI=,Z/2DBH2O39xHHrYAtLT2XZusMaY=
5,45,eRziGZJESGJDzZ106ZtBl2FsfFI=,wqrdt9GbWYLACnoEf30eA4pyzIk=
5,44,eRziGZJESGJDzZ106ZtBl2FsfFI=,wqrdt9GbWYLACnoEf30eA4pyzIk=
5,47,eRziGZJESGJDzZ106ZtBl2FsfFI=,/u1ff7gP79JAMjD6rSNHhplG5q0=
5,46,eRziGZJESGJDzZ106ZtBl2FsfFI=,wqrdt9GbWYLACnoEf30eA4pyzIk=
5,41,eRziGZJESGJDzZ106ZtBl2FsfFI=,jZewqGRrMsHKF9ZZ08g7eXQX/A4=
5,40,eRziGZJESGJDzZ106ZtBl2FsfFI=,Bl0tBGwLq/oZ27+sv7yE+Yg9vLQ=
5,43,eRziGZJESGJDzZ106ZtBl2FsfFI=,wqrdt9GbWYLACnoEf30eA4pyzIk=
5,42,eRziGZJESGJDzZ106ZtBl2FsfFI=,S77vgf+ker5L7jMhQZmdIlbYSXk=
5,49,2gx6jY6SjG8IeT2+Y7B3H5BNv4c=,3oF2EFMvdSCEY8/rexLUHAcmUck=
5,48,2gx6jY6SjG8IeT2+Y7B3H5BNv4c=,vVK6mwC4sh9EeKdYsE56/OpPoTk=
4,36,2gx6jY6SjG8IeT2+Y7B3H5BNv4c=,lr/lRBOY7lNJ1dmqtDAu/mhVByc=
4,37,2gx6jY6SjG8IeT2+Y7B3H5BNv4c=,tZNCGJDxSXhIMfuKG3E+nkFFigo=
4,38,2gx6jY6SjG8IeT2+Y7B3H5BNv4c=,tZNCGJDxSXhIMfuKG3E+nkFFigo=
4,39,2gx6jY6SjG8IeT2+Y7B3H5BNv4c=,mv8pZe0YPaCP8yqDwoM3jK6Eau0=
4,32,2gx6jY6SjG8IeT2+Y7B3H5BNv4c=,rRVau6lkY4guaZjIag8sEAhS80I=
4,33,2gx6jY6SjG8IeT2+Y7B3H5BNv4c=,4XsV2BftKT3YeOpAZqfzkrN9Rik=
4,34,2gx6jY6SjG8IeT2+Y7B3H5BNv4c=,Z/2DBH2O39xHHrYAtLT2XZusMaY=
4,35,2gx6jY6SjG8IeT2+Y7B3H5BNv4c=,SE6EhDb95gj1pZFihE5h3V8U60M=
4,44,2gx6jY6SjG8IeT2+Y7B3H5BNv4c=,Bl0tBGwLq/oZ27+sv7yE+Yg9vLQ=
4,45,2gx6jY6SjG8IeT2+Y7B3H5BNv4c=,Bl0tBGwLq/oZ27+sv7yE+Yg9vLQ=
4,46,2gx6jY6SjG8IeT2+Y7B3H5BNv4c=,Bl0tBGwLq/oZ27+sv7yE+Yg9vLQ=
4,47,2gx6jY6SjG8IeT2+Y7B3H5BNv4c=,cLcHgELuI49JmFm+M5fW0DnqUlY=
4,40,2gx6jY6SjG8IeT2+Y7B3H5BNv4c=,A6wFIqMAtoFr/NZp2QWCgSWqO/I=
4,41,2gx6jY6SjG8IeT2+Y7B3H5BNv4c=,Gwioeh/LJCEDeWP6I2icJ2dGUqc=
4,42,2gx6jY6SjG8IeT2+Y7B3H5BNv4c=,PNkIYbxZC2BwAkrZoYDYTxvwQG8=
4,43,nUh7wdEOQfV/b1omfFQCunhKviI=,Bl0tBGwLq/oZ27+sv7yE+Yg9vLQ=
4,48,nUh7wdEOQfV/b1omfFQCunhKviI=,vVK6mwC4sh9EeKdYsE56/OpPoTk=
4,49,nUh7wdEOQfV/b1omfFQCunhKviI=,3oF2EFMvdSCEY8/rexLUHAcmUck=
7,39,nUh7wdEOQfV/b1omfFQCunhKviI=,C9zhbXC6SbxKZorMeHJrvNVPd8s=
7,38,nUh7wdEOQfV/b1omfFQCunhKviI=,Hw1uSoMN4nrdLntcsRKU6myvPA0=
7,37,nUh7wdEOQfV/b1omfFQCunhKviI=,AVcT/EQnTmMN0lgk4tmwZbDlxVI=
7,36,nUh7wdEOQfV/b1omfFQCunhKviI=,EVytdejPGt/5GuF8XO8/hTT8+Bc=
7,35,nUh7wdEOQfV/b1omfFQCunhKviI=,uviycQHsCEhPiBmvha16AzXmHVg=
7,34,nUh7wdEOQfV/b1omfFQCunhKviI=,uviycQHsCEhPiBmvha16AzXmHVg=
7,33,nUh7wdEOQfV/b1omfFQCunhKviI=,uviycQHsCEhPiBmvha16AzXmHVg=
7,32,nUh7wdEOQfV/b1omfFQCunhKviI=,ieFCy8W1ki4GWRY4V8W3U1UWJks=
7,47,nUh7wdEOQfV/b1omfFQCunhKviI=,LW62+5EvanRpsSPm83QjRxoLKvw=
7,46,nUh7wdEOQfV/b1omfFQCunhKviI=,3O/QzW5TPlOeVdtlX5EUMWxb0UA=
7,45,nUh7wdEOQfV/b1omfFQCunhKviI=,3O/QzW5TPlOeVdtlX5EUMWxb0UA=
7,44,nUh7wdEOQfV/b1omfFQCunhKviI=,3O/QzW5TPlOeVdtlX5EUMWxb0UA=
7,43,nUh7wdEOQfV/b1omfFQCunhKviI=,3O/QzW5TPlOeVdtlX5EUMWxb0UA=
7,42,nUh7wdEOQfV/b1omfFQCunhKviI=,NN6ENaG7TSZkp33YtlgvsQzBgn4=
7,41,jicKYURAyB1Tel0vKOuAN/wcdjU=,pxMcoAuVDrAiLAoEwZTf05xNWQ8=
7,40,jicKYURAyB1Tel0vKOuAN/wcdjU=,VglMxVM0UDRnWEkQxvlW1deSZmE=
7,49,jicKYURAyB1Tel0vKOuAN/wcdjU=,IY0h0xpfBTTDzsKpc5hmgrV+pjM=
7,48,jicKYURAyB1Tel0vKOuAN/wcdjU=,0iOR8SkbXZUk86JgEsYa3lkTa88=
6,38,jicKYURAyB1Tel0vKOuAN/wcdjU=,vYhmfXUmN+fDEd8PbDMA5XeKbsU=
6,39,jicKYURAyB1Tel0vKOuAN/wcdjU=,Hw1uSoMN4nrdLntcsRKU6myvPA0=
6,36,jicKYURAyB1Tel0vKOuAN/wcdjU=,Tjk4iFhxS58pKt6Qy42/RWR0QEA=
6,37,jicKYURAyB1Tel0vKOuAN/wcdjU=,tZNCGJDxSXhIMfuKG3E+nkFFigo=
6,34,jicKYURAyB1Tel0vKOuAN/wcdjU=,KLqnsYbEW596cc0j1BdXbQumNYM=
6,35,jicKYURAyB1Tel0vKOuAN/wcdjU=,zFygSSCY0jyvzR1hEwnr2CZ8Jow=
6,32,jicKYURAyB1Tel0vKOuAN/wcdjU=,rRVau6lkY4guaZjIag8sEAhS80I=
6,33,jicKYURAyB1Tel0vKOuAN/wcdjU=,sa6LAxBIRYv+Ep/qFcUc7kXns80=
6,46,jicKYURAyB1Tel0vKOuAN/wcdjU=,tAWtCHUJXpNLusWtblgSwM7f4lA=
6,47,jicKYURAyB1Tel0vKOuAN/wcdjU=,WFMisA+Em8Is2trE5PtPS0sJTPA=
6,44,jicKYURAyB1Tel0vKOuAN/wcdjU=,tAWtCHUJXpNLusWtblgSwM7f4lA=
6,45,jicKYURAyB1Tel0vKOuAN/wcdjU=,tAWtCHUJXpNLusWtblgSwM7f4lA=
6,42,siX2v9DuD59//Srmxeb930BqtxM=,sn9LLuMHUv33YITc+G47jVOW4Ss=
6,43,siX2v9DuD59//Srmxeb930BqtxM=,tAWtCHUJXpNLusWtblgSwM7f4lA=
6,40,siX2v9DuD59//Srmxeb930BqtxM=,Bl0tBGwLq/oZ27+sv7yE+Yg9vLQ=
6,41,siX2v9DuD59//Srmxeb930BqtxM=,9barNn93tTZn+2rhFpooUYFpi/4=
6,48,siX2v9DuD59//Srmxeb930BqtxM=,vVK6mwC4sh9EeKdYsE56/OpPoTk=
6,49,siX2v9DuD59//Srmxeb930BqtxM=,3oF2EFMvdSCEY8/rexLUHAcmUck=
9,41,siX2v9DuD59//Srmxeb930BqtxM=,TwjiKKbe6h7WzbaLgum482OrLM4=
9,40,siX2v9DuD59//Srmxeb930BqtxM=,TwjiKKbe6h7WzbaLgum482OrLM4=
9,43,siX2v9DuD59//Srmxeb930BqtxM=,BgKc5Ri3iJT6mpps1qvyEPpfmfE=
9,42,siX2v9DuD59//Srmxeb930BqtxM=,Yv4LWG25V9fxJjnbHQVHmJXShm8=
9,45,siX2v9DuD59//Srmxeb930BqtxM=,Pt4i6pMOwkNJPKy7U5LoNR7eNDA=
9,44,siX2v9DuD59//Srmxeb930BqtxM=,bFjUv7yS/1WZKupVOBRP/HmUFbQ=
9,47,siX2v9DuD59//Srmxeb930BqtxM=,dbdHivmYX3Lp3qGevgQOWbJSHus=
9,46,siX2v9DuD59//Srmxeb930BqtxM=,UvuXb24v3B41RsH0xkgVx2tN9Vw=
9,33,siX2v9DuD59//Srmxeb930BqtxM=,x1RtP73T9NG/Zy/44OC8hAG0X/g=
9,32,siX2v9DuD59//Srmxeb930BqtxM=,x1RtP73T9NG/Zy/44OC8hAG0X/g=
9,35,siX2v9DuD59//Srmxeb930BqtxM=,x1RtP73T9NG/Zy/44OC8hAG0X/g=
9,34,FDSaAfJUgvKm7/ii7U5LC1h5w2c=,x1RtP73T9NG/Zy/44OC8hAG0X/g=
9,37,FDSaAfJUgvKm7/ii7U5LC1h5w2c=,+CyYl/iPsjBbRALelcWMAT2g+HI=
9,36,FDSaAfJUgvKm7/ii7U5LC1h5w2c=,x1RtP73T9NG/Zy/44OC8hAG0X/g=
9,39,FDSaAfJUgvKm7/ii7U5LC1h5w2c=,aXzJkUAPoCIOBcVdh8f4G5i62TM=
9,38,FDSaAfJUgvKm7/ii7U5LC1h5w2c=,OewIB8MNi5uMliJRZatbdBbuwhM=
9,49,FDSaAfJUgvKm7/ii7U5LC1h5w2c=,rd9jSYUU3UdWtrKjnLEoC9LKuPs=
9,48,FDSaAfJUgvKm7/ii7U5LC1h5w2c=,rd9jSYUU3UdWtrKjnLEoC9LKuPs=
8,40,FDSaAfJUgvKm7/ii7U5LC1h5w2c=,TwjiKKbe6h7WzbaLgum482OrLM4=
8,41,FDSaAfJUgvKm7/ii7U5LC1h5w2c=,S78BnmAqKJyg8QZjeDpDOppkK90=
8,42,FDSaAfJUgvKm7/ii7U5LC1h5w2c=,B3XpRBtq7zY2pEi+F1f91REZSUo=
8,43,FDSaAfJUgvKm7/ii7U5LC1h5w2c=,SZyR926xpE1/z6eVrL3snXoKG+8=
8,44,FDSaAfJUgvKm7/ii7U5LC1h5w2c=,uK0dNz8DlmKkG++ATwqHs+x1iDo=
8,45,FDSaAfJUgvKm7/ii7U5LC1h5w2c=,84aL3mDtfnbkZ8bHcvF9Fzj9qLU=
8,46,FDSaAfJUgvKm7/ii7U5LC1h5w2c=,SZyR926xpE1/z6eVrL3snXoKG+8=
8,47,FDSaAfJUgvKm7/ii7U5LC1h5w2c=,Eg02+Cawl/Oz8VSdmRyMe30hvJ0=
8,32,FDSaAfJUgvKm7/ii7U5LC1h5w2c=,kqKEWu9MZ2lqekBDJ+/IJvF5d20=
8,33,VDl6ZUYolxwhw0YIbHxBTkHs9zg=,x1RtP73T9NG/Zy/44OC8hAG0X/g=
8,34,VDl6ZUYolxwhw0YIbHxBTkHs9zg=,x1RtP73T9NG/Zy/44OC8hAG0X/g=
8,35,VDl6ZUYolxwhw0YIbHxBTkHs9zg=,x1RtP73T9NG/Zy/44OC8hAG0X/g=
8,36,VDl6ZUYolxwhw0YIbHxBTkHs9zg=,xN3r0oP2T71IGJulyNJnfadnVn4=
8,37,VDl6ZUYolxwhw0YIbHxBTkHs9zg=,HW820wQlVsYLAQlXqGLhUgot4+k=
8,38,VDl6ZUYolxwhw0YIbHxBTkHs9zg=,rxPJ/aeINnfHHK7/4CCsQmxPni8=
8,39,VDl6ZUYolxwhw0YIbHxBTkHs9zg=,rxPJ/aeINnfHHK7/4CCsQmxPni8=
8,48,VDl6ZUYolxwhw0YIbHxBTkHs9zg=,rd9jSYUU3UdWtrKjnLEoC9LKuPs=
8,49,VDl6ZUYolxwhw0YIbHxBTkHs9zg=,rd9jSYUU3UdWtrKjnLEoC9LKuPs=
11,43,VDl6ZUYolxwhw0YIbHxBTkHs9zg=,TwjiKKbe6h7WzbaLgum482OrLM4=
11,42,VDl6ZUYolxwhw0YIbHxBTkHs9zg=,TwjiKKbe6h7WzbaLgum482OrLM4=
11,41,VDl6ZUYolxwhw0YIbHxBTkHs9zg=,TwjiKKbe6h7WzbaLgum482OrLM4=
11,40,VDl6ZUYolxwhw0YIbHxBTkHs9zg=,TwjiKKbe6h7WzbaLgum482OrLM4=
11,47,VDl6ZUYolxwhw0YIbHxBTkHs9zg=,dCAf2o/WEtWQGgmggxxEn+mGcdU=
11,46,VDl6ZUYolxwhw0YIbHxBTkHs9zg=,n2rwyg/5vwvBjPfOsR6DRbMDdGI=
11,45,5cYNlHQ9pZaLCj0uLrS25UAx3qI=,tZS65cV2QRgJyLfawxn7fxsKRKY=
11,44,5cYNlHQ9pZaLCj0uLrS25UAx3qI=,rHhDEF+1/HB1mvIl/4hmPpvBX7U=
11,35,5cYNlHQ9pZaLCj0uLrS25UAx3qI=,LyG3xNKnETMEYByc2eGHo8sqTVI=
11,34,5cYNlHQ9pZaLCj0uLrS25UAx3qI=,cyjIfPwt2G06cdhSNZjuXLoT5ps=
11,33,5cYNlHQ9pZaLCj0uLrS25UAx3qI=,Aabu7sKOV+7zyWsERk2C/4IxFmc=
11,32,5cYNlHQ9pZaLCj0uLrS25UAx3qI=,EPSooc/L/MYh2jRyr4kteWTBeJw=
11,39,5cYNlHQ9pZaLCj0uLrS25UAx3qI=,p7AEF3KNFsQtkSL/mRcj2jdDAfY=
11,38,5cYNlHQ9pZaLCj0uLrS25UAx3qI=,hSS4fLGiwhplX1SKFeaTFHjznxw=
11,37,5cYNlHQ9pZaLCj0uLrS25UAx3qI=,GWoQUwv46EfFsN5BLhPEMFaV7r0=
11,36,5cYNlHQ9pZaLCj0uLrS25UAx3qI=,T+FplxtfKWRqZ2wPoBhJ7YIHzws=
11,49,5cYNlHQ9pZaLCj0uLrS25UAx3qI=,rd9jSYUU3UdWtrKjnLEoC9LKuPs=
11,48,5cYNlHQ9pZaLCj0uLrS25UAx3qI=,rd9jSYUU3UdWtrKjnLEoC9LKuPs=
10,42,5cYNlHQ9pZaLCj0uLrS25UAx3qI=,W3wVuCTm3WHA+nZ/4SBvpciK5zM=
10,43,5cYNlHQ9pZaLCj0uLrS25UAx3qI=,OigzxpzdAj7YuQEwGh2ZuSR2rYE=
10,40,5cYNlHQ9pZaLCj0uLrS25UAx3qI=,TwjiKKbe6h7WzbaLgum482OrLM4=
10,41,5cYNlHQ9pZaLCj0uLrS25UAx3qI=,TwjiKKbe6h7WzbaLgum482OrLM4=
10,46,gqiJ8qD5tuIzMSdGM/E7ucVqb9w=,n2rwyg/5vwvBjPfOsR6DRbMDdGI=
10,47,gqiJ8qD5tuIzMSdGM/E7ucVqb9w=,dCAf2o/WEtWQGgmggxxEn+mGcdU=
10,44,gqiJ8qD5tuIzMSdGM/E7ucVqb9w=,Pavh304W9U1mWeQsWf7BByPndKE=
10,45,gqiJ8qD5tuIzMSdGM/E7ucVqb9w=,tZS65cV2QRgJyLfawxn7fxsKRKY=
10,34,gqiJ8qD5tuIzMSdGM/E7ucVqb9w=,NgryZ/AC7lBbb/D4OsQEgTBKCDY=
10,35,gqiJ8qD5tuIzMSdGM/E7ucVqb9w=,NgryZ/AC7lBbb/D4OsQEgTBKCDY=
10,32,gqiJ8qD5tuIzMSdGM/E7ucVqb9w=,x1RtP73T9NG/Zy/44OC8hAG0X/g=
10,33,gqiJ8qD5tuIzMSdGM/E7ucVqb9w=,dnTai0nDSU/cMqsqJayokKipuow=
10,38,gqiJ8qD5tuIzMSdGM/E7ucVqb9w=,/GkDptVC6SXJpHd4lCuuv3O7xUM=
10,39,gqiJ8qD5tuIzMSdGM/E7ucVqb9w=,XodH4YYMUHkdoIdbZ5qYW+FjTR4=
10,36,gqiJ8qD5tuIzMSdGM/E7ucVqb9w=,XgTVNQ9H89mvz909fhCqEh82ya8=
10,37,gqiJ8qD5tuIzMSdGM/E7ucVqb9w=,x1RtP73T9NG/Zy/44OC8hAG0X/g=
10,48,gqiJ8qD5tuIzMSdGM/E7ucVqb9w=,rd9jSYUU3UdWtrKjnLEoC9LKuPs=
10,49,gqiJ8qD5tuIzMSdGM/E7ucVqb9w=,rd9jSYUU3UdWtrKjnLEoC9LKuPs=
13,45,gqiJ8qD5tuIzMSdGM/E7ucVqb9w=,uK0dNz8DlmKkG++ATwqHs+x1iDo=
13,44,gqiJ8qD5tuIzMSdGM/E7ucVqb9w=,uK0dNz8DlmKkG++ATwqHs+x1iDo=
13,47,gqiJ8qD5tuIzMSdGM/E7ucVqb9w=,dCAf2o/WEtWQGgmggxxEn+mGcdU=
13,46,0jzzYZjo1tG/PlBs05ploPynKuw=,uK0dNz8DlmKkG++ATwqHs+x1iDo=
13,41,0jzzYZjo1tG/PlBs05ploPynKuw=,TwjiKKbe6h7WzbaLgum482OrLM4=
13,40,0jzzYZjo1tG/PlBs05ploPynKuw=,TwjiKKbe6h7WzbaLgum482OrLM4=
13,43,0jzzYZjo1tG/PlBs05ploPynKuw=,n2rwyg/5vwvBjPfOsR6DRbMDdGI=
13,42,0jzzYZjo1tG/PlBs05ploPynKuw=,rHhDEF+1/HB1mvIl/4hmPpvBX7U=
13,37,0jzzYZjo1tG/PlBs05ploPynKuw=,tECvsimkxU6ZV8qnrMEVgRndSWs=
13,36,0jzzYZjo1tG/PlBs05ploPynKuw=,61vmNv9Jz4e407XZ2z7qEi/9Lo8=
13,39,0jzzYZjo1tG/PlBs05ploPynKuw=,jnmE/D9RAdf8HQd9uUSbamf1WMY=
13,38,0jzzYZjo1tG/PlBs05ploPynKuw=,jnmE/D9RAdf8HQd9uUSbamf1WMY=
13,33,0jzzYZjo1tG/PlBs05ploPynKuw=,PV09yWMgklKVsE1+93bme8aV0Ow=
13,32,0jzzYZjo1tG/PlBs05ploPynKuw=,EzNV3F+dGQdTr9D64ugtgX0gu8k=
13,35,0jzzYZjo1tG/PlBs05ploPynKuw=,rxPJ/aeINnfHHK7/4CCsQmxPni8=
13,34,0jzzYZjo1tG/PlBs05ploPynKuw=,klXBO5l6UA2Zva22qK4EQvtR2j8=
13,49,0jzzYZjo1tG/PlBs05ploPynKuw=,rd9jSYUU3UdWtrKjnLEoC9LKuPs=
13,48,0jzzYZjo1tG/PlBs05ploPynKuw=,rd9jSYUU3UdWtrKjnLEoC9LKuPs=
12,44,0jzzYZjo1tG/PlBs05ploPynKuw=,xPV7xIcShrEaiVLpydnKL7ERHE8=
12,45,wQfinTkS8Stb15oh0uJMUkiBrQM=,OHINBuf/K6cC24jT6SWkL1SVd1s=
12,46,wQfinTkS8Stb15oh0uJMUkiBrQM=,bYMD/MiwoyVlNZwvX2J5L5CKh9g=
12,47,wQfinTkS8Stb15oh0uJMUkiBrQM=,dCAf2o/WEtWQGgmggxxEn+mGcdU=
12,40,wQfinTkS8Stb15oh0uJMUkiBrQM=,TwjiKKbe6h7WzbaLgum482OrLM4=
12,41,wQfinTkS8Stb15oh0uJMUkiBrQM=,TwjiKKbe6h7WzbaLgum482OrLM4=
12,42,wQfinTkS8Stb15oh0uJMUkiBrQM=,7/i7GW6T0WFASuHUoKz2IFjypEE=
12,43,wQfinTkS8Stb15oh0uJMUkiBrQM=,3nY3+SKX7nmSebkIbt62CJOowV0=
12,36,wQfinTkS8Stb15oh0uJMUkiBrQM=,rxPJ/aeINnfHHK7/4CCsQmxPni8=
12,37,wQfinTkS8Stb15oh0uJMUkiBrQM=,/tRCrW+SlX27q8vINU7slkXMQyI=
12,38,wQfinTkS8Stb15oh0uJMUkiBrQM=,jnmE/D9RAdf8HQd9uUSbamf1WMY=
12,39,wQfinTkS8Stb15oh0uJMUkiBrQM=,jnmE/D9RAdf8HQd9uUSbamf1WMY=
12,32,wQfinTkS8Stb15oh0uJMUkiBrQM=,EzNV3F+dGQdTr9D64ugtgX0gu8k=
12,33,wQfinTkS8Stb15oh0uJMUkiBrQM=,PV09yWMgklKVsE1+93bme8aV0Ow=
12,34,wQfinTkS8Stb15oh0uJMUkiBrQM=,klXBO5l6UA2Zva22qK4EQvtR2j8=
12,35,wQfinTkS8Stb15oh0uJMUkiBrQM=,rxPJ/aeINnfHHK7/4CCsQmxPni8=
12,48,wQfinTkS8Stb15oh0uJMUkiBrQM=,rd9jSYUU3UdWtrKjnLEoC9LKuPs=
12,49,wQfinTkS8Stb15oh0uJMUkiBrQM=,rd9jSYUU3UdWtrKjnLEoC9LKuPs=
15,47,X1HL0+rAXTzpE7B58sMZlVaI3mg=,QcmnkAbpWB4vmu6X+BA+zzjjeXk=
15,46,X1HL0+rAXTzpE7B58sMZlVaI3mg=,VLMbckQnQkXH/x8bz/HLoyYa9xw=
15,45,X1HL0+rAXTzpE7B58sMZlVaI3mg=,VLMbckQnQkXH/x8bz/HLoyYa9xw=
15,44,X1HL0+rAXTzpE7B58sMZlVaI3mg=,VLMbckQnQkXH/x8bz/HLoyYa9xw=
15,43,X1HL0+rAXTzpE7B58sMZlVaI3mg=,NjeIwVY8mGJRt2uYim5nRKBzHTk=
15,42,X1HL0+rAXTzpE7B58sMZlVaI3mg=,VS841L9Oud61BS/NDx4xoXDgu6U=
15,41,X1HL0+rAXTzpE7B58sMZlVaI3mg=,VS841L9Oud61BS/NDx4xoXDgu6U=
15,40,X1HL0+rAXTzpE7B58sMZlVaI3mg=,LajVP7gs51MzyHTB2oqaSGqj7ao=
15,39,X1HL0+rAXTzpE7B58sMZlVaI3mg=,+tZbbu3RbqwMKC+zy+8AE4omFeA=
15,38,X1HL0+rAXTzpE7B58sMZlVaI3mg=,jnmE/D9RAdf8HQd9uUSbamf1WMY=
15,37,X1HL0+rAXTzpE7B58sMZlVaI3mg=,ree1q22QRimBNa3WYnkCymFLAPE=
15,36,X1HL0+rAXTzpE7B58sMZlVaI3mg=,ApHeVws5HHNEL001CXj5VDYTlFA=
15,35,X1HL0+rAXTzpE7B58sMZlVaI3mg=,rxPJ/aeINnfHHK7/4CCsQmxPni8=
15,34,X1HL0+rAXTzpE7B58sMZlVaI3mg=,h/Vv0Vgqws4zMiPcmQw+BqL3YBM=
15,33,X1HL0+rAXTzpE7B58sMZlVaI3mg=,9KCl/pZAxSOZVoaF3H1ayqEGTkg=
15,32,X1HL0+rAXTzpE7B58sMZlVaI3mg=,rxPJ/aeINnfHHK7/4CCsQmxPni8=
15,49,/Am/LTJDetqZ8qbhEAzs8mm9oJk=,rd9jSYUU3UdWtrKjnLEoC9LKuPs=
15,48,/Am/LTJDetqZ8qbhEAzs8mm9oJk=,rd9jSYUU3UdWtrKjnLEoC9LKuPs=
14,46,/Am/LTJDetqZ8qbhEAzs8mm9oJk=,uK0dNz8DlmKkG++ATwqHs+x1iDo=
14,47,/Am/LTJDetqZ8qbhEAzs8mm9oJk=,dCAf2o/WEtWQGgmggxxEn+mGcdU=
14,44,/Am/LTJDetqZ8qbhEAzs8mm9oJk=,uK0dNz8DlmKkG++ATwqHs+x1iDo=
14,45,/Am/LTJDetqZ8qbhEAzs8mm9oJk=,uK0dNz8DlmKkG++ATwqHs+x1iDo=
14,42,/Am/LTJDetqZ8qbhEAzs8mm9oJk=,uou1OQB+YUwgNy/Ha3GyVp+dixQ=
14,43,/Am/LTJDetqZ8qbhEAzs8mm9oJk=,n2rwyg/5vwvBjPfOsR6DRbMDdGI=
14,40,/Am/LTJDetqZ8qbhEAzs8mm9oJk=,7/i7GW6T0WFASuHUoKz2IFjypEE=
14,41,/Am/LTJDetqZ8qbhEAzs8mm9oJk=,JElGwJpzwh+SH1bi+u8csd8jMB0=
14,38,/Am/LTJDetqZ8qbhEAzs8mm9oJk=,jnmE/D9RAdf8HQd9uUSbamf1WMY=
14,39,/Am/LTJDetqZ8qbhEAzs8mm9oJk=,jnmE/D9RAdf8HQd9uUSbamf1WMY=
14,36,/Am/LTJDetqZ8qbhEAzs8mm9oJk=,/tRCrW+SlX27q8vINU7slkXMQyI=
14,37,/Am/LTJDetqZ8qbhEAzs8mm9oJk=,jnmE/D9RAdf8HQd9uUSbamf1WMY=
14,34,/Am/LTJDetqZ8qbhEAzs8mm9oJk=,DDPI+5YBh3CxTkVstSS36DXAelA=
14,35,/Am/LTJDetqZ8qbhEAzs8mm9oJk=,rxPJ/aeINnfHHK7/4CCsQmxPni8=
14,32,/Am/LTJDetqZ8qbhEAzs8mm9oJk=,dPTzY6xwtcKNRbiyKAvCxyWxp6U=
14,33,/Am/LTJDetqZ8qbhEAzs8mm9oJk=,nXwG0Cgl0kKV8ypuII+/eGtucGU=
14,48,ibBmUEqjqeW9vwShD18pwqkQhcU=,rd9jSYUU3UdWtrKjnLEoC9LKuPs=
14,49,ibBmUEqjqeW9vwShD18pwqkQhcU=,rd9jSYUU3UdWtrKjnLEoC9LKuPs=
17,49,ibBmUEqjqeW9vwShD18pwqkQhcU=,OgdsJddgQZ23YZtIrwfz1z7eYIc=
17,48,ibBmUEqjqeW9vwShD18pwqkQhcU=,OgdsJddgQZ23YZtIrwfz1z7eYIc=
17,33,ibBmUEqjqeW9vwShD18pwqkQhcU=,9sB9R1oMU5anSUpzfTy586I0p54=
17,32,ibBmUEqjqeW9vwShD18pwqkQhcU=,dEFQBkMuef2QA41w6NAd94/Y/0U=
17,35,ibBmUEqjqeW9vwShD18pwqkQhcU=,9sB9R1oMU5anSUpzfTy586I0p54=
17,34,ibBmUEqjqeW9vwShD18pwqkQhcU=,9sB9R1oMU5anSUpzfTy586I0p54=
17,37,ibBmUEqjqeW9vwShD18pwqkQhcU=,KC3D1MXA4H1egSRtlvw7vXSt9oI=
17,36,ibBmUEqjqeW9vwShD18pwqkQhcU=,9sB9R1oMU5anSUpzfTy586I0p54=
17,39,ibBmUEqjqeW9vwShD18pwqkQhcU=,wlzt/a+tDKIjzn54IPAwEGYaQ3w=
17,38,ibBmUEqjqeW9vwShD18pwqkQhcU=,wlzt/a+tDKIjzn54IPAwEGYaQ3w=
17,41,ibBmUEqjqeW9vwShD18pwqkQhcU=,eFN1JUdHLOnpy6ISicSRYdHOxFI=
17,40,K2horrl498H5THlNCZFjFXBum24=,RuEIXlShXkhygTa+GLQAlwlYAgY=
17,43,K2horrl498H5THlNCZFjFXBum24=,Mneuk0iH/AWPLALGWGzWRznYeBc=
17,42,K2horrl498H5THlNCZFjFXBum24=,ZvuDltJMYREpQ1Ja6fRTchgxkX0=
17,45,K2horrl498H5THlNCZFjFXBum24=,WvIOZBbsOcPqhubt51owsU4SwIo=
17,44,K2horrl498H5THlNCZFjFXBum24=,svlMcd01FB/d4spIEa7u1AyxHZE=
17,47,K2horrl498H5THlNCZFjFXBum24=,fGNmT7IhG89Eil8UC6n2A88AnTg=
17,46,K2horrl498H5THlNCZFjFXBum24=,fGNmT7IhG89Eil8UC6n2A88AnTg=
16,48,K2horrl498H5THlNCZFjFXBum24=,OgdsJddgQZ23YZtIrwfz1z7eYIc=
16,49,K2horrl498H5THlNCZFjFXBum24=,OgdsJddgQZ23YZtIrwfz1z7eYIc=
16,32,K2horrl498H5THlNCZFjFXBum24=,g3n4dWt/F63LbzC4GNJgc723SK8=
16,33,K2horrl498H5THlNCZFjFXBum24=,j4bE5JJBwmo2yPC79+DUXrmqi8o=
16,34,K2horrl498H5THlNCZFjFXBum24=,j4bE5JJBwmo2yPC79+DUXrmqi8o=
16,35,K2horrl498H5THlNCZFjFXBum24=,j4bE5JJBwmo2yPC79+DUXrmqi8o=
16,36,K2horrl498H5THlNCZFjFXBum24=,j4bE5JJBwmo2yPC79+DUXrmqi8o=
16,37,K2horrl498H5THlNCZFjFXBum24=,xSyrhanczXEyVnImKOHUrd9sjQg=
16,38,K2horrl498H5THlNCZFjFXBum24=,wlzt/a+tDKIjzn54IPAwEGYaQ3w=
16,39,Tyb2Z9/P/C1Ou6Hl+TASrmz/Qt4=,wlzt/a+tDKIjzn54IPAwEGYaQ3w=
16,40,Tyb2Z9/P/C1Ou6Hl+TASrmz/Qt4=,RuEIXlShXkhygTa+GLQAlwlYAgY=
16,41,Tyb2Z9/P/C1Ou6Hl+TASrmz/Qt4=,RuEIXlShXkhygTa+GLQAlwlYAgY=
16,42,Tyb2Z9/P/C1Ou6Hl+TASrmz/Qt4=,eFN1JUdHLOnpy6ISicSRYdHOxFI=
16,43,Tyb2Z9/P/C1Ou6Hl+TASrmz/Qt4=,Aoxhhi/ljn45yJxdc14RAoXiqiQ=
16,44,Tyb2Z9/P/C1Ou6Hl+TASrmz/Qt4=,bh5ZPgcF7grobmV/iEw+Xqj/OD0=
16,45,Tyb2Z9/P/C1Ou6Hl+TASrmz/Qt4=,31vrYf/voHjbB8YmtnwdMfO4Ve0=
16,46,Tyb2Z9/P/C1Ou6Hl+TASrmz/Qt4=,fGNmT7IhG89Eil8UC6n2A88AnTg=
16,47,Tyb2Z9/P/C1Ou6Hl+TASrmz/Qt4=,9eRVA016JcA4ZSyJZnoJ1+YTZIk=
19,49,Tyb2Z9/P/C1Ou6Hl+TASrmz/Qt4=,OgdsJddgQZ23YZtIrwfz1z7eYIc=
19,48,Tyb2Z9/P/C1Ou6Hl+TASrmz/Qt4=,OgdsJddgQZ23YZtIrwfz1z7eYIc=
19,35,Tyb2Z9/P/C1Ou6Hl+TASrmz/Qt4=,64vJHoC6G35OONBXtJ4abaRSZeQ=
19,34,Tyb2Z9/P/C1Ou6Hl+TASrmz/Qt4=,64vJHoC6G35OONBXtJ4abaRSZeQ=
19,33,Tyb2Z9/P/C1Ou6Hl+TASrmz/Qt4=,64vJHoC6G35OONBXtJ4abaRSZeQ=
19,32,Tyb2Z9/P/C1Ou6Hl+TASrmz/Qt4=,pSiuoGp+PlZZWmKNXrg2IoLX2S4=
19,39,Tyb2Z9/P/C1Ou6Hl+TASrmz/Qt4=,PKQmt29tgJc/iMxV4eTWz0ICjek=
19,38,Wv1T80srdK691JhFKhsSIAfgroM=,FJljzPUy2FXagbd5DoXC8Dl4Pqg=
19,37,Wv1T80srdK691JhFKhsSIAfgroM=,AvqRoRvXsKAGjBdFcYyoYaodTWc=
19,36,Wv1T80srdK691JhFKhsSIAfgroM=,kIXHPWKxbHzvbTtH9nEmfedDZDI=
19,43,Wv1T80srdK691JhFKhsSIAfgroM=,EaAMxyzyKgKxHiM8tgzZ/QlufpQ=
19,42,Wv1T80srdK691JhFKhsSIAfgroM=,KAXQ5gWQtXPHyH8olHXhjBXieAU=
19,41,Wv1T80srdK691JhFKhsSIAfgroM=,2/Xdd1p4+PxWGLCPulv+hDpbfYE=
19,40,Wv1T80srdK691JhFKhsSIAfgroM=,RuEIXlShXkhygTa+GLQAlwlYAgY=
19,47,Wv1T80srdK691JhFKhsSIAfgroM=,31vrYf/voHjbB8YmtnwdMfO4Ve0=
19,46,Wv1T80srdK691JhFKhsSIAfgroM=,bh5ZPgcF7grobmV/iEw+Xqj/OD0=
19,45,Wv1T80srdK691JhFKhsSIAfgroM=,gQ9tmM8/wTjO+AiRGq5CoQVtFAU=
19,44,Wv1T80srdK691JhFKhsSIAfgroM=,19w0Uari+B9VIG6PpkYPrkgReOs=
18,48,Wv1T80srdK691JhFKhsSIAfgroM=,OgdsJddgQZ23YZtIrwfz1z7eYIc=
18,49,Wv1T80srdK691JhFKhsSIAfgroM=,OgdsJddgQZ23YZtIrwfz1z7eYIc=
18,34,Wv1T80srdK691JhFKhsSIAfgroM=,ti4DGBhjaZ+7RXHhj3ex10vmiw8=
18,35,Wv1T80srdK691JhFKhsSIAfgroM=,ti4DGBhjaZ+7RXHhj3ex10vmiw8=
18,32,qG/NAGwVK3mnPrC4rm45N0mE6Ak=,ppk1S/TTIVPgz1tU7rcFnVSJqt8=
18,33,qG/NAGwVK3mnPrC4rm45N0mE6Ak=,ti4DGBhjaZ+7RXHhj3ex10vmiw8=
18,38,qG/NAGwVK3mnPrC4rm45N0mE6Ak=,ry/GMN1HHbNdwyRK0f+qCrSE1Qo=
18,39,qG/NAGwVK3mnPrC4rm45N0mE6Ak=,285lKLnfR+mh8XlTekTD9mqOCzg=
18,36,qG/NAGwVK3mnPrC4rm45N0mE6Ak=,ti4DGBhjaZ+7RXHhj3ex10vmiw8=
18,37,qG/NAGwVK3mnPrC4rm45N0mE6Ak=,uL5cv+Jz7iR6km6h4f86pyE8frU=
18,42,qG/NAGwVK3mnPrC4rm45N0mE6Ak=,fGNmT7IhG89Eil8UC6n2A88AnTg=
18,43,qG/NAGwVK3mnPrC4rm45N0mE6Ak=,Mneuk0iH/AWPLALGWGzWRznYeBc=
18,40,qG/NAGwVK3mnPrC4rm45N0mE6Ak=,RuEIXlShXkhygTa+GLQAlwlYAgY=
18,41,qG/NAGwVK3mnPrC4rm45N0mE6Ak=,2/Xdd1p4+PxWGLCPulv+hDpbfYE=
18,46,qG/NAGwVK3mnPrC4rm45N0mE6Ak=,fGNmT7IhG89Eil8UC6n2A88AnTg=
18,47,qG/NAGwVK3mnPrC4rm45N0mE6Ak=,fGNmT7IhG89Eil8UC6n2A88AnTg=
18,44,qG/NAGwVK3mnPrC4rm45N0mE6Ak=,svlMcd01FB/d4spIEa7u1AyxHZE=
18,45,qG/NAGwVK3mnPrC4rm45N0mE6Ak=,WvIOZBbsOcPqhubt51owsU4SwIo=
21,49,qG/NAGwVK3mnPrC4rm45N0mE6Ak=,OgdsJddgQZ23YZtIrwfz1z7eYIc=
21,48,qG/NAGwVK3mnPrC4rm45N0mE6Ak=,OgdsJddgQZ23YZtIrwfz1z7eYIc=
21,37,qG/NAGwVK3mnPrC4rm45N0mE6Ak=,E5elp4+5sqqrssIyOeN9ovftlUg=
21,36,1uyLeypzDB3z7b/ZOV9snP7fjI0=,4LdV9rPO5jpFLy3xiDuYhvqkosU=
21,39,1uyLeypzDB3z7b/ZOV9snP7fjI0=,f4BneBgpIzh6pX2K1BIw/TQMv/Y=
21,38,1uyLeypzDB3z7b/ZOV9snP7fjI0=,9sB9R1oMU5anSUpzfTy586I0p54=
21,33,1uyLeypzDB3z7b/ZOV9snP7fjI0=,0REEM98ZqnTS1D2XF0iYMXFmmco=
21,32,1uyLeypzDB3z7b/ZOV9snP7fjI0=,0REEM98ZqnTS1D2XF0iYMXFmmco=
21,35,1uyLeypzDB3z7b/ZOV9snP7fjI0=,0REEM98ZqnTS1D2XF0iYMXFmmco=
21,34,1uyLeypzDB3z7b/ZOV9snP7fjI0=,0REEM98ZqnTS1D2XF0iYMXFmmco=
21,45,1uyLeypzDB3z7b/ZOV9snP7fjI0=,LUzqbEOtcy4A7p9YQsDXCWN5k7I=
21,44,1uyLeypzDB3z7b/ZOV9snP7fjI0=,hOdGuXTXZNzkdrw1SN0axov6ydE=
21,47,1uyLeypzDB3z7b/ZOV9snP7fjI0=,WvIOZBbsOcPqhubt51owsU4SwIo=
21,46,1uyLeypzDB3z7b/ZOV9snP7fjI0=,MMO6+m34MSJCxk0LPzfJ6OLqO/k=
21,41,1uyLeypzDB3z7b/ZOV9snP7fjI0=,RuEIXlShXkhygTa+GLQAlwlYAgY=
21,40,1uyLeypzDB3z7b/ZOV9snP7fjI0=,RuEIXlShXkhygTa+GLQAlwlYAgY=
21,43,1uyLeypzDB3z7b/ZOV9snP7fjI0=,RuEIXlShXkhygTa+GLQAlwlYAgY=
21,42,1uyLeypzDB3z7b/ZOV9snP7fjI0=,RuEIXlShXkhygTa+GLQAlwlYAgY=
20,48,1uyLeypzDB3z7b/ZOV9snP7fjI0=,OgdsJddgQZ23YZtIrwfz1z7eYIc=
20,49,1uyLeypzDB3z7b/ZOV9snP7fjI0=,OgdsJddgQZ23YZtIrwfz1z7eYIc=
20,36,uUSoDbzl/YbqceLLFgZIhczEaPs=,4LdV9rPO5jpFLy3xiDuYhvqkosU=
20,37,uUSoDbzl/YbqceLLFgZIhczEaPs=,xqE3OR7MNCupkH7tG+2cbwqfSoU=
20,38,uUSoDbzl/YbqceLLFgZIhczEaPs=,/qZu6tL8zpVoOAUp/c878YYqSqE=
20,39,uUSoDbzl/YbqceLLFgZIhczEaPs=,OFA+tQWDAj+mvO+zRXHyLx46kf4=
20,32,uUSoDbzl/YbqceLLFgZIhczEaPs=,HnAZqTOuwtQr3ImbPxnb9/p2e3k=
20,33,uUSoDbzl/YbqceLLFgZIhczEaPs=,0REEM98ZqnTS1D2XF0iYMXFmmco=
20,34,uUSoDbzl/YbqceLLFgZIhczEaPs=,0REEM98ZqnTS1D2XF0iYMXFmmco=
20,35,uUSoDbzl/YbqceLLFgZIhczEaPs=,0REEM98ZqnTS1D2XF0iYMXFmmco=
20,44,uUSoDbzl/YbqceLLFgZIhczEaPs=,xr1Pfg4U5QZLi4bDxOZ3GuAe+1M=
20,45,uUSoDbzl/YbqceLLFgZIhczEaPs=,eWgMN8wTa0ZMn0OqfFdnN1Le4ZA=
20,46,uUSoDbzl/YbqceLLFgZIhczEaPs=,v7p6xcIEXfAknMTztT3QkfdN1cQ=
20,47,uUSoDbzl/YbqceLLFgZIhczEaPs=,WvIOZBbsOcPqhubt51owsU4SwIo=
20,40,uUSoDbzl/YbqceLLFgZIhczEaPs=,RuEIXlShXkhygTa+GLQAlwlYAgY=
20,41,uUSoDbzl/YbqceLLFgZIhczEaPs=,ED4/T5s3HUTLC1g7F57wi2HsEuo=
20,42,uUSoDbzl/YbqceLLFgZIhczEaPs=,ptiG7ZOvjM0wQR9WwwADXHRDBeA=
20,43,uUSoDbzl/YbqceLLFgZIhczEaPs=,RuEIXlShXkhygTa+GLQAlwlYAgY=
23,49,uUSoDbzl/YbqceLLFgZIhczEaPs=,OgdsJddgQZ23YZtIrwfz1z7eYIc=
23,48,uUSoDbzl/YbqceLLFgZIhczEaPs=,OgdsJddgQZ23YZtIrwfz1z7eYIc=
23,39,avYyHDUtyUtBUqM0gpe+1n6XOA0=,9sB9R1oMU5anSUpzfTy586I0p54=
23,38,avYyHDUtyUtBUqM0gpe+1n6XOA0=,j/P43S/bu/GJpNAn8MClKjmmT9A=
23,37,avYyHDUtyUtBUqM0gpe+1n6XOA0=,AB+gcjF6C5/gwqBcnPpDAP9z3iw=
23,36,avYyHDUtyUtBUqM0gpe+1n6XOA0=,/2EeCDkdqvbvB/+gA9GKcJZPg14=
23,35,avYyHDUtyUtBUqM0gpe+1n6XOA0=,gf7t8YfI6NOBzGMcEVj+r9NWozo=
23,34,avYyHDUtyUtBUqM0gpe+1n6XOA0=,0REEM98ZqnTS1D2XF0iYMXFmmco=
23,33,avYyHDUtyUtBUqM0gpe+1n6XOA0=,0REEM98ZqnTS1D2XF0iYMXFmmco=
23,32,avYyHDUtyUtBUqM0gpe+1n6XOA0=,C6D2CVLTYs9f7n8/ePa7xY3naP0=
23,47,avYyHDUtyUtBUqM0gpe+1n6XOA0=,szDaxs1/xOv64hJCdHhCDDGggzU=
23,46,avYyHDUtyUtBUqM0gpe+1n6XOA0=,bLcI4gljRAT0XgAPBvVYVPmlUOU=
23,45,avYyHDUtyUtBUqM0gpe+1n6XOA0=,Y79GCCrcgWucbuxfq9yTd+nrbqE=
23,44,avYyHDUtyUtBUqM0gpe+1n6XOA0=,jkeALlXjAAKXgGWYZlJ3hhqZnbI=
23,43,avYyHDUtyUtBUqM0gpe+1n6XOA0=,jkeALlXjAAKXgGWYZlJ3hhqZnbI=
23,42,avYyHDUtyUtBUqM0gpe+1n6XOA0=,jkeALlXjAAKXgGWYZlJ3hhqZnbI=
23,41,avYyHDUtyUtBUqM0gpe+1n6XOA0=,b4E7cwWhi+k4CcLDGXuJyfMKwOI=
23,40,avYyHDUtyUtBUqM0gpe+1n6XOA0=,RuEIXlShXkhygTa+GLQAlwlYAgY=
22,48,avYyHDUtyUtBUqM0gpe+1n6XOA0=,OgdsJddgQZ23YZtIrwfz1z7eYIc=
22,49,avYyHDUtyUtBUqM0gpe+1n6XOA0=,OgdsJddgQZ23YZtIrwfz1z7eYIc=
22,38,18gIjkbKOEygHsODT3RnKfFidt0=,+Widfl/J6O1HMw2NsFpEgBtQ3Dk=
22,39,18gIjkbKOEygHsODT3RnKfFidt0=,9sB9R1oMU5anSUpzfTy586I0p54=
22,36,18gIjkbKOEygHsODT3RnKfFidt0=,61vl4ArwB+Ruh28w34wGyYIJBXM=
22,37,18gIjkbKOEygHsODT3RnKfFidt0=,64Q466cWXwoD98Tg0nf0n+SpFOk=
22,34,18gIjkbKOEygHsODT3RnKfFidt0=,0REEM98ZqnTS1D2XF0iYMXFmmco=
22,35,18gIjkbKOEygHsODT3RnKfFidt0=,q4fUBZ4warsNTtoaEsj67dl0e9Y=
22,32,18gIjkbKOEygHsODT3RnKfFidt0=,0REEM98ZqnTS1D2XF0iYMXFmmco=
22,33,18gIjkbKOEygHsODT3RnKfFidt0=,0REEM98ZqnTS1D2XF0iYMXFmmco=
22,46,18gIjkbKOEygHsODT3RnKfFidt0=,svlMcd01FB/d4spIEa7u1AyxHZE=
22,47,18gIjkbKOEygHsODT3RnKfFidt0=,WvIOZBbsOcPqhubt51owsU4SwIo=
22,44,18gIjkbKOEygHsODT3RnKfFidt0=,ERCP9T9ZRyh7J8QtfThkgKTA8o4=
22,45,18gIjkbKOEygHsODT3RnKfFidt0=,OrLAspTccQGR0lJhwBiGQA8R2ac=
22,42,18gIjkbKOEygHsODT3RnKfFidt0=,f1ontU1qH/YOwLJ8tmW+gqZizeM=
22,43,18gIjkbKOEygHsODT3RnKfFidt0=,f1ontU1qH/YOwLJ8tmW+gqZizeM=
22,40,18gIjkbKOEygHsODT3RnKfFidt0=,RuEIXlShXkhygTa+GLQAlwlYAgY=
22,41,18gIjkbKOEygHsODT3RnKfFidt0=,A84c74xm39o9/9DgwtueXVtuSmw=
25,49,18gIjkbKOEygHsODT3RnKfFidt0=,Ds8lhbE+8jXdGWSOP+vYPdFZW+Y=
25,48,Wd0s7eIOEqkN2PrXbBLmLuJYYfc=,CFa4b4zbFVMWQqk4GmKxEOUTB+A=
25,41,Wd0s7eIOEqkN2PrXbBLmLuJYYfc=,S0pE7SMXaIdOGEfZBAJRR3ttBJw=
25,40,Wd0s7eIOEqkN2PrXbBLmLuJYYfc=,S0pE7SMXaIdOGEfZBAJRR3ttBJw=
25,43,Wd0s7eIOEqkN2PrXbBLmLuJYYfc=,3ADFv/sl24alBaSLVLk6Nw4Ntx0=
25,42,Wd0s7eIOEqkN2PrXbBLmLuJYYfc=,S0pE7SMXaIdOGEfZBAJRR3ttBJw=
25,45,Wd0s7eIOEqkN2PrXbBLmLuJYYfc=,77OnGVOzGKIyxwNQeFLt3rSPyH0=
25,44,Wd0s7eIOEqkN2PrXbBLmLuJYYfc=,IVF5mi4qX5o0gxZXK2+kYhLYMv4=
25,47,Wd0s7eIOEqkN2PrXbBLmLuJYYfc=,G57tvItsdJZnktPT0hxWVA2tQRA=
25,46,Wd0s7eIOEqkN2PrXbBLmLuJYYfc=,G57tvItsdJZnktPT0hxWVA2tQRA=
25,33,Wd0s7eIOEqkN2PrXbBLmLuJYYfc=,WQqLaFYAk/+YPWdmVhzjj3DoAkE=
25,32,Wd0s7eIOEqkN2PrXbBLmLuJYYfc=,ws/G4xKSzQnJ0wFwNkxZyfpke8A=
25,35,Wd0s7eIOEqkN2PrXbBLmLuJYYfc=,PHS+RAzXEPpdO6BiNRqT8v79o1Y=
25,34,Wd0s7eIOEqkN2PrXbBLmLuJYYfc=,PHS+RAzXEPpdO6BiNRqT8v79o1Y=
25,37,Wd0s7eIOEqkN2PrXbBLmLuJYYfc=,PHS+RAzXEPpdO6BiNRqT8v79o1Y=
25,36,Wd0s7eIOEqkN2PrXbBLmLuJYYfc=,PHS+RAzXEPpdO6BiNRqT8v79o1Y=
25,39,Wd0s7eIOEqkN2PrXbBLmLuJYYfc=,6+NM+2BCb9jbEqHkdlDOd29nnj0=
25,38,Wd0s7eIOEqkN2PrXbBLmLuJYYfc=,PHS+RAzXEPpdO6BiNRqT8v79o1Y=
24,48,vpy6o0I7L0MzfZBWrcQgrlhTCxo=,RKt2+xuwR+vcEWH4eKIeqe1ZgwU=
24,49,vpy6o0I7L0MzfZBWrcQgrlhTCxo=,mk8R/mlvKZN0PUeUhS/FVgvkPCA=
24,40,vpy6o0I7L0MzfZBWrcQgrlhTCxo=,S0pE7SMXaIdOGEfZBAJRR3ttBJw=
24,41,vpy6o0I7L0MzfZBWrcQgrlhTCxo=,S0pE7SMXaIdOGEfZBAJRR3ttBJw=
24,42,vpy6o0I7L0MzfZBWrcQgrlhTCxo=,S0pE7SMXaIdOGEfZBAJRR3ttBJw=
24,43,vpy6o0I7L0MzfZBWrcQgrlhTCxo=,j9Os7CxVfKjaZf+X3oVHSh4+dqs=
24,44,vpy6o0I7L0MzfZBWrcQgrlhTCxo=,i3sUBC7b3AnUK6ET1Vy2d4fIT+Y=
24,45,vpy6o0I7L0MzfZBWrcQgrlhTCxo=,O128PjFgZkbAqKzx3hwoWAolgoA=
24,46,vpy6o0I7L0MzfZBWrcQgrlhTCxo=,gst+QP4QxD7R08OVSOpCtK8zbQ8=
24,47,vpy6o0I7L0MzfZBWrcQgrlhTCxo=,gst+QP4QxD7R08OVSOpCtK8zbQ8=
24,32,vpy6o0I7L0MzfZBWrcQgrlhTCxo=,/DXVoOphec3QBaECCpK1QeiCAas=
24,33,vpy6o0I7L0MzfZBWrcQgrlhTCxo=,S0HJuD8SGW0bsk0obgtqd8un1Hk=
24,34,vpy6o0I7L0MzfZBWrcQgrlhTCxo=,487pxyXOKOHnZlcrbAxwg7KdWC0=
24,35,vpy6o0I7L0MzfZBWrcQgrlhTCxo=,487pxyXOKOHnZlcrbAxwg7KdWC0=
24,36,vpy6o0I7L0MzfZBWrcQgrlhTCxo=,487pxyXOKOHnZlcrbAxwg7KdWC0=
24,37,vpy6o0I7L0MzfZBWrcQgrlhTCxo=,487pxyXOKOHnZlcrbAxwg7KdWC0=
24,38,vpy6o0I7L0MzfZBWrcQgrlhTCxo=,487pxyXOKOHnZlcrbAxwg7KdWC0=
24,39,vpy6o0I7L0MzfZBWrcQgrlhTCxo=,Qera64khQS+rWu2i9k3Fj9aniWs=
27,49,3hRgzTDCrPStcdd64evt03QRc8s=,/EO/HCZ5FRcGIP8KwFH14LSXhtM=
27,48,3hRgzTDCrPStcdd64evt03QRc8s=,CFa4b4zbFVMWQqk4GmKxEOUTB+A=
27,43,3hRgzTDCrPStcdd64evt03QRc8s=,7YrR/+dRR0Tr7F90wzz2e/t/xs4=
27,42,3hRgzTDCrPStcdd64evt03QRc8s=,i3sUBC7b3AnUK6ET1Vy2d4fIT+Y=
27,41,3hRgzTDCrPStcdd64evt03QRc8s=,j9Os7CxVfKjaZf+X3oVHSh4+dqs=
27,40,3hRgzTDCrPStcdd64evt03QRc8s=,S0pE7SMXaIdOGEfZBAJRR3ttBJw=
27,47,3hRgzTDCrPStcdd64evt03QRc8s=,8BANCBFVRBM9ksk5wTWbsmLS+Kk=
27,46,3hRgzTDCrPStcdd64evt03QRc8s=,10Hx3w3hb6N6qVzjhjpjzkfZasU=
27,45,3hRgzTDCrPStcdd64evt03QRc8s=,Pt6NE0mzgJTavN0NQIfiKCEdd4E=
27,44,3hRgzTDCrPStcdd64evt03QRc8s=,jSRXaXTZdedZm/U1dmIi08/DtaQ=
27,35,3hRgzTDCrPStcdd64evt03QRc8s=,ckETyTgLkFI6/U6/VI9Zt41ABjw=
27,34,3hRgzTDCrPStcdd64evt03QRc8s=,ckETyTgLkFI6/U6/VI9Zt41ABjw=
27,33,3hRgzTDCrPStcdd64evt03QRc8s=,qfs2pj6Uqmnju72MaF4pZ2iNrg8=
27,32,3hRgzTDCrPStcdd64evt03QRc8s=,+CwNejxzmKLpkAKiQ4KhXBSrcuw=
27,39,3hRgzTDCrPStcdd64evt03QRc8s=,NDa6SzmpPq6o2ufR2lAhbtV2ODk=
27,38,3hRgzTDCrPStcdd64evt03QRc8s=,f4LN3hUIs4nAmY0KImPl+thbuxQ=
27,37,3hRgzTDCrPStcdd64evt03QRc8s=,h2EkB359T3zYjVFRXFUfR/hkvn0=
27,36,3hRgzTDCrPStcdd64evt03QRc8s=,Out4RbwY0f9FNCxm8sBju11/s1Q=
26,48,jTW0S7dGyubh09WZU2AxGfQKURk=,CFa4b4zbFVMWQqk4GmKxEOUTB+A=
26,49,jTW0S7dGyubh09WZU2AxGfQKURk=,/EO/HCZ5FRcGIP8KwFH14LSXhtM=
26,42,jTW0S7dGyubh09WZU2AxGfQKURk=,S0pE7SMXaIdOGEfZBAJRR3ttBJw=
26,43,jTW0S7dGyubh09WZU2AxGfQKURk=,3ADFv/sl24alBaSLVLk6Nw4Ntx0=
26,40,jTW0S7dGyubh09WZU2AxGfQKURk=,S0pE7SMXaIdOGEfZBAJRR3ttBJw=
26,41,jTW0S7dGyubh09WZU2AxGfQKURk=,S0pE7SMXaIdOGEfZBAJRR3ttBJw=
26,46,jTW0S7dGyubh09WZU2AxGfQKURk=,q67sd7QjWCI2TVbR6St6bubQPMg=
26,47,jTW0S7dGyubh09WZU2AxGfQKURk=,G57tvItsdJZnktPT0hxWVA2tQRA=
26,44,jTW0S7dGyubh09WZU2AxGfQKURk=,jSRXaXTZdedZm/U1dmIi08/DtaQ=
26,45,jTW0S7dGyubh09WZU2AxGfQKURk=,7aHJa1SkzTSFzfAcDNKsE7b0alM=
26,34,jTW0S7dGyubh09WZU2AxGfQKURk=,B9ZSWiHMFr+7vYTOt2yD20Uaiys=
26,35,jTW0S7dGyubh09WZU2AxGfQKURk=,B9ZSWiHMFr+7vYTOt2yD20Uaiys=
26,32,jTW0S7dGyubh09WZU2AxGfQKURk=,csr+hrMfRg+o/zhVwv/CDfaUUkE=
26,33,jTW0S7dGyubh09WZU2AxGfQKURk=,B9ZSWiHMFr+7vYTOt2yD20Uaiys=
26,38,jTW0S7dGyubh09WZU2AxGfQKURk=,xT33dmXOq50cjRAQF8/2ZjH+I3k=
26,39,jTW0S7dGyubh09WZU2AxGfQKURk=,PbiTkA2BPJp6IOHHx5DFbjhYdYs=
26,36,jTW0S7dGyubh09WZU2AxGfQKURk=,WFCfIBKbqFw2lbLOStBGFH9js/I=
26,37,jTW0S7dGyubh09WZU2AxGfQKURk=,PHS+RAzXEPpdO6BiNRqT8v79o1Y=
29,49,igCrgC197Izg2o2oP9dxzBv+KIc=,GIPxMcfWsW+s7bWI65x+gH9bHPI=
29,48,igCrgC197Izg2o2oP9dxzBv+KIc=,6ljmFqG5HwJfooDBAJK/HH41H4A=
29,45,igCrgC197Izg2o2oP9dxzBv+KIc=,Pals8c9HxbotDkD1VS4MeBL0aZs=
29,44,igCrgC197Izg2o2oP9dxzBv+KIc=,CcnyOvO74UC/ygXi+6tKUO7JH2A=
29,47,igCrgC197Izg2o2oP9dxzBv+KIc=,2YICtspF7RWXSOEphMTbKsFdffY=
29,46,igCrgC197Izg2o2oP9dxzBv+KIc=,G57tvItsdJZnktPT0hxWVA2tQRA=
29,41,igCrgC197Izg2o2oP9dxzBv+KIc=,wzt7T8xsel/kbBBilpHDte+GzpE=
29,40,igCrgC197Izg2o2oP9dxzBv+KIc=,oUJ0jwJV8CRvBYZlNFQSdKDvRz8=
29,43,igCrgC197Izg2o2oP9dxzBv+KIc=,S0pE7SMXaIdOGEfZBAJRR3ttBJw=
29,42,igCrgC197Izg2o2oP9dxzBv+KIc=,Msxv3SAF3sG4WRH0WcUlznORTOM=
29,37,igCrgC197Izg2o2oP9dxzBv+KIc=,YnSkvOKygx2vg3voutrozOg5uJ0=
29,36,igCrgC197Izg2o2oP9dxzBv+KIc=,NxydMNfpI/69jMXKXkq8pVI3q1c=
29,39,igCrgC197Izg2o2oP9dxzBv+KIc=,NDa6SzmpPq6o2ufR2lAhbtV2ODk=
29,38,igCrgC197Izg2o2oP9dxzBv+KIc=,YnSkvOKygx2vg3voutrozOg5uJ0=
29,33,igCrgC197Izg2o2oP9dxzBv+KIc=,uUEo4QNkoTvP0p9jhjY/FeP7syQ=
29,32,igCrgC197Izg2o2oP9dxzBv+KIc=,lEjarZ213BAYKFO4OhpfzuiynFc=
29,35,igCrgC197Izg2o2oP9dxzBv+KIc=,nN30gdTdBQr8FmXvvWzv+NP2C3I=
29,34,igCrgC197Izg2o2oP9dxzBv+KIc=,ckETyTgLkFI6/U6/VI9Zt41ABjw=
28,48,y7ot6RQoBUSKwk4+Bnm5hYyinXo=,CFa4b4zbFVMWQqk4GmKxEOUTB+A=
28,49,y7ot6RQoBUSKwk4+Bnm5hYyinXo=,/EO/HCZ5FRcGIP8KwFH14LSXhtM=
28,44,y7ot6RQoBUSKwk4+Bnm5hYyinXo=,gnKT2PkInt2otgeGpO/PdrBBl1Y=
28,45,y7ot6RQoBUSKwk4+Bnm5hYyinXo=,Pals8c9HxbotDkD1VS4MeBL0aZs=
28,46,y7ot6RQoBUSKwk4+Bnm5hYyinXo=,G57tvItsdJZnktPT0hxWVA2tQRA=
28,47,y7ot6RQoBUSKwk4+Bnm5hYyinXo=,2YICtspF7RWXSOEphMTbKsFdffY=
28,40,y7ot6RQoBUSKwk4+Bnm5hYyinXo=,oUJ0jwJV8CRvBYZlNFQSdKDvRz8=
28,41,y7ot6RQoBUSKwk4+Bnm5hYyinXo=,EP3pNWM6W7NSOCScJFg1H+zFrv0=
28,42,y7ot6RQoBUSKwk4+Bnm5hYyinXo=,EOQkMC0JdNuFqbBLjNzTtzXvSYI=
28,43,y7ot6RQoBUSKwk4+Bnm5hYyinXo=,0GVNUdbvRy9tQAVS0OUUHzpIkk8=
28,36,y7ot6RQoBUSKwk4+Bnm5hYyinXo=,V6+q+9ZPtsG6KhvpTzTdbw/vLls=
28,37,y7ot6RQoBUSKwk4+Bnm5hYyinXo=,xCc6whaRpgcGzkq+fQjRexLHzAA=
28,38,y7ot6RQoBUSKwk4+Bnm5hYyinXo=,YnSkvOKygx2vg3voutrozOg5uJ0=
28,39,y7ot6RQoBUSKwk4+Bnm5hYyinXo=,NDa6SzmpPq6o2ufR2lAhbtV2ODk=
28,32,y7ot6RQoBUSKwk4+Bnm5hYyinXo=,lEjarZ213BAYKFO4OhpfzuiynFc=
28,33,y7ot6RQoBUSKwk4+Bnm5hYyinXo=,uUEo4QNkoTvP0p9jhjY/FeP7syQ=
28,34,K0vq3wFyAKjA8W3AW0A7ZARxN9o=,ckETyTgLkFI6/U6/VI9Zt41ABjw=
28,35,K0vq3wFyAKjA8W3AW0A7ZARxN9o=,ckETyTgLkFI6/U6/VI9Zt41ABjw=
31,49,K0vq3wFyAKjA8W3AW0A7ZARxN9o=,NU2+wSIZdNFLumKxiY8fKTf/n9s=
31,48,K0vq3wFyAKjA8W3AW0A7ZARxN9o=,NU2+wSIZdNFLumKxiY8fKTf/n9s=
31,47,K0vq3wFyAKjA8W3AW0A7ZARxN9o=,G57tvItsdJZnktPT0hxWVA2tQRA=
31,46,K0vq3wFyAKjA8W3AW0A7ZARxN9o=,G57tvItsdJZnktPT0hxWVA2tQRA=
31,45,K0vq3wFyAKjA8W3AW0A7ZARxN9o=,10Hx3w3hb6N6qVzjhjpjzkfZasU=
31,44,K0vq3wFyAKjA8W3AW0A7ZARxN9o=,JqVtzPyXeOytfxHfeUAlaTRXwLw=
31,43,K0vq3wFyAKjA8W3AW0A7ZARxN9o=,JqVtzPyXeOytfxHfeUAlaTRXwLw=
31,42,K0vq3wFyAKjA8W3AW0A7ZARxN9o=,JqVtzPyXeOytfxHfeUAlaTRXwLw=
31,41,K0vq3wFyAKjA8W3AW0A7ZARxN9o=,YzZjNxOGpWt3nlAFSOFZtjim6+s=
31,40,K0vq3wFyAKjA8W3AW0A7ZARxN9o=,LeJznlocHQiw4y7oikUmJK3yeAc=
31,39,K0vq3wFyAKjA8W3AW0A7ZARxN9o=,n6ZBf7dO5woPFnouynFiE6kIW2E=
31,38,K0vq3wFyAKjA8W3AW0A7ZARxN9o=,Ap75ngKry4nAkXEIW6oH4usu2lY=
31,37,K0vq3wFyAKjA8W3AW0A7ZARxN9o=,Wm1TVMy6zwL/uL4B4OlrEPAVbB4=
31,36,K0vq3wFyAKjA8W3AW0A7ZARxN9o=,lEjarZ213BAYKFO4OhpfzuiynFc=
31,35,K0vq3wFyAKjA8W3AW0A7ZARxN9o=,lEjarZ213BAYKFO4OhpfzuiynFc=
31,34,v/zdvVTuuF0UidAvtKb/SyX0MQc=,fcMKrzFcwshHV2w5KmbQkMmaVlQ=
31,33,v/zdvVTuuF0UidAvtKb/SyX0MQc=,paNUvnLyA36DDR9CQQiQRNswttw=
31,32,v/zdvVTuuF0UidAvtKb/SyX0MQc=,+CwNejxzmKLpkAKiQ4KhXBSrcuw=
30,48,v/zdvVTuuF0UidAvtKb/SyX0MQc=,NU2+wSIZdNFLumKxiY8fKTf/n9s=
30,49,v/zdvVTuuF0UidAvtKb/SyX0MQc=,NU2+wSIZdNFLumKxiY8fKTf/n9s=
30,46,v/zdvVTuuF0UidAvtKb/SyX0MQc=,G57tvItsdJZnktPT0hxWVA2tQRA=
30,47,v/zdvVTuuF0UidAvtKb/SyX0MQc=,ywqVmEF22L5pDltjgFbwd7rZsCQ=
30,44,v/zdvVTuuF0UidAvtKb/SyX0MQc=,ZQ/QDBMfyq+Mf1fhORICK+TvYQM=
30,45,v/zdvVTuuF0UidAvtKb/SyX0MQc=,Pals8c9HxbotDkD1VS4MeBL0aZs=
30,42,v/zdvVTuuF0UidAvtKb/SyX0MQc=,hJYGC6u2VBtT2thq/oJjRwOrre4=
30,43,v/zdvVTuuF0UidAvtKb/SyX0MQc=,CKPYdq8onyqRp95AngP/UTdr01Q=
30,40,v/zdvVTuuF0UidAvtKb/SyX0MQc=,oUJ0jwJV8CRvBYZlNFQSdKDvRz8=
30,41,v/zdvVTuuF0UidAvtKb/SyX0MQc=,wzt7T8xsel/kbBBilpHDte+GzpE=
30,38,v/zdvVTuuF0UidAvtKb/SyX0MQc=,YnSkvOKygx2vg3voutrozOg5uJ0=
30,39,v/zdvVTuuF0UidAvtKb/SyX0MQc=,NDa6SzmpPq6o2ufR2lAhbtV2ODk=
30,36,v/zdvVTuuF0UidAvtKb/SyX0MQc=,Sj01oBBg2uiK+DlyDKTzrnfgt4M=
30,37,v/zdvVTuuF0UidAvtKb/SyX0MQc=,VSGZmWUZBpOeM9YXApyfAtWRti4=
30,34,mRlMM2s1ButZS4r9kL6ogJih1Z4=,ABBPBNLJj4gfQuEy1mhspG4YNNI=
30,35,mRlMM2s1ButZS4r9kL6ogJih1Z4=,2wwiyrH6Hcic24NBhqaX7f58MNk=
30,32,mRlMM2s1ButZS4r9kL6ogJih1Z4=,/DXVoOphec3QBaECCpK1QeiCAas=
30,33,mRlMM2s1ButZS4r9kL6ogJih1Z4=,ht+FcadjHvFJzu5CVQKBfXZZGLk=
