-18,65,n9/RAslsQIXdnDh9yUAAr5qI/f4=,5SZYb/sz+K+GfuSxWrUDjMAqXaw=
-19,65,n9/RAslsQIXdnDh9yUAAr5qI/f4=,MoSs/25rrTV+5PIAfmEdXeaZRAQ=
-19,66,n9/RAslsQIXdnDh9yUAAr5qI/f4=,tgxF5eBMxPtBHvRKvyvvNlBUBaE=
-18,66,n9/RAslsQIXdnDh9yUAAr5qI/f4=,GU9tyV4RsOPgKKe0Ib3zC+brFOc=
-20,65,n9/RAslsQIXdnDh9yUAAr5qI/f4=,MoSs/25rrTV+5PIAfmEdXeaZRAQ=
-20,66,n9/RAslsQIXdnDh9yUAAr5qI/f4=,tgxF5eBMxPtBHvRKvyvvNlBUBaE=
-21,66,n9/RAslsQIXdnDh9yUAAr5qI/f4=,9Y80CN2r60v74Ic90A/LjypsZjI=
-21,65,n9/RAslsQIXdnDh9yUAAr5qI/f4=,nZtahev65VRWBPHc2JnXB0HJbHo=
-22,69,NgHANW+7MYiEakBaDG6mTlt2gHM=,ADdvOSlOPgZkmInqz4Bb3cW/l8g=
-22,70,NgHANW+7MYiEakBaDG6mTlt2gHM=,gSLTd6qn78em0yvCB6uC4eeGAqU=
-23,69,NgHANW+7MYiEakBaDG6mTlt2gHM=,2qUmeB8EPDfHpVvw7Y1JxUw6aA4=
-22,71,NgHANW+7MYiEakBaDG6mTlt2gHM=,gSLTd6qn78em0yvCB6uC4eeGAqU=
-23,72,NgHANW+7MYiEakBaDG6mTlt2gHM=,Gnr34fZEFK7sxyNASkdgydciaqc=
-23,70,NgHANW+7MYiEakBaDG6mTlt2gHM=,v+5EfJbaLFXmvp6pjlBnX4sLbkE=
-23,71,NgHANW+7MYiEakBaDG6mTlt2gHM=,v+5EfJbaLFXmvp6pjlBnX4sLbkE=
-22,72,NgHANW+7MYiEakBaDG6mTlt2gHM=,2vqNnt/1Gyzb1h+dgh3ej4ZM47M=
-24,70,NgHANW+7MYiEakBaDG6mTlt2gHM=,v+5EfJbaLFXmvp6pjlBnX4sLbkE=
-25,69,NgHANW+7MYiEakBaDG6mTlt2gHM=,Xo8xMaUjh6aTPXTGh2JXcr3Hmxk=
-24,69,NgHANW+7MYiEakBaDG6mTlt2gHM=,2qUmeB8EPDfHpVvw7Y1JxUw6aA4=
-25,70,NgHANW+7MYiEakBaDG6mTlt2gHM=,XUgHij8jfBrzz6fapPUDUNzXSoM=
-24,71,NgHANW+7MYiEakBaDG6mTlt2gHM=,v+5EfJbaLFXmvp6pjlBnX4sLbkE=
-25,71,NgHANW+7MYiEakBaDG6mTlt2gHM=,XUgHij8jfBrzz6fapPUDUNzXSoM=
-24,72,NgHANW+7MYiEakBaDG6mTlt2gHM=,Gnr34fZEFK7sxyNASkdgydciaqc=
-25,72,NgHANW+7MYiEakBaDG6mTlt2gHM=,cIcXBIC6oH5aC9/Iy/TcaCBnvK0=
-27,65,h0+zlEvhW96NbEY4Y77Ld3ZPmt0=,2zd38FdAYGXfiIawTVMKFXQB+VM=
-26,65,h0+zlEvhW96NbEY4Y77Ld3ZPmt0=,1huiPV/8eBqImcwMGePVY6XA2UE=
-27,66,h0+zlEvhW96NbEY4Y77Ld3ZPmt0=,uDCeqAB8ZHISvCeqJ8x6Jr60OV0=
-26,66,h0+zlEvhW96NbEY4Y77Ld3ZPmt0=,vP6NLSxbqjttf2z/3vxwuNc46ZM=
-28,66,h0+zlEvhW96NbEY4Y77Ld3ZPmt0=,uDCeqAB8ZHISvCeqJ8x6Jr60OV0=
-28,65,h0+zlEvhW96NbEY4Y77Ld3ZPmt0=,2zd38FdAYGXfiIawTVMKFXQB+VM=
-29,66,h0+zlEvhW96NbEY4Y77Ld3ZPmt0=,EZruyO5He61R6H1/U6u5ZtIwrh8=
-29,65,h0+zlEvhW96NbEY4Y77Ld3ZPmt0=,i3Did31o6xZIzbkPtvAuWnAjvUY=
-27,67,h0+zlEvhW96NbEY4Y77Ld3ZPmt0=,uDCeqAB8ZHISvCeqJ8x6Jr60OV0=
-26,67,h0+zlEvhW96NbEY4Y77Ld3ZPmt0=,vP6NLSxbqjttf2z/3vxwuNc46ZM=
-27,68,h0+zlEvhW96NbEY4Y77Ld3ZPmt0=,zr3OIwwiiwaHJ50F4QyTeN3Mmu8=
-28,68,h0+zlEvhW96NbEY4Y77Ld3ZPmt0=,zr3OIwwiiwaHJ50F4QyTeN3Mmu8=
-26,68,h0+zlEvhW96NbEY4Y77Ld3ZPmt0=,Xo8xMaUjh6aTPXTGh2JXcr3Hmxk=
-28,67,h0+zlEvhW96NbEY4Y77Ld3ZPmt0=,uDCeqAB8ZHISvCeqJ8x6Jr60OV0=
-26,70,h0+zlEvhW96NbEY4Y77Ld3ZPmt0=,XUgHij8jfBrzz6fapPUDUNzXSoM=
-29,67,h0+zlEvhW96NbEY4Y77Ld3ZPmt0=,EZruyO5He61R6H1/U6u5ZtIwrh8=
-26,69,h0+zlEvhW96NbEY4Y77Ld3ZPmt0=,Xo8xMaUjh6aTPXTGh2JXcr3Hmxk=
-29,68,h0+zlEvhW96NbEY4Y77Ld3ZPmt0=,VAiGulxNteL6ny/dvgma/mOkxQU=
-27,69,h0+zlEvhW96NbEY4Y77Ld3ZPmt0=,zr3OIwwiiwaHJ50F4QyTeN3Mmu8=
-27,70,h0+zlEvhW96NbEY4Y77Ld3ZPmt0=,mvTMIfcZMBqTYZE6yQHPo9fstN0=
-29,69,iulPIBHfjRDybQJLqsnhFIYJZ+4=,VAiGulxNteL6ny/dvgma/mOkxQU=
-28,69,iulPIBHfjRDybQJLqsnhFIYJZ+4=,zr3OIwwiiwaHJ50F4QyTeN3Mmu8=
-28,70,iulPIBHfjRDybQJLqsnhFIYJZ+4=,mvTMIfcZMBqTYZE6yQHPo9fstN0=
-29,70,iulPIBHfjRDybQJLqsnhFIYJZ+4=,ybUHZE2e/ZAcLBg2FVgyK8UUhUk=
-26,71,iulPIBHfjRDybQJLqsnhFIYJZ+4=,XUgHij8jfBrzz6fapPUDUNzXSoM=
-29,71,iulPIBHfjRDybQJLqsnhFIYJZ+4=,ybUHZE2e/ZAcLBg2FVgyK8UUhUk=
-28,71,iulPIBHfjRDybQJLqsnhFIYJZ+4=,mvTMIfcZMBqTYZE6yQHPo9fstN0=
-27,72,iulPIBHfjRDybQJLqsnhFIYJZ+4=,YAINwESfrETiXXWzrOVif4QtuSI=
-27,71,iulPIBHfjRDybQJLqsnhFIYJZ+4=,mvTMIfcZMBqTYZE6yQHPo9fstN0=
-26,72,iulPIBHfjRDybQJLqsnhFIYJZ+4=,cIcXBIC6oH5aC9/Iy/TcaCBnvK0=
-28,72,iulPIBHfjRDybQJLqsnhFIYJZ+4=,YAINwESfrETiXXWzrOVif4QtuSI=
-29,72,iulPIBHfjRDybQJLqsnhFIYJZ+4=,P6E0Opcqbv217FGytWBYn1KiEi0=
-28,73,iulPIBHfjRDybQJLqsnhFIYJZ+4=,YAINwESfrETiXXWzrOVif4QtuSI=
-29,73,iulPIBHfjRDybQJLqsnhFIYJZ+4=,P6E0Opcqbv217FGytWBYn1KiEi0=
-29,74,iulPIBHfjRDybQJLqsnhFIYJZ+4=,k73ZY20e6IvzY6Dg0nchX8uFE6E=
-28,74,iulPIBHfjRDybQJLqsnhFIYJZ+4=,ubzNDByryGMorpoyds1Q4de7o8Y=
-29,75,iulPIBHfjRDybQJLqsnhFIYJZ+4=,k73ZY20e6IvzY6Dg0nchX8uFE6E=
-28,75,iulPIBHfjRDybQJLqsnhFIYJZ+4=,ubzNDByryGMorpoyds1Q4de7o8Y=
-29,76,iulPIBHfjRDybQJLqsnhFIYJZ+4=,mAFNH3GKZzl02qPMPSxL9sTAFBs=
-28,76,iulPIBHfjRDybQJLqsnhFIYJZ+4=,TX7T5CkAMrpi5CuZCbdhSstguiw=
-28,77,/1Y5Z+qj3yppxekVV2jud6HBbJQ=,TX7T5CkAMrpi5CuZCbdhSstguiw=
-29,77,/1Y5Z+qj3yppxekVV2jud6HBbJQ=,mAFNH3GKZzl02qPMPSxL9sTAFBs=
-28,78,/1Y5Z+qj3yppxekVV2jud6HBbJQ=,sz7ZqDxiifA6A2+WijIiKZJWe9A=
-29,78,/1Y5Z+qj3yppxekVV2jud6HBbJQ=,fdtrwKgQyVode4cCrbnuBpYUJ48=
-30,78,/1Y5Z+qj3yppxekVV2jud6HBbJQ=,fdtrwKgQyVode4cCrbnuBpYUJ48=
-30,77,/1Y5Z+qj3yppxekVV2jud6HBbJQ=,mAFNH3GKZzl02qPMPSxL9sTAFBs=
-31,77,/1Y5Z+qj3yppxekVV2jud6HBbJQ=,1vE9IbztI7eWCybSBVQ3+gdrFzk=
-31,78,/1Y5Z+qj3yppxekVV2jud6HBbJQ=,jWY1KwGqvq462PGEkbCt727xcnQ=
-27,77,/1Y5Z+qj3yppxekVV2jud6HBbJQ=,TX7T5CkAMrpi5CuZCbdhSstguiw=
-26,78,/1Y5Z+qj3yppxekVV2jud6HBbJQ=,/x0FoZhnQujYRdydx5RL+8pAXuQ=
-26,77,/1Y5Z+qj3yppxekVV2jud6HBbJQ=,EjcI5r/z90fnhzrvA1u+J1nDy08=
-27,78,/1Y5Z+qj3yppxekVV2jud6HBbJQ=,sz7ZqDxiifA6A2+WijIiKZJWe9A=
-26,76,/1Y5Z+qj3yppxekVV2jud6HBbJQ=,EjcI5r/z90fnhzrvA1u+J1nDy08=
-27,75,/1Y5Z+qj3yppxekVV2jud6HBbJQ=,ubzNDByryGMorpoyds1Q4de7o8Y=
-27,76,/1Y5Z+qj3yppxekVV2jud6HBbJQ=,TX7T5CkAMrpi5CuZCbdhSstguiw=
-26,73,/1Y5Z+qj3yppxekVV2jud6HBbJQ=,cIcXBIC6oH5aC9/Iy/TcaCBnvK0=
-27,74,/1Y5Z+qj3yppxekVV2jud6HBbJQ=,ubzNDByryGMorpoyds1Q4de7o8Y=
-27,73,/1Y5Z+qj3yppxekVV2jud6HBbJQ=,YAINwESfrETiXXWzrOVif4QtuSI=
-26,75,/1Y5Z+qj3yppxekVV2jud6HBbJQ=,kExTkWVE8SDZvRMU9n7FMH4/wDQ=
-26,74,/1Y5Z+qj3yppxekVV2jud6HBbJQ=,kExTkWVE8SDZvRMU9n7FMH4/wDQ=
-25,73,/1Y5Z+qj3yppxekVV2jud6HBbJQ=,cIcXBIC6oH5aC9/Iy/TcaCBnvK0=
-25,74,/1Y5Z+qj3yppxekVV2jud6HBbJQ=,kExTkWVE8SDZvRMU9n7FMH4/wDQ=
-24,73,/1Y5Z+qj3yppxekVV2jud6HBbJQ=,Gnr34fZEFK7sxyNASkdgydciaqc=
-24,74,/1Y5Z+qj3yppxekVV2jud6HBbJQ=,xW9C46BCEpFiWldCjbw1gWmgvfQ=
-25,76,/1Y5Z+qj3yppxekVV2jud6HBbJQ=,EjcI5r/z90fnhzrvA1u+J1nDy08=
-24,75,/1Y5Z+qj3yppxekVV2jud6HBbJQ=,xW9C46BCEpFiWldCjbw1gWmgvfQ=
-25,75,/1Y5Z+qj3yppxekVV2jud6HBbJQ=,kExTkWVE8SDZvRMU9n7FMH4/wDQ=
-24,76,/1Y5Z+qj3yppxekVV2jud6HBbJQ=,TfMEBRLHmscuIsJQ+NqvcRS+Ztk=
-25,77,jowoVYYapD3HbX+YT+69QbKt2ww=,EjcI5r/z90fnhzrvA1u+J1nDy08=
-24,77,jowoVYYapD3HbX+YT+69QbKt2ww=,TfMEBRLHmscuIsJQ+NqvcRS+Ztk=
-25,78,jowoVYYapD3HbX+YT+69QbKt2ww=,/x0FoZhnQujYRdydx5RL+8pAXuQ=
-24,78,jowoVYYapD3HbX+YT+69QbKt2ww=,OFNjC7GwynkzdRzoYZLgl077yQs=
-23,74,jowoVYYapD3HbX+YT+69QbKt2ww=,xW9C46BCEpFiWldCjbw1gWmgvfQ=
-23,73,jowoVYYapD3HbX+YT+69QbKt2ww=,Gnr34fZEFK7sxyNASkdgydciaqc=
-22,73,jowoVYYapD3HbX+YT+69QbKt2ww=,2vqNnt/1Gyzb1h+dgh3ej4ZM47M=
-22,74,jowoVYYapD3HbX+YT+69QbKt2ww=,pXBIgXqk2abRYprqBnjbYWG7Utg=
-22,76,jowoVYYapD3HbX+YT+69QbKt2ww=,kg4gRcrSmZTYrF1tGcvWJbmluUs=
-22,77,jowoVYYapD3HbX+YT+69QbKt2ww=,kg4gRcrSmZTYrF1tGcvWJbmluUs=
-23,76,jowoVYYapD3HbX+YT+69QbKt2ww=,TfMEBRLHmscuIsJQ+NqvcRS+Ztk=
-23,78,jowoVYYapD3HbX+YT+69QbKt2ww=,OFNjC7GwynkzdRzoYZLgl077yQs=
-22,75,jowoVYYapD3HbX+YT+69QbKt2ww=,pXBIgXqk2abRYprqBnjbYWG7Utg=
-23,77,jowoVYYapD3HbX+YT+69QbKt2ww=,TfMEBRLHmscuIsJQ+NqvcRS+Ztk=
-23,75,jowoVYYapD3HbX+YT+69QbKt2ww=,xW9C46BCEpFiWldCjbw1gWmgvfQ=
-22,78,jowoVYYapD3HbX+YT+69QbKt2ww=,Pfd8rF0p+uL94o6cNRbV+RWu5t4=
-20,76,jowoVYYapD3HbX+YT+69QbKt2ww=,jc0u+mekBfTF/E+zcJnRzfmrasg=
-20,75,jowoVYYapD3HbX+YT+69QbKt2ww=,ymDUoIrPUHqBxkni6U6ahbS9rOg=
-21,76,jowoVYYapD3HbX+YT+69QbKt2ww=,kg4gRcrSmZTYrF1tGcvWJbmluUs=
-21,75,jowoVYYapD3HbX+YT+69QbKt2ww=,pXBIgXqk2abRYprqBnjbYWG7Utg=
-21,77,jowoVYYapD3HbX+YT+69QbKt2ww=,kg4gRcrSmZTYrF1tGcvWJbmluUs=
-21,78,jowoVYYapD3HbX+YT+69QbKt2ww=,Pfd8rF0p+uL94o6cNRbV+RWu5t4=
-20,77,jowoVYYapD3HbX+YT+69QbKt2ww=,jc0u+mekBfTF/E+zcJnRzfmrasg=
-20,78,jowoVYYapD3HbX+YT+69QbKt2ww=,4hcGDe7kUXUMdfkHh/KEsSfBEPI=
-19,76,R+I4LXG5hGuAH5/gP1PgTf1Ko5Y=,jc0u+mekBfTF/E+zcJnRzfmrasg=
-19,75,R+I4LXG5hGuAH5/gP1PgTf1Ko5Y=,ymDUoIrPUHqBxkni6U6ahbS9rOg=
-18,76,R+I4LXG5hGuAH5/gP1PgTf1Ko5Y=,YvXWwxq0iedPRQIhz6BgAnXptZY=
-18,75,R+I4LXG5hGuAH5/gP1PgTf1Ko5Y=,R/G0YYtMSOCngMU+1AJYICjryLw=
-18,77,R+I4LXG5hGuAH5/gP1PgTf1Ko5Y=,YvXWwxq0iedPRQIhz6BgAnXptZY=
-19,77,R+I4LXG5hGuAH5/gP1PgTf1Ko5Y=,jc0u+mekBfTF/E+zcJnRzfmrasg=
-19,78,R+I4LXG5hGuAH5/gP1PgTf1Ko5Y=,4hcGDe7kUXUMdfkHh/KEsSfBEPI=
-18,78,R+I4LXG5hGuAH5/gP1PgTf1Ko5Y=,uObOG2DCGKWn2j+/+zYav9vN4ts=
-21,73,R+I4LXG5hGuAH5/gP1PgTf1Ko5Y=,2vqNnt/1Gyzb1h+dgh3ej4ZM47M=
-20,74,R+I4LXG5hGuAH5/gP1PgTf1Ko5Y=,ymDUoIrPUHqBxkni6U6ahbS9rOg=
-19,74,R+I4LXG5hGuAH5/gP1PgTf1Ko5Y=,ymDUoIrPUHqBxkni6U6ahbS9rOg=
-18,74,R+I4LXG5hGuAH5/gP1PgTf1Ko5Y=,R/G0YYtMSOCngMU+1AJYICjryLw=
-18,73,R+I4LXG5hGuAH5/gP1PgTf1Ko5Y=,qK56Rag4vGsEIOVridYkA4RDzrc=
-21,74,R+I4LXG5hGuAH5/gP1PgTf1Ko5Y=,pXBIgXqk2abRYprqBnjbYWG7Utg=
-19,73,R+I4LXG5hGuAH5/gP1PgTf1Ko5Y=,qwLbquz5AF3hZKg4AcwF9TeB2Hg=
-20,73,R+I4LXG5hGuAH5/gP1PgTf1Ko5Y=,qwLbquz5AF3hZKg4AcwF9TeB2Hg=
-20,71,R+I4LXG5hGuAH5/gP1PgTf1Ko5Y=,VvbvjrKjNwq5zf+6P42zF55DX5s=
-20,72,R+I4LXG5hGuAH5/gP1PgTf1Ko5Y=,qwLbquz5AF3hZKg4AcwF9TeB2Hg=
-21,72,R+I4LXG5hGuAH5/gP1PgTf1Ko5Y=,2vqNnt/1Gyzb1h+dgh3ej4ZM47M=
-21,71,R+I4LXG5hGuAH5/gP1PgTf1Ko5Y=,gSLTd6qn78em0yvCB6uC4eeGAqU=
-19,71,R+I4LXG5hGuAH5/gP1PgTf1Ko5Y=,VvbvjrKjNwq5zf+6P42zF55DX5s=
-18,72,R+I4LXG5hGuAH5/gP1PgTf1Ko5Y=,qK56Rag4vGsEIOVridYkA4RDzrc=
-19,72,R+I4LXG5hGuAH5/gP1PgTf1Ko5Y=,qwLbquz5AF3hZKg4AcwF9TeB2Hg=
-18,71,R+I4LXG5hGuAH5/gP1PgTf1Ko5Y=,ldgdGDiSKah4yoNOWQCUZN3jvFI=
-21,67,R+I4LXG5hGuAH5/gP1PgTf1Ko5Y=,9Y80CN2r60v74Ic90A/LjypsZjI=
-21,68,R+I4LXG5hGuAH5/gP1PgTf1Ko5Y=,ADdvOSlOPgZkmInqz4Bb3cW/l8g=
-21,69,R+I4LXG5hGuAH5/gP1PgTf1Ko5Y=,ADdvOSlOPgZkmInqz4Bb3cW/l8g=
-20,70,R+I4LXG5hGuAH5/gP1PgTf1Ko5Y=,VvbvjrKjNwq5zf+6P42zF55DX5s=
-21,70,R+I4LXG5hGuAH5/gP1PgTf1Ko5Y=,gSLTd6qn78em0yvCB6uC4eeGAqU=
-20,69,R+I4LXG5hGuAH5/gP1PgTf1Ko5Y=,IuYFFlLwL/6zg6ozi9prPL9KSyY=
-20,68,R+I4LXG5hGuAH5/gP1PgTf1Ko5Y=,IuYFFlLwL/6zg6ozi9prPL9KSyY=
-20,67,R+I4LXG5hGuAH5/gP1PgTf1Ko5Y=,tgxF5eBMxPtBHvRKvyvvNlBUBaE=
-19,68,R+I4LXG5hGuAH5/gP1PgTf1Ko5Y=,IuYFFlLwL/6zg6ozi9prPL9KSyY=
-19,69,R+I4LXG5hGuAH5/gP1PgTf1Ko5Y=,IuYFFlLwL/6zg6ozi9prPL9KSyY=
-18,67,R+I4LXG5hGuAH5/gP1PgTf1Ko5Y=,GU9tyV4RsOPgKKe0Ib3zC+brFOc=
-19,70,R+I4LXG5hGuAH5/gP1PgTf1Ko5Y=,VvbvjrKjNwq5zf+6P42zF55DX5s=
-18,70,R+I4LXG5hGuAH5/gP1PgTf1Ko5Y=,ldgdGDiSKah4yoNOWQCUZN3jvFI=
-19,67,R+I4LXG5hGuAH5/gP1PgTf1Ko5Y=,tgxF5eBMxPtBHvRKvyvvNlBUBaE=
-18,69,R+I4LXG5hGuAH5/gP1PgTf1Ko5Y=,IftyVyv+nWPimvh9vzPbF00hxOk=
-18,68,R+I4LXG5hGuAH5/gP1PgTf1Ko5Y=,IftyVyv+nWPimvh9vzPbF00hxOk=
-17,70,R+I4LXG5hGuAH5/gP1PgTf1Ko5Y=,ldgdGDiSKah4yoNOWQCUZN3jvFI=
-17,69,R+I4LXG5hGuAH5/gP1PgTf1Ko5Y=,IftyVyv+nWPimvh9vzPbF00hxOk=
-17,67,R+I4LXG5hGuAH5/gP1PgTf1Ko5Y=,GU9tyV4RsOPgKKe0Ib3zC+brFOc=
-17,68,R+I4LXG5hGuAH5/gP1PgTf1Ko5Y=,IftyVyv+nWPimvh9vzPbF00hxOk=
-17,66,R+I4LXG5hGuAH5/gP1PgTf1Ko5Y=,GU9tyV4RsOPgKKe0Ib3zC+brFOc=
-17,65,R+I4LXG5hGuAH5/gP1PgTf1Ko5Y=,5SZYb/sz+K+GfuSxWrUDjMAqXaw=
-17,72,R+I4LXG5hGuAH5/gP1PgTf1Ko5Y=,qK56Rag4vGsEIOVridYkA4RDzrc=
-17,71,R+I4LXG5hGuAH5/gP1PgTf1Ko5Y=,ldgdGDiSKah4yoNOWQCUZN3jvFI=
-17,73,R+I4LXG5hGuAH5/gP1PgTf1Ko5Y=,qK56Rag4vGsEIOVridYkA4RDzrc=
-17,74,R+I4LXG5hGuAH5/gP1PgTf1Ko5Y=,R/G0YYtMSOCngMU+1AJYICjryLw=
-17,76,R+I4LXG5hGuAH5/gP1PgTf1Ko5Y=,YvXWwxq0iedPRQIhz6BgAnXptZY=
-17,75,R+I4LXG5hGuAH5/gP1PgTf1Ko5Y=,R/G0YYtMSOCngMU+1AJYICjryLw=
-17,77,R+I4LXG5hGuAH5/gP1PgTf1Ko5Y=,YvXWwxq0iedPRQIhz6BgAnXptZY=
-17,78,R+I4LXG5hGuAH5/gP1PgTf1Ko5Y=,uObOG2DCGKWn2j+/+zYav9vN4ts=
-18,79,R+I4LXG5hGuAH5/gP1PgTf1Ko5Y=,uObOG2DCGKWn2j+/+zYav9vN4ts=
-19,79,R+I4LXG5hGuAH5/gP1PgTf1Ko5Y=,4hcGDe7kUXUMdfkHh/KEsSfBEPI=
-21,79,R+I4LXG5hGuAH5/gP1PgTf1Ko5Y=,Pfd8rF0p+uL94o6cNRbV+RWu5t4=
-23,79,R+I4LXG5hGuAH5/gP1PgTf1Ko5Y=,OFNjC7GwynkzdRzoYZLgl077yQs=
-20,79,R+I4LXG5hGuAH5/gP1PgTf1Ko5Y=,4hcGDe7kUXUMdfkHh/KEsSfBEPI=
-22,79,R+I4LXG5hGuAH5/gP1PgTf1Ko5Y=,Pfd8rF0p+uL94o6cNRbV+RWu5t4=
-25,79,R+I4LXG5hGuAH5/gP1PgTf1Ko5Y=,/x0FoZhnQujYRdydx5RL+8pAXuQ=
-24,79,R+I4LXG5hGuAH5/gP1PgTf1Ko5Y=,OFNjC7GwynkzdRzoYZLgl077yQs=
-27,79,R+I4LXG5hGuAH5/gP1PgTf1Ko5Y=,sz7ZqDxiifA6A2+WijIiKZJWe9A=
-28,79,R+I4LXG5hGuAH5/gP1PgTf1Ko5Y=,sz7ZqDxiifA6A2+WijIiKZJWe9A=
-30,79,R+I4LXG5hGuAH5/gP1PgTf1Ko5Y=,fdtrwKgQyVode4cCrbnuBpYUJ48=
-29,79,R+I4LXG5hGuAH5/gP1PgTf1Ko5Y=,fdtrwKgQyVode4cCrbnuBpYUJ48=
-31,79,R+I4LXG5hGuAH5/gP1PgTf1Ko5Y=,jWY1KwGqvq462PGEkbCt727xcnQ=
-26,79,R+I4LXG5hGuAH5/gP1PgTf1Ko5Y=,/x0FoZhnQujYRdydx5RL+8pAXuQ=
-32,78,R+I4LXG5hGuAH5/gP1PgTf1Ko5Y=,jWY1KwGqvq462PGEkbCt727xcnQ=
-32,77,R+I4LXG5hGuAH5/gP1PgTf1Ko5Y=,1vE9IbztI7eWCybSBVQ3+gdrFzk=
-31,76,O2HPjoICrS87cLAs09Ut/HXBBq8=,1vE9IbztI7eWCybSBVQ3+gdrFzk=
-30,76,O2HPjoICrS87cLAs09Ut/HXBBq8=,mAFNH3GKZzl02qPMPSxL9sTAFBs=
-31,75,O2HPjoICrS87cLAs09Ut/HXBBq8=,l+aGf/9QFrX3zTPd+IFA7FIdC2Y=
-30,75,O2HPjoICrS87cLAs09Ut/HXBBq8=,k73ZY20e6IvzY6Dg0nchX8uFE6E=
-31,74,O2HPjoICrS87cLAs09Ut/HXBBq8=,l+aGf/9QFrX3zTPd+IFA7FIdC2Y=
-30,73,O2HPjoICrS87cLAs09Ut/HXBBq8=,P6E0Opcqbv217FGytWBYn1KiEi0=
-30,74,O2HPjoICrS87cLAs09Ut/HXBBq8=,k73ZY20e6IvzY6Dg0nchX8uFE6E=
-30,71,O2HPjoICrS87cLAs09Ut/HXBBq8=,ybUHZE2e/ZAcLBg2FVgyK8UUhUk=
-31,73,O2HPjoICrS87cLAs09Ut/HXBBq8=,qrWrsNhwl2/KMoFDXjRyOG2oh1w=
-31,72,O2HPjoICrS87cLAs09Ut/HXBBq8=,qrWrsNhwl2/KMoFDXjRyOG2oh1w=
-31,71,O2HPjoICrS87cLAs09Ut/HXBBq8=,2qdMCoQW2hJmIZmL8O1KJlUOYhk=
-30,72,O2HPjoICrS87cLAs09Ut/HXBBq8=,P6E0Opcqbv217FGytWBYn1KiEi0=
-31,70,O2HPjoICrS87cLAs09Ut/HXBBq8=,2qdMCoQW2hJmIZmL8O1KJlUOYhk=
-30,69,O2HPjoICrS87cLAs09Ut/HXBBq8=,VAiGulxNteL6ny/dvgma/mOkxQU=
-30,70,O2HPjoICrS87cLAs09Ut/HXBBq8=,ybUHZE2e/ZAcLBg2FVgyK8UUhUk=
-31,69,O2HPjoICrS87cLAs09Ut/HXBBq8=,bFdWgB7/JrNXYV22bDCvOSUJi9g=
-28,64,O2HPjoICrS87cLAs09Ut/HXBBq8=,2zd38FdAYGXfiIawTVMKFXQB+VM=
-29,64,O2HPjoICrS87cLAs09Ut/HXBBq8=,i3Did31o6xZIzbkPtvAuWnAjvUY=
-27,64,O2HPjoICrS87cLAs09Ut/HXBBq8=,2zd38FdAYGXfiIawTVMKFXQB+VM=
-26,64,O2HPjoICrS87cLAs09Ut/HXBBq8=,1huiPV/8eBqImcwMGePVY6XA2UE=
-30,67,O2HPjoICrS87cLAs09Ut/HXBBq8=,EZruyO5He61R6H1/U6u5ZtIwrh8=
-31,67,O2HPjoICrS87cLAs09Ut/HXBBq8=,N+6J9zRhX898BcQFyIU32ykZRwU=
-31,68,O2HPjoICrS87cLAs09Ut/HXBBq8=,bFdWgB7/JrNXYV22bDCvOSUJi9g=
-32,67,O2HPjoICrS87cLAs09Ut/HXBBq8=,N+6J9zRhX898BcQFyIU32ykZRwU=
-30,68,O2HPjoICrS87cLAs09Ut/HXBBq8=,VAiGulxNteL6ny/dvgma/mOkxQU=
-32,68,O2HPjoICrS87cLAs09Ut/HXBBq8=,bFdWgB7/JrNXYV22bDCvOSUJi9g=
-32,66,O2HPjoICrS87cLAs09Ut/HXBBq8=,N+6J9zRhX898BcQFyIU32ykZRwU=
-30,64,O2HPjoICrS87cLAs09Ut/HXBBq8=,i3Did31o6xZIzbkPtvAuWnAjvUY=
-31,66,O2HPjoICrS87cLAs09Ut/HXBBq8=,N+6J9zRhX898BcQFyIU32ykZRwU=
-31,65,O2HPjoICrS87cLAs09Ut/HXBBq8=,v/dgM0UH7q4cU6V2phLsclErKJk=
-30,66,O2HPjoICrS87cLAs09Ut/HXBBq8=,EZruyO5He61R6H1/U6u5ZtIwrh8=
-30,65,O2HPjoICrS87cLAs09Ut/HXBBq8=,i3Did31o6xZIzbkPtvAuWnAjvUY=
-31,64,O2HPjoICrS87cLAs09Ut/HXBBq8=,v/dgM0UH7q4cU6V2phLsclErKJk=
-32,65,O2HPjoICrS87cLAs09Ut/HXBBq8=,v/dgM0UH7q4cU6V2phLsclErKJk=
-20,64,O2HPjoICrS87cLAs09Ut/HXBBq8=,MoSs/25rrTV+5PIAfmEdXeaZRAQ=
-21,64,O2HPjoICrS87cLAs09Ut/HXBBq8=,nZtahev65VRWBPHc2JnXB0HJbHo=
-19,64,O2HPjoICrS87cLAs09Ut/HXBBq8=,MoSs/25rrTV+5PIAfmEdXeaZRAQ=
-18,64,O2HPjoICrS87cLAs09Ut/HXBBq8=,5SZYb/sz+K+GfuSxWrUDjMAqXaw=
-17,64,O2HPjoICrS87cLAs09Ut/HXBBq8=,5SZYb/sz+K+GfuSxWrUDjMAqXaw=
-17,79,O2HPjoICrS87cLAs09Ut/HXBBq8=,uObOG2DCGKWn2j+/+zYav9vN4ts=
-32,70,O2HPjoICrS87cLAs09Ut/HXBBq8=,2qdMCoQW2hJmIZmL8O1KJlUOYhk=
-32,69,O2HPjoICrS87cLAs09Ut/HXBBq8=,bFdWgB7/JrNXYV22bDCvOSUJi9g=
-32,72,O2HPjoICrS87cLAs09Ut/HXBBq8=,qrWrsNhwl2/KMoFDXjRyOG2oh1w=
-32,71,O2HPjoICrS87cLAs09Ut/HXBBq8=,2qdMCoQW2hJmIZmL8O1KJlUOYhk=
-32,79,O2HPjoICrS87cLAs09Ut/HXBBq8=,jWY1KwGqvq462PGEkbCt727xcnQ=
-22,64,O2HPjoICrS87cLAs09Ut/HXBBq8=,nZtahev65VRWBPHc2JnXB0HJbHo=
-23,64,O2HPjoICrS87cLAs09Ut/HXBBq8=,wHf0YadYfhBWQ+JahrriLOz4jso=
-24,64,O2HPjoICrS87cLAs09Ut/HXBBq8=,wHf0YadYfhBWQ+JahrriLOz4jso=
-32,64,O2HPjoICrS87cLAs09Ut/HXBBq8=,v/dgM0UH7q4cU6V2phLsclErKJk=
-25,64,O2HPjoICrS87cLAs09Ut/HXBBq8=,1huiPV/8eBqImcwMGePVY6XA2UE=
-32,76,O2HPjoICrS87cLAs09Ut/HXBBq8=,1vE9IbztI7eWCybSBVQ3+gdrFzk=
-32,73,O2HPjoICrS87cLAs09Ut/HXBBq8=,qrWrsNhwl2/KMoFDXjRyOG2oh1w=
-32,75,O2HPjoICrS87cLAs09Ut/HXBBq8=,l+aGf/9QFrX3zTPd+IFA7FIdC2Y=
-32,74,O2HPjoICrS87cLAs09Ut/HXBBq8=,l+aGf/9QFrX3zTPd+IFA7FIdC2Y=
-22,67,O2HPjoICrS87cLAs09Ut/HXBBq8=,9Y80CN2r60v74Ic90A/LjypsZjI=
-22,65,O2HPjoICrS87cLAs09Ut/HXBBq8=,nZtahev65VRWBPHc2JnXB0HJbHo=
-25,65,O2HPjoICrS87cLAs09Ut/HXBBq8=,1huiPV/8eBqImcwMGePVY6XA2UE=
-25,67,O2HPjoICrS87cLAs09Ut/HXBBq8=,vP6NLSxbqjttf2z/3vxwuNc46ZM=
-23,65,O2HPjoICrS87cLAs09Ut/HXBBq8=,wHf0YadYfhBWQ+JahrriLOz4jso=
-25,68,O2HPjoICrS87cLAs09Ut/HXBBq8=,Xo8xMaUjh6aTPXTGh2JXcr3Hmxk=
-22,68,O2HPjoICrS87cLAs09Ut/HXBBq8=,ADdvOSlOPgZkmInqz4Bb3cW/l8g=
-25,66,O2HPjoICrS87cLAs09Ut/HXBBq8=,vP6NLSxbqjttf2z/3vxwuNc46ZM=
-23,68,O2HPjoICrS87cLAs09Ut/HXBBq8=,2qUmeB8EPDfHpVvw7Y1JxUw6aA4=
-24,65,O2HPjoICrS87cLAs09Ut/HXBBq8=,wHf0YadYfhBWQ+JahrriLOz4jso=
-24,68,O2HPjoICrS87cLAs09Ut/HXBBq8=,2qUmeB8EPDfHpVvw7Y1JxUw6aA4=
-22,66,O2HPjoICrS87cLAs09Ut/HXBBq8=,9Y80CN2r60v74Ic90A/LjypsZjI=
-23,66,O2HPjoICrS87cLAs09Ut/HXBBq8=,cC1tiSXzvRr/Emdq0vPJ2UREr4I=
-23,67,O2HPjoICrS87cLAs09Ut/HXBBq8=,cC1tiSXzvRr/Emdq0vPJ2UREr4I=
-24,67,O2HPjoICrS87cLAs09Ut/HXBBq8=,cC1tiSXzvRr/Emdq0vPJ2UREr4I=
-24,66,O2HPjoICrS87cLAs09Ut/HXBBq8=,cC1tiSXzvRr/Emdq0vPJ2UREr4I=
-29,94,2lGTPkfIeKm2KVK+ltV7q1fYvKs=,RAxWG3gwBOk8WUMDp+AJt/hUULk=
-29,93,2lGTPkfIeKm2KVK+ltV7q1fYvKs=,/Of1txVAPGLz1mjZ43uT4LPipgc=
-28,94,2lGTPkfIeKm2KVK+ltV7q1fYvKs=,TrRNGqGym6NNHYz24KI8N5rnqx0=
-28,93,2lGTPkfIeKm2KVK+ltV7q1fYvKs=,Ig8QwGhiQN9ykZ3qmJABBwcCRZ0=
-28,92,2lGTPkfIeKm2KVK+ltV7q1fYvKs=,Ig8QwGhiQN9ykZ3qmJABBwcCRZ0=
-29,91,2lGTPkfIeKm2KVK+ltV7q1fYvKs=,U6UVeXrRMQ7IL+JWJoWAYBEltrk=
-29,92,2lGTPkfIeKm2KVK+ltV7q1fYvKs=,/Of1txVAPGLz1mjZ43uT4LPipgc=
-28,91,2lGTPkfIeKm2KVK+ltV7q1fYvKs=,oRkb6jYVly1pT0KJUJ1nI9q8en8=
-28,90,2lGTPkfIeKm2KVK+ltV7q1fYvKs=,oRkb6jYVly1pT0KJUJ1nI9q8en8=
-28,89,2lGTPkfIeKm2KVK+ltV7q1fYvKs=,pVtANha4gU+I2jLdMp4s1PT+m8s=
-29,90,2lGTPkfIeKm2KVK+ltV7q1fYvKs=,U6UVeXrRMQ7IL+JWJoWAYBEltrk=
-29,89,2lGTPkfIeKm2KVK+ltV7q1fYvKs=,0UMisx1peDrEO4kXn478UXi1UBg=
-28,87,PoUHIDiWiO9D7II+r7uqHGgLT7c=,uqBCS5ISK8HHZgA5pMfJ2aqG1pU=
-28,88,PoUHIDiWiO9D7II+r7uqHGgLT7c=,pVtANha4gU+I2jLdMp4s1PT+m8s=
-29,88,PoUHIDiWiO9D7II+r7uqHGgLT7c=,0UMisx1peDrEO4kXn478UXi1UBg=
-29,87,PoUHIDiWiO9D7II+r7uqHGgLT7c=,CaPal283MKj/LIWFPEgHgYgfTck=
-22,88,PoUHIDiWiO9D7II+r7uqHGgLT7c=,TR7Hec4bWjx8pGNJVR/xvBoZOd8=
-23,88,PoUHIDiWiO9D7II+r7uqHGgLT7c=,/BNquz0u9crqN2Ba5WQwNjX/huY=
-23,87,PoUHIDiWiO9D7II+r7uqHGgLT7c=,w8TubZqZ/uTif+/B5MtGMfjwvmg=
-22,87,PoUHIDiWiO9D7II+r7uqHGgLT7c=,neItaFrkHBhn6mEeGLRuYV8VXcs=
-23,89,BgxGRT7qlQO3q7JockyMrd5UYIE=,/BNquz0u9crqN2Ba5WQwNjX/huY=
-22,89,BgxGRT7qlQO3q7JockyMrd5UYIE=,TR7Hec4bWjx8pGNJVR/xvBoZOd8=
-23,90,BgxGRT7qlQO3q7JockyMrd5UYIE=,IChXXVNe1IwOFRlPEhe6nmcghNw=
-22,90,BgxGRT7qlQO3q7JockyMrd5UYIE=,OvbYVVZEqYnS1qdz1zT0JLnj0Ag=
-25,87,BgxGRT7qlQO3q7JockyMrd5UYIE=,wX32QH4uRewxKb1Bcf+gLVPPNDA=
-26,88,BgxGRT7qlQO3q7JockyMrd5UYIE=,W+kF4iuC+XgFKpFsJ1Hn9sRjXYE=
-24,90,BgxGRT7qlQO3q7JockyMrd5UYIE=,IChXXVNe1IwOFRlPEhe6nmcghNw=
-27,88,BgxGRT7qlQO3q7JockyMrd5UYIE=,pVtANha4gU+I2jLdMp4s1PT+m8s=
-26,87,BgxGRT7qlQO3q7JockyMrd5UYIE=,wX32QH4uRewxKb1Bcf+gLVPPNDA=
-27,87,BgxGRT7qlQO3q7JockyMrd5UYIE=,uqBCS5ISK8HHZgA5pMfJ2aqG1pU=
-24,87,BgxGRT7qlQO3q7JockyMrd5UYIE=,w8TubZqZ/uTif+/B5MtGMfjwvmg=
-25,89,BgxGRT7qlQO3q7JockyMrd5UYIE=,W+kF4iuC+XgFKpFsJ1Hn9sRjXYE=
-24,88,BgxGRT7qlQO3q7JockyMrd5UYIE=,/BNquz0u9crqN2Ba5WQwNjX/huY=
-24,89,BgxGRT7qlQO3q7JockyMrd5UYIE=,/BNquz0u9crqN2Ba5WQwNjX/huY=
-26,90,BgxGRT7qlQO3q7JockyMrd5UYIE=,g+5bHXKWVG95tpHQHXN18+SjGpU=
-27,90,BgxGRT7qlQO3q7JockyMrd5UYIE=,oRkb6jYVly1pT0KJUJ1nI9q8en8=
-26,89,BgxGRT7qlQO3q7JockyMrd5UYIE=,W+kF4iuC+XgFKpFsJ1Hn9sRjXYE=
-25,90,BgxGRT7qlQO3q7JockyMrd5UYIE=,g+5bHXKWVG95tpHQHXN18+SjGpU=
-27,89,BgxGRT7qlQO3q7JockyMrd5UYIE=,pVtANha4gU+I2jLdMp4s1PT+m8s=
-25,88,BgxGRT7qlQO3q7JockyMrd5UYIE=,W+kF4iuC+XgFKpFsJ1Hn9sRjXYE=
-22,91,BgxGRT7qlQO3q7JockyMrd5UYIE=,OvbYVVZEqYnS1qdz1zT0JLnj0Ag=
-22,92,BgxGRT7qlQO3q7JockyMrd5UYIE=,3FseVZsR7VpaHLfD60lo/qGycOA=
-23,92,BgxGRT7qlQO3q7JockyMrd5UYIE=,S+paQVu+dJpHGae/DTQ4PolYbVE=
-23,91,BgxGRT7qlQO3q7JockyMrd5UYIE=,IChXXVNe1IwOFRlPEhe6nmcghNw=
-26,91,BgxGRT7qlQO3q7JockyMrd5UYIE=,g+5bHXKWVG95tpHQHXN18+SjGpU=
-24,91,BgxGRT7qlQO3q7JockyMrd5UYIE=,IChXXVNe1IwOFRlPEhe6nmcghNw=
-25,91,BgxGRT7qlQO3q7JockyMrd5UYIE=,g+5bHXKWVG95tpHQHXN18+SjGpU=
-27,92,BgxGRT7qlQO3q7JockyMrd5UYIE=,Ig8QwGhiQN9ykZ3qmJABBwcCRZ0=
-27,91,BgxGRT7qlQO3q7JockyMrd5UYIE=,oRkb6jYVly1pT0KJUJ1nI9q8en8=
-24,92,BgxGRT7qlQO3q7JockyMrd5UYIE=,S+paQVu+dJpHGae/DTQ4PolYbVE=
-26,92,BgxGRT7qlQO3q7JockyMrd5UYIE=,N+Po8bUSyidOT9sdRwDKNhaCaoU=
-25,92,BgxGRT7qlQO3q7JockyMrd5UYIE=,N+Po8bUSyidOT9sdRwDKNhaCaoU=
-22,94,ccFEAghuZq4UdQegKsxCyBu6VCU=,Q/915AC4H2gHqbJ5Y/uY0/7e4so=
-22,93,ccFEAghuZq4UdQegKsxCyBu6VCU=,3FseVZsR7VpaHLfD60lo/qGycOA=
-23,94,ccFEAghuZq4UdQegKsxCyBu6VCU=,7Pt54dY+qNZ7J1442hbdwez5h+o=
-23,93,ccFEAghuZq4UdQegKsxCyBu6VCU=,S+paQVu+dJpHGae/DTQ4PolYbVE=
-24,94,ccFEAghuZq4UdQegKsxCyBu6VCU=,7Pt54dY+qNZ7J1442hbdwez5h+o=
-25,94,ccFEAghuZq4UdQegKsxCyBu6VCU=,vfwgEJZxoPqeN6GUA4lnCGKifdg=
-25,93,ccFEAghuZq4UdQegKsxCyBu6VCU=,N+Po8bUSyidOT9sdRwDKNhaCaoU=
-26,93,ccFEAghuZq4UdQegKsxCyBu6VCU=,N+Po8bUSyidOT9sdRwDKNhaCaoU=
-26,94,ccFEAghuZq4UdQegKsxCyBu6VCU=,vfwgEJZxoPqeN6GUA4lnCGKifdg=
-24,93,ccFEAghuZq4UdQegKsxCyBu6VCU=,S+paQVu+dJpHGae/DTQ4PolYbVE=
-27,94,ccFEAghuZq4UdQegKsxCyBu6VCU=,TrRNGqGym6NNHYz24KI8N5rnqx0=
-27,93,ccFEAghuZq4UdQegKsxCyBu6VCU=,Ig8QwGhiQN9ykZ3qmJABBwcCRZ0=
-20,93,ccFEAghuZq4UdQegKsxCyBu6VCU=,cJ9S1G3bEJv0FIrPCGSWBXfaha0=
-21,93,ccFEAghuZq4UdQegKsxCyBu6VCU=,3FseVZsR7VpaHLfD60lo/qGycOA=
-21,94,ccFEAghuZq4UdQegKsxCyBu6VCU=,Q/915AC4H2gHqbJ5Y/uY0/7e4so=
-20,94,ccFEAghuZq4UdQegKsxCyBu6VCU=,pknQbbviZKz+8vhn4fH18cmMpcA=
-19,94,ccFEAghuZq4UdQegKsxCyBu6VCU=,pknQbbviZKz+8vhn4fH18cmMpcA=
-18,94,ccFEAghuZq4UdQegKsxCyBu6VCU=,MWZgvqqkEJio2tTYUEyRWZij2sY=
-19,93,ccFEAghuZq4UdQegKsxCyBu6VCU=,cJ9S1G3bEJv0FIrPCGSWBXfaha0=
-18,93,ccFEAghuZq4UdQegKsxCyBu6VCU=,+gJ/b7pF3LJ76nla0mQc6ogZ26M=
-20,92,ccFEAghuZq4UdQegKsxCyBu6VCU=,cJ9S1G3bEJv0FIrPCGSWBXfaha0=
-21,92,ccFEAghuZq4UdQegKsxCyBu6VCU=,3FseVZsR7VpaHLfD60lo/qGycOA=
-21,91,ccFEAghuZq4UdQegKsxCyBu6VCU=,OvbYVVZEqYnS1qdz1zT0JLnj0Ag=
-20,91,ccFEAghuZq4UdQegKsxCyBu6VCU=,kP6Lnyb35j/eQRmeGVd5q047+zM=
-19,91,ccFEAghuZq4UdQegKsxCyBu6VCU=,kP6Lnyb35j/eQRmeGVd5q047+zM=
-18,92,ccFEAghuZq4UdQegKsxCyBu6VCU=,+gJ/b7pF3LJ76nla0mQc6ogZ26M=
-19,92,ccFEAghuZq4UdQegKsxCyBu6VCU=,cJ9S1G3bEJv0FIrPCGSWBXfaha0=
-18,91,ccFEAghuZq4UdQegKsxCyBu6VCU=,dbiS7witIQzGoNdxo/Qu0UT+1TM=
-21,90,+zX2mcRIajp13UJfr7PsGdK1Pao=,OvbYVVZEqYnS1qdz1zT0JLnj0Ag=
-20,90,+zX2mcRIajp13UJfr7PsGdK1Pao=,kP6Lnyb35j/eQRmeGVd5q047+zM=
-21,89,+zX2mcRIajp13UJfr7PsGdK1Pao=,TR7Hec4bWjx8pGNJVR/xvBoZOd8=
-20,89,+zX2mcRIajp13UJfr7PsGdK1Pao=,ZQmW2c6fF6smo5ZmqPLQOEZnDMA=
-19,89,+zX2mcRIajp13UJfr7PsGdK1Pao=,ZQmW2c6fF6smo5ZmqPLQOEZnDMA=
-18,90,+zX2mcRIajp13UJfr7PsGdK1Pao=,dbiS7witIQzGoNdxo/Qu0UT+1TM=
-19,90,+zX2mcRIajp13UJfr7PsGdK1Pao=,kP6Lnyb35j/eQRmeGVd5q047+zM=
-18,89,+zX2mcRIajp13UJfr7PsGdK1Pao=,VCgKIQvvK8oZR8d12sgBVZjFNgc=
-21,88,+zX2mcRIajp13UJfr7PsGdK1Pao=,TR7Hec4bWjx8pGNJVR/xvBoZOd8=
-20,88,+zX2mcRIajp13UJfr7PsGdK1Pao=,ZQmW2c6fF6smo5ZmqPLQOEZnDMA=
-21,87,+zX2mcRIajp13UJfr7PsGdK1Pao=,neItaFrkHBhn6mEeGLRuYV8VXcs=
-20,87,+zX2mcRIajp13UJfr7PsGdK1Pao=,W0CHL56UQKfJlRjpMoa/oQY8+Ws=
-18,88,+zX2mcRIajp13UJfr7PsGdK1Pao=,VCgKIQvvK8oZR8d12sgBVZjFNgc=
-19,88,+zX2mcRIajp13UJfr7PsGdK1Pao=,ZQmW2c6fF6smo5ZmqPLQOEZnDMA=
-19,87,+zX2mcRIajp13UJfr7PsGdK1Pao=,W0CHL56UQKfJlRjpMoa/oQY8+Ws=
-18,87,+zX2mcRIajp13UJfr7PsGdK1Pao=,R2zxhoN/QCNoO6NxxT3zftTqt1c=
-19,85,+zX2mcRIajp13UJfr7PsGdK1Pao=,wIGSqNpF+DiFprA3HEu72hyQbAc=
-19,86,+zX2mcRIajp13UJfr7PsGdK1Pao=,W0CHL56UQKfJlRjpMoa/oQY8+Ws=
-18,86,+zX2mcRIajp13UJfr7PsGdK1Pao=,R2zxhoN/QCNoO6NxxT3zftTqt1c=
-18,85,+zX2mcRIajp13UJfr7PsGdK1Pao=,WHTSoHd9F8ZZf/RSMynEahHVWSw=
-18,83,+zX2mcRIajp13UJfr7PsGdK1Pao=,QnuuUxZab7TwxiyZsHbvUg4xVr0=
-19,84,+zX2mcRIajp13UJfr7PsGdK1Pao=,wIGSqNpF+DiFprA3HEu72hyQbAc=
-19,83,+zX2mcRIajp13UJfr7PsGdK1Pao=,wZf9DXFlkC0RNeqflcyc7HZhAMI=
-18,84,+zX2mcRIajp13UJfr7PsGdK1Pao=,WHTSoHd9F8ZZf/RSMynEahHVWSw=
-18,82,nr1w0u0yutwaZWqxMGfbXIwfXYA=,QnuuUxZab7TwxiyZsHbvUg4xVr0=
-19,82,nr1w0u0yutwaZWqxMGfbXIwfXYA=,wZf9DXFlkC0RNeqflcyc7HZhAMI=
-18,81,nr1w0u0yutwaZWqxMGfbXIwfXYA=,cd9ELIRrlkjhPDYW4yGXtdIZBNM=
-19,81,nr1w0u0yutwaZWqxMGfbXIwfXYA=,xtX78FKS0c90UVBErvXSMV0OtkQ=
-20,81,nr1w0u0yutwaZWqxMGfbXIwfXYA=,xtX78FKS0c90UVBErvXSMV0OtkQ=
-20,82,nr1w0u0yutwaZWqxMGfbXIwfXYA=,wZf9DXFlkC0RNeqflcyc7HZhAMI=
-21,82,nr1w0u0yutwaZWqxMGfbXIwfXYA=,jpfjnk0z+N8VFcG4dx5cjqU5gxs=
-21,81,nr1w0u0yutwaZWqxMGfbXIwfXYA=,rMyg+iawwOudl8gPhsD4gwL/dso=
-22,81,nr1w0u0yutwaZWqxMGfbXIwfXYA=,rMyg+iawwOudl8gPhsD4gwL/dso=
-22,82,nr1w0u0yutwaZWqxMGfbXIwfXYA=,jpfjnk0z+N8VFcG4dx5cjqU5gxs=
-23,82,nr1w0u0yutwaZWqxMGfbXIwfXYA=,G07HmPY/pDvkTijC6Yd9cWwSNqM=
-23,81,nr1w0u0yutwaZWqxMGfbXIwfXYA=,KTQIVrJLaqh/36mDH30zOfyky3M=
-25,85,nr1w0u0yutwaZWqxMGfbXIwfXYA=,JOCXYvmxu9Dyjr1DEKgffrSKh2w=
-24,85,nr1w0u0yutwaZWqxMGfbXIwfXYA=,STqLJhUa0ZPYrjB7Te7Qff7pSl8=
-24,86,nr1w0u0yutwaZWqxMGfbXIwfXYA=,w8TubZqZ/uTif+/B5MtGMfjwvmg=
-25,86,nr1w0u0yutwaZWqxMGfbXIwfXYA=,wX32QH4uRewxKb1Bcf+gLVPPNDA=
-25,83,snhQMsDHnAn1/+rIBOBOrm2vgPM=,s7odSSY9xsqJkrAUZ8T3/2EiI2w=
-25,84,snhQMsDHnAn1/+rIBOBOrm2vgPM=,JOCXYvmxu9Dyjr1DEKgffrSKh2w=
-24,84,snhQMsDHnAn1/+rIBOBOrm2vgPM=,STqLJhUa0ZPYrjB7Te7Qff7pSl8=
-24,83,snhQMsDHnAn1/+rIBOBOrm2vgPM=,G07HmPY/pDvkTijC6Yd9cWwSNqM=
-25,81,snhQMsDHnAn1/+rIBOBOrm2vgPM=,Zz6mXqUCyI6cNoxDQX2LrONRQ4s=
-25,82,snhQMsDHnAn1/+rIBOBOrm2vgPM=,s7odSSY9xsqJkrAUZ8T3/2EiI2w=
-24,81,snhQMsDHnAn1/+rIBOBOrm2vgPM=,KTQIVrJLaqh/36mDH30zOfyky3M=
-24,82,snhQMsDHnAn1/+rIBOBOrm2vgPM=,G07HmPY/pDvkTijC6Yd9cWwSNqM=
-27,85,snhQMsDHnAn1/+rIBOBOrm2vgPM=,wO5N08MSbyljEXTm67mEWBK1agk=
-26,85,snhQMsDHnAn1/+rIBOBOrm2vgPM=,JOCXYvmxu9Dyjr1DEKgffrSKh2w=
-27,86,snhQMsDHnAn1/+rIBOBOrm2vgPM=,uqBCS5ISK8HHZgA5pMfJ2aqG1pU=
-26,86,snhQMsDHnAn1/+rIBOBOrm2vgPM=,wX32QH4uRewxKb1Bcf+gLVPPNDA=
-26,84,snhQMsDHnAn1/+rIBOBOrm2vgPM=,JOCXYvmxu9Dyjr1DEKgffrSKh2w=
-26,83,snhQMsDHnAn1/+rIBOBOrm2vgPM=,s7odSSY9xsqJkrAUZ8T3/2EiI2w=
-27,84,snhQMsDHnAn1/+rIBOBOrm2vgPM=,wO5N08MSbyljEXTm67mEWBK1agk=
-27,83,snhQMsDHnAn1/+rIBOBOrm2vgPM=,9Nr+lXZagFnUgQ8jILnGZQmrVD8=
-27,81,snhQMsDHnAn1/+rIBOBOrm2vgPM=,TBnSXMmotm9C6VjVvztrr4mA8XY=
-26,81,snhQMsDHnAn1/+rIBOBOrm2vgPM=,Zz6mXqUCyI6cNoxDQX2LrONRQ4s=
-26,82,snhQMsDHnAn1/+rIBOBOrm2vgPM=,s7odSSY9xsqJkrAUZ8T3/2EiI2w=
-27,82,snhQMsDHnAn1/+rIBOBOrm2vgPM=,9Nr+lXZagFnUgQ8jILnGZQmrVD8=
-28,86,snhQMsDHnAn1/+rIBOBOrm2vgPM=,uqBCS5ISK8HHZgA5pMfJ2aqG1pU=
-28,85,snhQMsDHnAn1/+rIBOBOrm2vgPM=,wO5N08MSbyljEXTm67mEWBK1agk=
-29,86,snhQMsDHnAn1/+rIBOBOrm2vgPM=,CaPal283MKj/LIWFPEgHgYgfTck=
-29,85,snhQMsDHnAn1/+rIBOBOrm2vgPM=,rp46tDRYP9Qb7LuVPO+bp8RfiHU=
-29,83,snhQMsDHnAn1/+rIBOBOrm2vgPM=,PkzJz38I6ETyXrIrG1FkLkBQYCs=
-28,83,snhQMsDHnAn1/+rIBOBOrm2vgPM=,9Nr+lXZagFnUgQ8jILnGZQmrVD8=
-28,84,snhQMsDHnAn1/+rIBOBOrm2vgPM=,wO5N08MSbyljEXTm67mEWBK1agk=
-29,84,snhQMsDHnAn1/+rIBOBOrm2vgPM=,rp46tDRYP9Qb7LuVPO+bp8RfiHU=
-29,81,snhQMsDHnAn1/+rIBOBOrm2vgPM=,PLsLrZ1iuNkwiTuhwbxCs2YWONM=
-28,81,snhQMsDHnAn1/+rIBOBOrm2vgPM=,TBnSXMmotm9C6VjVvztrr4mA8XY=
-28,82,snhQMsDHnAn1/+rIBOBOrm2vgPM=,9Nr+lXZagFnUgQ8jILnGZQmrVD8=
-29,82,snhQMsDHnAn1/+rIBOBOrm2vgPM=,PkzJz38I6ETyXrIrG1FkLkBQYCs=
-29,80,snhQMsDHnAn1/+rIBOBOrm2vgPM=,PLsLrZ1iuNkwiTuhwbxCs2YWONM=
-28,80,snhQMsDHnAn1/+rIBOBOrm2vgPM=,TBnSXMmotm9C6VjVvztrr4mA8XY=
-27,80,snhQMsDHnAn1/+rIBOBOrm2vgPM=,TBnSXMmotm9C6VjVvztrr4mA8XY=
-26,80,snhQMsDHnAn1/+rIBOBOrm2vgPM=,Zz6mXqUCyI6cNoxDQX2LrONRQ4s=
-24,80,snhQMsDHnAn1/+rIBOBOrm2vgPM=,KTQIVrJLaqh/36mDH30zOfyky3M=
-25,80,snhQMsDHnAn1/+rIBOBOrm2vgPM=,Zz6mXqUCyI6cNoxDQX2LrONRQ4s=
-22,80,snhQMsDHnAn1/+rIBOBOrm2vgPM=,rMyg+iawwOudl8gPhsD4gwL/dso=
-23,80,snhQMsDHnAn1/+rIBOBOrm2vgPM=,KTQIVrJLaqh/36mDH30zOfyky3M=
-21,80,snhQMsDHnAn1/+rIBOBOrm2vgPM=,rMyg+iawwOudl8gPhsD4gwL/dso=
-20,80,snhQMsDHnAn1/+rIBOBOrm2vgPM=,xtX78FKS0c90UVBErvXSMV0OtkQ=
-19,80,snhQMsDHnAn1/+rIBOBOrm2vgPM=,xtX78FKS0c90UVBErvXSMV0OtkQ=
-18,80,snhQMsDHnAn1/+rIBOBOrm2vgPM=,cd9ELIRrlkjhPDYW4yGXtdIZBNM=
-17,82,Ko/rzOgIv/CQyv/mTlYZ4xINH/k=,QnuuUxZab7TwxiyZsHbvUg4xVr0=
-17,81,Ko/rzOgIv/CQyv/mTlYZ4xINH/k=,cd9ELIRrlkjhPDYW4yGXtdIZBNM=
-17,83,Ko/rzOgIv/CQyv/mTlYZ4xINH/k=,QnuuUxZab7TwxiyZsHbvUg4xVr0=
-17,84,Ko/rzOgIv/CQyv/mTlYZ4xINH/k=,WHTSoHd9F8ZZf/RSMynEahHVWSw=
-17,85,Ko/rzOgIv/CQyv/mTlYZ4xINH/k=,WHTSoHd9F8ZZf/RSMynEahHVWSw=
-17,86,Ko/rzOgIv/CQyv/mTlYZ4xINH/k=,R2zxhoN/QCNoO6NxxT3zftTqt1c=
-17,87,Ko/rzOgIv/CQyv/mTlYZ4xINH/k=,R2zxhoN/QCNoO6NxxT3zftTqt1c=
-17,88,Ko/rzOgIv/CQyv/mTlYZ4xINH/k=,VCgKIQvvK8oZR8d12sgBVZjFNgc=
-17,90,Ko/rzOgIv/CQyv/mTlYZ4xINH/k=,dbiS7witIQzGoNdxo/Qu0UT+1TM=
-17,89,Ko/rzOgIv/CQyv/mTlYZ4xINH/k=,VCgKIQvvK8oZR8d12sgBVZjFNgc=
-17,92,Ko/rzOgIv/CQyv/mTlYZ4xINH/k=,+gJ/b7pF3LJ76nla0mQc6ogZ26M=
-17,91,Ko/rzOgIv/CQyv/mTlYZ4xINH/k=,dbiS7witIQzGoNdxo/Qu0UT+1TM=
-17,93,Ko/rzOgIv/CQyv/mTlYZ4xINH/k=,+gJ/b7pF3LJ76nla0mQc6ogZ26M=
-17,94,Ko/rzOgIv/CQyv/mTlYZ4xINH/k=,MWZgvqqkEJio2tTYUEyRWZij2sY=
-18,95,Ko/rzOgIv/CQyv/mTlYZ4xINH/k=,MWZgvqqkEJio2tTYUEyRWZij2sY=
-19,95,Ko/rzOgIv/CQyv/mTlYZ4xINH/k=,pknQbbviZKz+8vhn4fH18cmMpcA=
-20,95,Ko/rzOgIv/CQyv/mTlYZ4xINH/k=,pknQbbviZKz+8vhn4fH18cmMpcA=
-21,95,Ko/rzOgIv/CQyv/mTlYZ4xINH/k=,Q/915AC4H2gHqbJ5Y/uY0/7e4so=
-23,95,Ko/rzOgIv/CQyv/mTlYZ4xINH/k=,7Pt54dY+qNZ7J1442hbdwez5h+o=
-22,95,Ko/rzOgIv/CQyv/mTlYZ4xINH/k=,Q/915AC4H2gHqbJ5Y/uY0/7e4so=
-24,95,Ko/rzOgIv/CQyv/mTlYZ4xINH/k=,7Pt54dY+qNZ7J1442hbdwez5h+o=
-25,95,Ko/rzOgIv/CQyv/mTlYZ4xINH/k=,vfwgEJZxoPqeN6GUA4lnCGKifdg=
-27,95,Ko/rzOgIv/CQyv/mTlYZ4xINH/k=,TrRNGqGym6NNHYz24KI8N5rnqx0=
-26,95,Ko/rzOgIv/CQyv/mTlYZ4xINH/k=,vfwgEJZxoPqeN6GUA4lnCGKifdg=
-28,95,Ko/rzOgIv/CQyv/mTlYZ4xINH/k=,TrRNGqGym6NNHYz24KI8N5rnqx0=
-29,95,Ko/rzOgIv/CQyv/mTlYZ4xINH/k=,RAxWG3gwBOk8WUMDp+AJt/hUULk=
-30,85,Ko/rzOgIv/CQyv/mTlYZ4xINH/k=,rp46tDRYP9Qb7LuVPO+bp8RfiHU=
-32,86,Ko/rzOgIv/CQyv/mTlYZ4xINH/k=,iOULTbrBO+5wi/x1gB9PJpFoN2E=
-32,85,Ko/rzOgIv/CQyv/mTlYZ4xINH/k=,Rr3uZWKTX2l+GALvlhpnvTSFig0=
-30,86,Ko/rzOgIv/CQyv/mTlYZ4xINH/k=,CaPal283MKj/LIWFPEgHgYgfTck=
-31,86,Ko/rzOgIv/CQyv/mTlYZ4xINH/k=,iOULTbrBO+5wi/x1gB9PJpFoN2E=
-31,85,Ko/rzOgIv/CQyv/mTlYZ4xINH/k=,Rr3uZWKTX2l+GALvlhpnvTSFig0=
-31,84,Ko/rzOgIv/CQyv/mTlYZ4xINH/k=,Rr3uZWKTX2l+GALvlhpnvTSFig0=
-30,83,Ko/rzOgIv/CQyv/mTlYZ4xINH/k=,PkzJz38I6ETyXrIrG1FkLkBQYCs=
-32,84,Ko/rzOgIv/CQyv/mTlYZ4xINH/k=,Rr3uZWKTX2l+GALvlhpnvTSFig0=
-30,84,Ko/rzOgIv/CQyv/mTlYZ4xINH/k=,rp46tDRYP9Qb7LuVPO+bp8RfiHU=
-31,83,Ko/rzOgIv/CQyv/mTlYZ4xINH/k=,PowHL6KOk8HGhHGxi7WPJSoyDQ0=
-32,83,Ko/rzOgIv/CQyv/mTlYZ4xINH/k=,PowHL6KOk8HGhHGxi7WPJSoyDQ0=
-30,80,Ko/rzOgIv/CQyv/mTlYZ4xINH/k=,PLsLrZ1iuNkwiTuhwbxCs2YWONM=
-31,80,Ko/rzOgIv/CQyv/mTlYZ4xINH/k=,zpmfWs+YEMV4Frn6xCntjaqAVOk=
-30,81,Ko/rzOgIv/CQyv/mTlYZ4xINH/k=,PLsLrZ1iuNkwiTuhwbxCs2YWONM=
-31,81,Ko/rzOgIv/CQyv/mTlYZ4xINH/k=,zpmfWs+YEMV4Frn6xCntjaqAVOk=
-32,81,Ko/rzOgIv/CQyv/mTlYZ4xINH/k=,zpmfWs+YEMV4Frn6xCntjaqAVOk=
-30,82,Ko/rzOgIv/CQyv/mTlYZ4xINH/k=,PkzJz38I6ETyXrIrG1FkLkBQYCs=
-31,82,Ko/rzOgIv/CQyv/mTlYZ4xINH/k=,PowHL6KOk8HGhHGxi7WPJSoyDQ0=
-32,82,Ko/rzOgIv/CQyv/mTlYZ4xINH/k=,PowHL6KOk8HGhHGxi7WPJSoyDQ0=
-31,93,Ko/rzOgIv/CQyv/mTlYZ4xINH/k=,m5cm760Puj0B77cspEPDkowqNIg=
-31,94,Ko/rzOgIv/CQyv/mTlYZ4xINH/k=,5YFRUPqVw5hhMoGa1Ih51F2pEa4=
-30,93,Ko/rzOgIv/CQyv/mTlYZ4xINH/k=,/Of1txVAPGLz1mjZ43uT4LPipgc=
-30,94,Ko/rzOgIv/CQyv/mTlYZ4xINH/k=,RAxWG3gwBOk8WUMDp+AJt/hUULk=
-31,92,Ko/rzOgIv/CQyv/mTlYZ4xINH/k=,m5cm760Puj0B77cspEPDkowqNIg=
-32,91,Ko/rzOgIv/CQyv/mTlYZ4xINH/k=,jhUyoqnl2ruvUDjd0d0fynSmneY=
-31,91,Ko/rzOgIv/CQyv/mTlYZ4xINH/k=,jhUyoqnl2ruvUDjd0d0fynSmneY=
-32,92,Ko/rzOgIv/CQyv/mTlYZ4xINH/k=,m5cm760Puj0B77cspEPDkowqNIg=
-32,80,Ko/rzOgIv/CQyv/mTlYZ4xINH/k=,zpmfWs+YEMV4Frn6xCntjaqAVOk=
-30,92,Ko/rzOgIv/CQyv/mTlYZ4xINH/k=,/Of1txVAPGLz1mjZ43uT4LPipgc=
-30,91,Ko/rzOgIv/CQyv/mTlYZ4xINH/k=,U6UVeXrRMQ7IL+JWJoWAYBEltrk=
-32,94,Ko/rzOgIv/CQyv/mTlYZ4xINH/k=,5YFRUPqVw5hhMoGa1Ih51F2pEa4=
-17,95,Ko/rzOgIv/CQyv/mTlYZ4xINH/k=,MWZgvqqkEJio2tTYUEyRWZij2sY=
-17,80,Ko/rzOgIv/CQyv/mTlYZ4xINH/k=,cd9ELIRrlkjhPDYW4yGXtdIZBNM=
-30,95,Ko/rzOgIv/CQyv/mTlYZ4xINH/k=,RAxWG3gwBOk8WUMDp+AJt/hUULk=
-31,95,Ko/rzOgIv/CQyv/mTlYZ4xINH/k=,5YFRUPqVw5hhMoGa1Ih51F2pEa4=
-32,95,Ko/rzOgIv/CQyv/mTlYZ4xINH/k=,5YFRUPqVw5hhMoGa1Ih51F2pEa4=
-32,93,Ko/rzOgIv/CQyv/mTlYZ4xINH/k=,m5cm760Puj0B77cspEPDkowqNIg=
-32,88,Ko/rzOgIv/CQyv/mTlYZ4xINH/k=,NEv/JjuOQVmZLpYglR3CGOfudB0=
-31,89,Ko/rzOgIv/CQyv/mTlYZ4xINH/k=,NEv/JjuOQVmZLpYglR3CGOfudB0=
-30,89,Ko/rzOgIv/CQyv/mTlYZ4xINH/k=,0UMisx1peDrEO4kXn478UXi1UBg=
-32,87,Ko/rzOgIv/CQyv/mTlYZ4xINH/k=,iOULTbrBO+5wi/x1gB9PJpFoN2E=
-31,90,Ko/rzOgIv/CQyv/mTlYZ4xINH/k=,jhUyoqnl2ruvUDjd0d0fynSmneY=
-31,88,Ko/rzOgIv/CQyv/mTlYZ4xINH/k=,NEv/JjuOQVmZLpYglR3CGOfudB0=
-32,90,Ko/rzOgIv/CQyv/mTlYZ4xINH/k=,jhUyoqnl2ruvUDjd0d0fynSmneY=
-30,90,Ko/rzOgIv/CQyv/mTlYZ4xINH/k=,U6UVeXrRMQ7IL+JWJoWAYBEltrk=
-31,87,Ko/rzOgIv/CQyv/mTlYZ4xINH/k=,iOULTbrBO+5wi/x1gB9PJpFoN2E=
-32,89,Ko/rzOgIv/CQyv/mTlYZ4xINH/k=,NEv/JjuOQVmZLpYglR3CGOfudB0=
-30,87,Ko/rzOgIv/CQyv/mTlYZ4xINH/k=,CaPal283MKj/LIWFPEgHgYgfTck=
-30,88,Ko/rzOgIv/CQyv/mTlYZ4xINH/k=,0UMisx1peDrEO4kXn478UXi1UBg=
-23,85,Ko/rzOgIv/CQyv/mTlYZ4xINH/k=,STqLJhUa0ZPYrjB7Te7Qff7pSl8=
-21,83,Ko/rzOgIv/CQyv/mTlYZ4xINH/k=,jpfjnk0z+N8VFcG4dx5cjqU5gxs=
-20,84,Ko/rzOgIv/CQyv/mTlYZ4xINH/k=,wIGSqNpF+DiFprA3HEu72hyQbAc=
-20,83,Ko/rzOgIv/CQyv/mTlYZ4xINH/k=,wZf9DXFlkC0RNeqflcyc7HZhAMI=
-20,85,Ko/rzOgIv/CQyv/mTlYZ4xINH/k=,wIGSqNpF+DiFprA3HEu72hyQbAc=
-21,86,Ko/rzOgIv/CQyv/mTlYZ4xINH/k=,neItaFrkHBhn6mEeGLRuYV8VXcs=
-22,84,Ko/rzOgIv/CQyv/mTlYZ4xINH/k=,XfPEF1IipA4KPe6c7mfGV9dd+88=
-23,84,Ko/rzOgIv/CQyv/mTlYZ4xINH/k=,STqLJhUa0ZPYrjB7Te7Qff7pSl8=
-22,85,Ko/rzOgIv/CQyv/mTlYZ4xINH/k=,XfPEF1IipA4KPe6c7mfGV9dd+88=
-21,85,Ko/rzOgIv/CQyv/mTlYZ4xINH/k=,XfPEF1IipA4KPe6c7mfGV9dd+88=
-23,83,Ko/rzOgIv/CQyv/mTlYZ4xINH/k=,G07HmPY/pDvkTijC6Yd9cWwSNqM=
-22,83,Ko/rzOgIv/CQyv/mTlYZ4xINH/k=,jpfjnk0z+N8VFcG4dx5cjqU5gxs=
-22,86,Ko/rzOgIv/CQyv/mTlYZ4xINH/k=,neItaFrkHBhn6mEeGLRuYV8VXcs=
-20,86,Ko/rzOgIv/CQyv/mTlYZ4xINH/k=,W0CHL56UQKfJlRjpMoa/oQY8+Ws=
-21,84,Ko/rzOgIv/CQyv/mTlYZ4xINH/k=,XfPEF1IipA4KPe6c7mfGV9dd+88=
-23,86,Ko/rzOgIv/CQyv/mTlYZ4xINH/k=,w8TubZqZ/uTif+/B5MtGMfjwvmg=
-2,82,nGKF4JZQLstAaFumc5XSxHYiqyA=,87ymcauDYFMOouDecUqwbEoqppQ=
-3,82,nGKF4JZQLstAaFumc5XSxHYiqyA=,1bHi9U8NGroExtcDbjftDh455iQ=
-2,81,nGKF4JZQLstAaFumc5XSxHYiqyA=,F76ahPBsb+azFOl8+yEktjGXz2U=
-3,81,nGKF4JZQLstAaFumc5XSxHYiqyA=,YjpuyMF/sNF3WSEXbfLkLxbRFjI=
-2,83,nGKF4JZQLstAaFumc5XSxHYiqyA=,87ymcauDYFMOouDecUqwbEoqppQ=
-3,83,nGKF4JZQLstAaFumc5XSxHYiqyA=,1bHi9U8NGroExtcDbjftDh455iQ=
-3,84,nGKF4JZQLstAaFumc5XSxHYiqyA=,ipDz7Yg14PZmCRbqjRyoDf5SBK0=
-2,85,nGKF4JZQLstAaFumc5XSxHYiqyA=,hSdFCWHsMUsuHGVGCikzqEw6NUo=
-2,84,nGKF4JZQLstAaFumc5XSxHYiqyA=,hSdFCWHsMUsuHGVGCikzqEw6NUo=
-3,85,nGKF4JZQLstAaFumc5XSxHYiqyA=,ipDz7Yg14PZmCRbqjRyoDf5SBK0=
-2,86,nGKF4JZQLstAaFumc5XSxHYiqyA=,WU2ywNeAua9cyFKVnGjskxST87g=
-3,86,nGKF4JZQLstAaFumc5XSxHYiqyA=,UpD+3kerDPqGU5vDBiTcm6nVprc=
-4,88,rvsIWygttCNRpEbxPr0DbEKyqIw=,4Lua7QIo0KfCw8oJSQTzQMPK1Ac=
-4,87,rvsIWygttCNRpEbxPr0DbEKyqIw=,UpD+3kerDPqGU5vDBiTcm6nVprc=
-5,87,rvsIWygttCNRpEbxPr0DbEKyqIw=,JJKRjPfkgKbgZaUVK1253+I1k7Y=
-5,88,rvsIWygttCNRpEbxPr0DbEKyqIw=,vEM+q2YjODiZm8XhZNpV9hCwN2w=
-4,90,rvsIWygttCNRpEbxPr0DbEKyqIw=,0sRUBo4D1oKym+hYUg0wqgKouRc=
-2,91,rvsIWygttCNRpEbxPr0DbEKyqIw=,qJ3NZ4WUDIDYXM1JqXZMInkaiXA=
-4,89,rvsIWygttCNRpEbxPr0DbEKyqIw=,4Lua7QIo0KfCw8oJSQTzQMPK1Ac=
-5,89,rvsIWygttCNRpEbxPr0DbEKyqIw=,vEM+q2YjODiZm8XhZNpV9hCwN2w=
-3,91,rvsIWygttCNRpEbxPr0DbEKyqIw=,0sRUBo4D1oKym+hYUg0wqgKouRc=
-5,90,rvsIWygttCNRpEbxPr0DbEKyqIw=,qjkJqvAGRRTZOTPS6v7pj//GNck=
-3,92,rvsIWygttCNRpEbxPr0DbEKyqIw=,FlPl/yBuwxLnWPvmAg+BCbMA5lE=
-2,92,rvsIWygttCNRpEbxPr0DbEKyqIw=,bTUFtdq6Q5CkxYn0RVkapYhMAKY=
-4,91,rvsIWygttCNRpEbxPr0DbEKyqIw=,0sRUBo4D1oKym+hYUg0wqgKouRc=
-5,91,rvsIWygttCNRpEbxPr0DbEKyqIw=,qjkJqvAGRRTZOTPS6v7pj//GNck=
-4,92,rvsIWygttCNRpEbxPr0DbEKyqIw=,FlPl/yBuwxLnWPvmAg+BCbMA5lE=
-5,92,rvsIWygttCNRpEbxPr0DbEKyqIw=,IfckIUnyIbwl38tlU//zoMy4wnk=
-7,94,rvsIWygttCNRpEbxPr0DbEKyqIw=,BUtQ3OnFmGvWPo1E8i9eXYOqcis=
-6,94,rvsIWygttCNRpEbxPr0DbEKyqIw=,1ITABwRlfsgIE83Uxg+HIwy96Xs=
-6,93,rvsIWygttCNRpEbxPr0DbEKyqIw=,IfckIUnyIbwl38tlU//zoMy4wnk=
-7,93,rvsIWygttCNRpEbxPr0DbEKyqIw=,cMusnYRH/GgrhbSNXPjcS+c1JyI=
-8,94,oWdnX9KNe5iUrwprGeMtQ+Y40jg=,BUtQ3OnFmGvWPo1E8i9eXYOqcis=
-9,93,oWdnX9KNe5iUrwprGeMtQ+Y40jg=,k34YFcjZynO16rMbiYYV4rrUcjw=
-8,93,oWdnX9KNe5iUrwprGeMtQ+Y40jg=,cMusnYRH/GgrhbSNXPjcS+c1JyI=
-9,94,oWdnX9KNe5iUrwprGeMtQ+Y40jg=,t+xmoxIOL+0AREnbhUIAGK3a1oo=
-9,92,oWdnX9KNe5iUrwprGeMtQ+Y40jg=,k34YFcjZynO16rMbiYYV4rrUcjw=
-7,91,oWdnX9KNe5iUrwprGeMtQ+Y40jg=,zApY2+UswX3NFvGwqjmdmFWJzmo=
-6,91,oWdnX9KNe5iUrwprGeMtQ+Y40jg=,qjkJqvAGRRTZOTPS6v7pj//GNck=
-9,91,oWdnX9KNe5iUrwprGeMtQ+Y40jg=,JA8X0oSFacya5WGjOinUSJZ961E=
-8,92,oWdnX9KNe5iUrwprGeMtQ+Y40jg=,cMusnYRH/GgrhbSNXPjcS+c1JyI=
-8,91,oWdnX9KNe5iUrwprGeMtQ+Y40jg=,zApY2+UswX3NFvGwqjmdmFWJzmo=
-6,92,oWdnX9KNe5iUrwprGeMtQ+Y40jg=,IfckIUnyIbwl38tlU//zoMy4wnk=
-7,92,oWdnX9KNe5iUrwprGeMtQ+Y40jg=,cMusnYRH/GgrhbSNXPjcS+c1JyI=
-10,91,oWdnX9KNe5iUrwprGeMtQ+Y40jg=,JA8X0oSFacya5WGjOinUSJZ961E=
-10,92,oWdnX9KNe5iUrwprGeMtQ+Y40jg=,k34YFcjZynO16rMbiYYV4rrUcjw=
-11,91,oWdnX9KNe5iUrwprGeMtQ+Y40jg=,ORUBibqCwMvVVGDLAmFRAj2LJqM=
-11,92,oWdnX9KNe5iUrwprGeMtQ+Y40jg=,zhFYNgrTRRNYQ8VmfVmcQqZ/FwI=
-10,90,oWdnX9KNe5iUrwprGeMtQ+Y40jg=,JA8X0oSFacya5WGjOinUSJZ961E=
-11,90,oWdnX9KNe5iUrwprGeMtQ+Y40jg=,ORUBibqCwMvVVGDLAmFRAj2LJqM=
-10,89,oWdnX9KNe5iUrwprGeMtQ+Y40jg=,4c1lAqWxGBn6L0U/qXnkF2nA1dg=
-11,89,oWdnX9KNe5iUrwprGeMtQ+Y40jg=,2iG4WqVeYXfpPIf/mH5blhFOaLc=
-10,88,hIbM5eJuQ1leKQIxIuQvDaYxp44=,4c1lAqWxGBn6L0U/qXnkF2nA1dg=
-11,88,hIbM5eJuQ1leKQIxIuQvDaYxp44=,2iG4WqVeYXfpPIf/mH5blhFOaLc=
-11,87,hIbM5eJuQ1leKQIxIuQvDaYxp44=,astDOgbiDv1WvEbuC50SFh6rEs0=
-10,87,hIbM5eJuQ1leKQIxIuQvDaYxp44=,HNctHnJ9rxzwa7K+tjJhbYeY4Mc=
-13,85,hIbM5eJuQ1leKQIxIuQvDaYxp44=,Gw8HNroFEs31HZmt1Ti39nAwxHY=
-12,85,hIbM5eJuQ1leKQIxIuQvDaYxp44=,eWkGBROMdGY5FFPnmrUARg+9Qso=
-12,86,hIbM5eJuQ1leKQIxIuQvDaYxp44=,astDOgbiDv1WvEbuC50SFh6rEs0=
-13,86,hIbM5eJuQ1leKQIxIuQvDaYxp44=,YHp0mfiZv/CSOuGYkbh14BphG4w=
-15,85,hIbM5eJuQ1leKQIxIuQvDaYxp44=,peOLMMU2fjW4wNpytkg+e3ooaV4=
-14,85,hIbM5eJuQ1leKQIxIuQvDaYxp44=,Gw8HNroFEs31HZmt1Ti39nAwxHY=
-14,86,hIbM5eJuQ1leKQIxIuQvDaYxp44=,YHp0mfiZv/CSOuGYkbh14BphG4w=
-15,86,hIbM5eJuQ1leKQIxIuQvDaYxp44=,TLHRU0WgZv6nXB0t9Ja3EyaJoTY=
-13,83,bsF9ihNte+ctqxl1FPQX0l4tOBc=,GTItMxoblyiMmsvOiWJlz+KBgZU=
-14,83,bsF9ihNte+ctqxl1FPQX0l4tOBc=,GTItMxoblyiMmsvOiWJlz+KBgZU=
-15,83,bsF9ihNte+ctqxl1FPQX0l4tOBc=,Siz67eTcfW/qER3oE/DVT8ZkiRM=
-12,84,bsF9ihNte+ctqxl1FPQX0l4tOBc=,eWkGBROMdGY5FFPnmrUARg+9Qso=
-15,84,bsF9ihNte+ctqxl1FPQX0l4tOBc=,peOLMMU2fjW4wNpytkg+e3ooaV4=
-14,84,bsF9ihNte+ctqxl1FPQX0l4tOBc=,Gw8HNroFEs31HZmt1Ti39nAwxHY=
-13,84,bsF9ihNte+ctqxl1FPQX0l4tOBc=,Gw8HNroFEs31HZmt1Ti39nAwxHY=
-12,83,bsF9ihNte+ctqxl1FPQX0l4tOBc=,Q/quSdhl8JpJSNRzvfvN6rz3s4I=
-13,82,bsF9ihNte+ctqxl1FPQX0l4tOBc=,GTItMxoblyiMmsvOiWJlz+KBgZU=
-12,82,bsF9ihNte+ctqxl1FPQX0l4tOBc=,Q/quSdhl8JpJSNRzvfvN6rz3s4I=
-13,81,bsF9ihNte+ctqxl1FPQX0l4tOBc=,j+Xz0qOqYTMK0VCrv5ZrqJ7dL2k=
-12,81,bsF9ihNte+ctqxl1FPQX0l4tOBc=,83MBId3ZU2hCCGU+IK5w6PFbnWM=
-14,81,bsF9ihNte+ctqxl1FPQX0l4tOBc=,j+Xz0qOqYTMK0VCrv5ZrqJ7dL2k=
-15,82,bsF9ihNte+ctqxl1FPQX0l4tOBc=,Siz67eTcfW/qER3oE/DVT8ZkiRM=
-14,82,bsF9ihNte+ctqxl1FPQX0l4tOBc=,GTItMxoblyiMmsvOiWJlz+KBgZU=
-15,81,bsF9ihNte+ctqxl1FPQX0l4tOBc=,JbuSFi6PRw+GzS19F7PG6cBvQC0=
-11,82,85J2ZqzyVwBaBEXSh6Qs4Ejlfds=,Q/quSdhl8JpJSNRzvfvN6rz3s4I=
-10,82,85J2ZqzyVwBaBEXSh6Qs4Ejlfds=,jRtu9ILZJ5RMxxt71cpNi7IDPJM=
-11,81,85J2ZqzyVwBaBEXSh6Qs4Ejlfds=,83MBId3ZU2hCCGU+IK5w6PFbnWM=
-10,81,85J2ZqzyVwBaBEXSh6Qs4Ejlfds=,D0fBAzadJXLHdNQa8xtHXgLM/kw=
-10,83,85J2ZqzyVwBaBEXSh6Qs4Ejlfds=,jRtu9ILZJ5RMxxt71cpNi7IDPJM=
-11,83,85J2ZqzyVwBaBEXSh6Qs4Ejlfds=,Q/quSdhl8JpJSNRzvfvN6rz3s4I=
-10,84,85J2ZqzyVwBaBEXSh6Qs4Ejlfds=,PxF2geXuiAh2/qwVlTjElwSCb3Y=
-11,84,85J2ZqzyVwBaBEXSh6Qs4Ejlfds=,eWkGBROMdGY5FFPnmrUARg+9Qso=
-10,85,85J2ZqzyVwBaBEXSh6Qs4Ejlfds=,PxF2geXuiAh2/qwVlTjElwSCb3Y=
-11,85,85J2ZqzyVwBaBEXSh6Qs4Ejlfds=,eWkGBROMdGY5FFPnmrUARg+9Qso=
-10,86,85J2ZqzyVwBaBEXSh6Qs4Ejlfds=,HNctHnJ9rxzwa7K+tjJhbYeY4Mc=
-11,86,85J2ZqzyVwBaBEXSh6Qs4Ejlfds=,astDOgbiDv1WvEbuC50SFh6rEs0=
-9,83,85J2ZqzyVwBaBEXSh6Qs4Ejlfds=,jRtu9ILZJ5RMxxt71cpNi7IDPJM=
-9,84,85J2ZqzyVwBaBEXSh6Qs4Ejlfds=,PxF2geXuiAh2/qwVlTjElwSCb3Y=
-8,83,85J2ZqzyVwBaBEXSh6Qs4Ejlfds=,chcygj/38Bq7Xnc282rDUtiAoqw=
-8,84,85J2ZqzyVwBaBEXSh6Qs4Ejlfds=,TY/Z/V3JuDsWZuDabeDUzbEAbsM=
-5,86,85J2ZqzyVwBaBEXSh6Qs4Ejlfds=,JJKRjPfkgKbgZaUVK1253+I1k7Y=
-4,85,85J2ZqzyVwBaBEXSh6Qs4Ejlfds=,ipDz7Yg14PZmCRbqjRyoDf5SBK0=
-4,86,85J2ZqzyVwBaBEXSh6Qs4Ejlfds=,UpD+3kerDPqGU5vDBiTcm6nVprc=
-5,85,85J2ZqzyVwBaBEXSh6Qs4Ejlfds=,Cbq3/H3tvEHUj1P7nwOMvJocf/0=
-6,84,85J2ZqzyVwBaBEXSh6Qs4Ejlfds=,Cbq3/H3tvEHUj1P7nwOMvJocf/0=
-7,84,85J2ZqzyVwBaBEXSh6Qs4Ejlfds=,TY/Z/V3JuDsWZuDabeDUzbEAbsM=
-4,83,85J2ZqzyVwBaBEXSh6Qs4Ejlfds=,1bHi9U8NGroExtcDbjftDh455iQ=
-5,84,85J2ZqzyVwBaBEXSh6Qs4Ejlfds=,Cbq3/H3tvEHUj1P7nwOMvJocf/0=
-4,84,85J2ZqzyVwBaBEXSh6Qs4Ejlfds=,ipDz7Yg14PZmCRbqjRyoDf5SBK0=
-7,83,85J2ZqzyVwBaBEXSh6Qs4Ejlfds=,chcygj/38Bq7Xnc282rDUtiAoqw=
-5,83,85J2ZqzyVwBaBEXSh6Qs4Ejlfds=,ELuRfLkh08pssbXDzgT4afcqUac=
-6,83,85J2ZqzyVwBaBEXSh6Qs4Ejlfds=,ELuRfLkh08pssbXDzgT4afcqUac=
-5,81,azAxSf3PcsYFicaYn8ux7rpcpc4=,PuMwX+rQscBpRRZibWP/cmx1tXs=
-4,81,azAxSf3PcsYFicaYn8ux7rpcpc4=,YjpuyMF/sNF3WSEXbfLkLxbRFjI=
-5,82,azAxSf3PcsYFicaYn8ux7rpcpc4=,ELuRfLkh08pssbXDzgT4afcqUac=
-4,82,azAxSf3PcsYFicaYn8ux7rpcpc4=,1bHi9U8NGroExtcDbjftDh455iQ=
-6,85,azAxSf3PcsYFicaYn8ux7rpcpc4=,Cbq3/H3tvEHUj1P7nwOMvJocf/0=
-7,85,azAxSf3PcsYFicaYn8ux7rpcpc4=,TY/Z/V3JuDsWZuDabeDUzbEAbsM=
-9,85,azAxSf3PcsYFicaYn8ux7rpcpc4=,PxF2geXuiAh2/qwVlTjElwSCb3Y=
-8,85,azAxSf3PcsYFicaYn8ux7rpcpc4=,TY/Z/V3JuDsWZuDabeDUzbEAbsM=
-8,86,azAxSf3PcsYFicaYn8ux7rpcpc4=,ANL6/oIGVlnLnFsov2HMTa1sNxw=
-6,86,azAxSf3PcsYFicaYn8ux7rpcpc4=,JJKRjPfkgKbgZaUVK1253+I1k7Y=
-7,86,azAxSf3PcsYFicaYn8ux7rpcpc4=,ANL6/oIGVlnLnFsov2HMTa1sNxw=
-9,86,azAxSf3PcsYFicaYn8ux7rpcpc4=,HNctHnJ9rxzwa7K+tjJhbYeY4Mc=
-6,87,azAxSf3PcsYFicaYn8ux7rpcpc4=,JJKRjPfkgKbgZaUVK1253+I1k7Y=
-4,80,azAxSf3PcsYFicaYn8ux7rpcpc4=,YjpuyMF/sNF3WSEXbfLkLxbRFjI=
-9,89,azAxSf3PcsYFicaYn8ux7rpcpc4=,4c1lAqWxGBn6L0U/qXnkF2nA1dg=
-7,90,azAxSf3PcsYFicaYn8ux7rpcpc4=,zApY2+UswX3NFvGwqjmdmFWJzmo=
-9,87,azAxSf3PcsYFicaYn8ux7rpcpc4=,HNctHnJ9rxzwa7K+tjJhbYeY4Mc=
-8,87,azAxSf3PcsYFicaYn8ux7rpcpc4=,ANL6/oIGVlnLnFsov2HMTa1sNxw=
-8,90,azAxSf3PcsYFicaYn8ux7rpcpc4=,zApY2+UswX3NFvGwqjmdmFWJzmo=
-6,88,azAxSf3PcsYFicaYn8ux7rpcpc4=,vEM+q2YjODiZm8XhZNpV9hCwN2w=
-7,87,azAxSf3PcsYFicaYn8ux7rpcpc4=,ANL6/oIGVlnLnFsov2HMTa1sNxw=
-6,89,azAxSf3PcsYFicaYn8ux7rpcpc4=,vEM+q2YjODiZm8XhZNpV9hCwN2w=
-5,80,azAxSf3PcsYFicaYn8ux7rpcpc4=,PuMwX+rQscBpRRZibWP/cmx1tXs=
-9,88,azAxSf3PcsYFicaYn8ux7rpcpc4=,4c1lAqWxGBn6L0U/qXnkF2nA1dg=
-9,90,azAxSf3PcsYFicaYn8ux7rpcpc4=,JA8X0oSFacya5WGjOinUSJZ961E=
-6,90,azAxSf3PcsYFicaYn8ux7rpcpc4=,qjkJqvAGRRTZOTPS6v7pj//GNck=
-7,89,azAxSf3PcsYFicaYn8ux7rpcpc4=,onXU1hCU41s4FRsU1hnbG54HTkw=
-8,89,azAxSf3PcsYFicaYn8ux7rpcpc4=,onXU1hCU41s4FRsU1hnbG54HTkw=
-8,88,azAxSf3PcsYFicaYn8ux7rpcpc4=,onXU1hCU41s4FRsU1hnbG54HTkw=
-7,88,azAxSf3PcsYFicaYn8ux7rpcpc4=,onXU1hCU41s4FRsU1hnbG54HTkw=
-8,82,azAxSf3PcsYFicaYn8ux7rpcpc4=,chcygj/38Bq7Xnc282rDUtiAoqw=
-10,80,azAxSf3PcsYFicaYn8ux7rpcpc4=,D0fBAzadJXLHdNQa8xtHXgLM/kw=
-15,80,azAxSf3PcsYFicaYn8ux7rpcpc4=,JbuSFi6PRw+GzS19F7PG6cBvQC0=
-13,80,azAxSf3PcsYFicaYn8ux7rpcpc4=,j+Xz0qOqYTMK0VCrv5ZrqJ7dL2k=
-14,80,azAxSf3PcsYFicaYn8ux7rpcpc4=,j+Xz0qOqYTMK0VCrv5ZrqJ7dL2k=
-6,81,azAxSf3PcsYFicaYn8ux7rpcpc4=,PuMwX+rQscBpRRZibWP/cmx1tXs=
-6,80,azAxSf3PcsYFicaYn8ux7rpcpc4=,PuMwX+rQscBpRRZibWP/cmx1tXs=
-12,80,azAxSf3PcsYFicaYn8ux7rpcpc4=,83MBId3ZU2hCCGU+IK5w6PFbnWM=
-7,80,azAxSf3PcsYFicaYn8ux7rpcpc4=,IH+QTq+W/Extf5pad41y5uKDX6g=
-9,80,azAxSf3PcsYFicaYn8ux7rpcpc4=,D0fBAzadJXLHdNQa8xtHXgLM/kw=
-7,82,azAxSf3PcsYFicaYn8ux7rpcpc4=,chcygj/38Bq7Xnc282rDUtiAoqw=
-9,82,azAxSf3PcsYFicaYn8ux7rpcpc4=,jRtu9ILZJ5RMxxt71cpNi7IDPJM=
-11,80,azAxSf3PcsYFicaYn8ux7rpcpc4=,83MBId3ZU2hCCGU+IK5w6PFbnWM=
-6,82,azAxSf3PcsYFicaYn8ux7rpcpc4=,ELuRfLkh08pssbXDzgT4afcqUac=
-9,81,azAxSf3PcsYFicaYn8ux7rpcpc4=,D0fBAzadJXLHdNQa8xtHXgLM/kw=
-16,82,azAxSf3PcsYFicaYn8ux7rpcpc4=,Siz67eTcfW/qER3oE/DVT8ZkiRM=
-7,81,azAxSf3PcsYFicaYn8ux7rpcpc4=,IH+QTq+W/Extf5pad41y5uKDX6g=
-16,81,azAxSf3PcsYFicaYn8ux7rpcpc4=,JbuSFi6PRw+GzS19F7PG6cBvQC0=
-8,81,azAxSf3PcsYFicaYn8ux7rpcpc4=,IH+QTq+W/Extf5pad41y5uKDX6g=
-16,83,azAxSf3PcsYFicaYn8ux7rpcpc4=,Siz67eTcfW/qER3oE/DVT8ZkiRM=
-8,80,azAxSf3PcsYFicaYn8ux7rpcpc4=,IH+QTq+W/Extf5pad41y5uKDX6g=
-16,86,azAxSf3PcsYFicaYn8ux7rpcpc4=,TLHRU0WgZv6nXB0t9Ja3EyaJoTY=
-16,84,azAxSf3PcsYFicaYn8ux7rpcpc4=,peOLMMU2fjW4wNpytkg+e3ooaV4=
-16,85,azAxSf3PcsYFicaYn8ux7rpcpc4=,peOLMMU2fjW4wNpytkg+e3ooaV4=
-13,89,azAxSf3PcsYFicaYn8ux7rpcpc4=,JZnZw4829uFbQmucoSXYdXHJ+4M=
-13,87,azAxSf3PcsYFicaYn8ux7rpcpc4=,YHp0mfiZv/CSOuGYkbh14BphG4w=
-15,90,azAxSf3PcsYFicaYn8ux7rpcpc4=,mPoRZI+hqS+Bn0MY0fzRC+polJk=
-15,87,azAxSf3PcsYFicaYn8ux7rpcpc4=,TLHRU0WgZv6nXB0t9Ja3EyaJoTY=
-14,88,azAxSf3PcsYFicaYn8ux7rpcpc4=,JZnZw4829uFbQmucoSXYdXHJ+4M=
-14,87,azAxSf3PcsYFicaYn8ux7rpcpc4=,YHp0mfiZv/CSOuGYkbh14BphG4w=
-15,89,azAxSf3PcsYFicaYn8ux7rpcpc4=,eiQPMOknucpukMSbUonHZCCEYHw=
-15,88,azAxSf3PcsYFicaYn8ux7rpcpc4=,eiQPMOknucpukMSbUonHZCCEYHw=
-12,87,azAxSf3PcsYFicaYn8ux7rpcpc4=,astDOgbiDv1WvEbuC50SFh6rEs0=
-12,89,azAxSf3PcsYFicaYn8ux7rpcpc4=,2iG4WqVeYXfpPIf/mH5blhFOaLc=
-12,90,azAxSf3PcsYFicaYn8ux7rpcpc4=,ORUBibqCwMvVVGDLAmFRAj2LJqM=
-14,89,azAxSf3PcsYFicaYn8ux7rpcpc4=,JZnZw4829uFbQmucoSXYdXHJ+4M=
-13,88,azAxSf3PcsYFicaYn8ux7rpcpc4=,JZnZw4829uFbQmucoSXYdXHJ+4M=
-12,88,azAxSf3PcsYFicaYn8ux7rpcpc4=,2iG4WqVeYXfpPIf/mH5blhFOaLc=
-13,90,azAxSf3PcsYFicaYn8ux7rpcpc4=,tLW5ZyaPhZLOyWI4K0F874BmeRg=
-14,90,azAxSf3PcsYFicaYn8ux7rpcpc4=,tLW5ZyaPhZLOyWI4K0F874BmeRg=
-12,91,CSkCw4K65PG4dcabzldrZmpdpOs=,ORUBibqCwMvVVGDLAmFRAj2LJqM=
-13,92,CSkCw4K65PG4dcabzldrZmpdpOs=,OiUIZDPAlUNSbsGH0wFLv5jwkCA=
-13,91,CSkCw4K65PG4dcabzldrZmpdpOs=,tLW5ZyaPhZLOyWI4K0F874BmeRg=
-12,92,CSkCw4K65PG4dcabzldrZmpdpOs=,zhFYNgrTRRNYQ8VmfVmcQqZ/FwI=
-15,92,CSkCw4K65PG4dcabzldrZmpdpOs=,XtvXqJPNTK1GQ9RSPNZhdmhHIQE=
-14,94,CSkCw4K65PG4dcabzldrZmpdpOs=,J9EpLDgIWu0CnDmL3ViGNXLvMM0=
-14,92,CSkCw4K65PG4dcabzldrZmpdpOs=,OiUIZDPAlUNSbsGH0wFLv5jwkCA=
-15,93,CSkCw4K65PG4dcabzldrZmpdpOs=,XtvXqJPNTK1GQ9RSPNZhdmhHIQE=
-14,93,CSkCw4K65PG4dcabzldrZmpdpOs=,OiUIZDPAlUNSbsGH0wFLv5jwkCA=
-15,91,CSkCw4K65PG4dcabzldrZmpdpOs=,mPoRZI+hqS+Bn0MY0fzRC+polJk=
-14,91,CSkCw4K65PG4dcabzldrZmpdpOs=,tLW5ZyaPhZLOyWI4K0F874BmeRg=
-15,94,CSkCw4K65PG4dcabzldrZmpdpOs=,HcPpdopQAj8KKzSSX5KRG4372lA=
-8,95,CSkCw4K65PG4dcabzldrZmpdpOs=,BUtQ3OnFmGvWPo1E8i9eXYOqcis=
-6,95,CSkCw4K65PG4dcabzldrZmpdpOs=,1ITABwRlfsgIE83Uxg+HIwy96Xs=
-7,95,CSkCw4K65PG4dcabzldrZmpdpOs=,BUtQ3OnFmGvWPo1E8i9eXYOqcis=
-9,95,CSkCw4K65PG4dcabzldrZmpdpOs=,t+xmoxIOL+0AREnbhUIAGK3a1oo=
-1,91,CSkCw4K65PG4dcabzldrZmpdpOs=,qJ3NZ4WUDIDYXM1JqXZMInkaiXA=
-1,92,CSkCw4K65PG4dcabzldrZmpdpOs=,bTUFtdq6Q5CkxYn0RVkapYhMAKY=
-13,93,CSkCw4K65PG4dcabzldrZmpdpOs=,OiUIZDPAlUNSbsGH0wFLv5jwkCA=
-10,95,CSkCw4K65PG4dcabzldrZmpdpOs=,t+xmoxIOL+0AREnbhUIAGK3a1oo=
-13,94,CSkCw4K65PG4dcabzldrZmpdpOs=,J9EpLDgIWu0CnDmL3ViGNXLvMM0=
-12,94,CSkCw4K65PG4dcabzldrZmpdpOs=,shQCLNKYAGklsGdrWtzDs0O+hcs=
-11,94,CSkCw4K65PG4dcabzldrZmpdpOs=,shQCLNKYAGklsGdrWtzDs0O+hcs=
-11,95,CSkCw4K65PG4dcabzldrZmpdpOs=,shQCLNKYAGklsGdrWtzDs0O+hcs=
-10,94,CSkCw4K65PG4dcabzldrZmpdpOs=,t+xmoxIOL+0AREnbhUIAGK3a1oo=
-10,93,CSkCw4K65PG4dcabzldrZmpdpOs=,k34YFcjZynO16rMbiYYV4rrUcjw=
-11,93,CSkCw4K65PG4dcabzldrZmpdpOs=,zhFYNgrTRRNYQ8VmfVmcQqZ/FwI=
-12,93,CSkCw4K65PG4dcabzldrZmpdpOs=,zhFYNgrTRRNYQ8VmfVmcQqZ/FwI=
-5,93,CSkCw4K65PG4dcabzldrZmpdpOs=,IfckIUnyIbwl38tlU//zoMy4wnk=
-4,95,CSkCw4K65PG4dcabzldrZmpdpOs=,IQr1eaqZMHI84BfTRgwA4HKJ02w=
-5,94,CSkCw4K65PG4dcabzldrZmpdpOs=,1ITABwRlfsgIE83Uxg+HIwy96Xs=
-4,93,CSkCw4K65PG4dcabzldrZmpdpOs=,FlPl/yBuwxLnWPvmAg+BCbMA5lE=
-2,93,CSkCw4K65PG4dcabzldrZmpdpOs=,bTUFtdq6Q5CkxYn0RVkapYhMAKY=
-2,94,CSkCw4K65PG4dcabzldrZmpdpOs=,6m+622U/hFEoLbXU107f9+WVlrg=
-5,95,CSkCw4K65PG4dcabzldrZmpdpOs=,1ITABwRlfsgIE83Uxg+HIwy96Xs=
-3,93,CSkCw4K65PG4dcabzldrZmpdpOs=,FlPl/yBuwxLnWPvmAg+BCbMA5lE=
-1,94,CSkCw4K65PG4dcabzldrZmpdpOs=,6m+622U/hFEoLbXU107f9+WVlrg=
-1,93,CSkCw4K65PG4dcabzldrZmpdpOs=,bTUFtdq6Q5CkxYn0RVkapYhMAKY=
-2,95,CSkCw4K65PG4dcabzldrZmpdpOs=,6m+622U/hFEoLbXU107f9+WVlrg=
-4,94,CSkCw4K65PG4dcabzldrZmpdpOs=,IQr1eaqZMHI84BfTRgwA4HKJ02w=
-3,94,CSkCw4K65PG4dcabzldrZmpdpOs=,IQr1eaqZMHI84BfTRgwA4HKJ02w=
-3,95,CSkCw4K65PG4dcabzldrZmpdpOs=,IQr1eaqZMHI84BfTRgwA4HKJ02w=
-1,85,CSkCw4K65PG4dcabzldrZmpdpOs=,hSdFCWHsMUsuHGVGCikzqEw6NUo=
-1,86,CSkCw4K65PG4dcabzldrZmpdpOs=,WU2ywNeAua9cyFKVnGjskxST87g=
-1,83,CSkCw4K65PG4dcabzldrZmpdpOs=,87ymcauDYFMOouDecUqwbEoqppQ=
-1,84,CSkCw4K65PG4dcabzldrZmpdpOs=,hSdFCWHsMUsuHGVGCikzqEw6NUo=
-1,82,CSkCw4K65PG4dcabzldrZmpdpOs=,87ymcauDYFMOouDecUqwbEoqppQ=
-1,81,CSkCw4K65PG4dcabzldrZmpdpOs=,F76ahPBsb+azFOl8+yEktjGXz2U=
-3,80,CSkCw4K65PG4dcabzldrZmpdpOs=,YjpuyMF/sNF3WSEXbfLkLxbRFjI=
-1,95,CSkCw4K65PG4dcabzldrZmpdpOs=,6m+622U/hFEoLbXU107f9+WVlrg=
-2,80,CSkCw4K65PG4dcabzldrZmpdpOs=,F76ahPBsb+azFOl8+yEktjGXz2U=
-1,80,CSkCw4K65PG4dcabzldrZmpdpOs=,F76ahPBsb+azFOl8+yEktjGXz2U=
-15,95,CSkCw4K65PG4dcabzldrZmpdpOs=,HcPpdopQAj8KKzSSX5KRG4372lA=
-13,95,CSkCw4K65PG4dcabzldrZmpdpOs=,J9EpLDgIWu0CnDmL3ViGNXLvMM0=
-16,80,CSkCw4K65PG4dcabzldrZmpdpOs=,JbuSFi6PRw+GzS19F7PG6cBvQC0=
-14,95,CSkCw4K65PG4dcabzldrZmpdpOs=,J9EpLDgIWu0CnDmL3ViGNXLvMM0=
-12,95,CSkCw4K65PG4dcabzldrZmpdpOs=,shQCLNKYAGklsGdrWtzDs0O+hcs=
-16,94,CSkCw4K65PG4dcabzldrZmpdpOs=,HcPpdopQAj8KKzSSX5KRG4372lA=
-16,93,CSkCw4K65PG4dcabzldrZmpdpOs=,XtvXqJPNTK1GQ9RSPNZhdmhHIQE=
-16,95,CSkCw4K65PG4dcabzldrZmpdpOs=,HcPpdopQAj8KKzSSX5KRG4372lA=
-16,88,CSkCw4K65PG4dcabzldrZmpdpOs=,eiQPMOknucpukMSbUonHZCCEYHw=
-16,91,CSkCw4K65PG4dcabzldrZmpdpOs=,mPoRZI+hqS+Bn0MY0fzRC+polJk=
-16,90,CSkCw4K65PG4dcabzldrZmpdpOs=,mPoRZI+hqS+Bn0MY0fzRC+polJk=
-16,92,CSkCw4K65PG4dcabzldrZmpdpOs=,XtvXqJPNTK1GQ9RSPNZhdmhHIQE=
-16,89,CSkCw4K65PG4dcabzldrZmpdpOs=,eiQPMOknucpukMSbUonHZCCEYHw=
-16,87,CSkCw4K65PG4dcabzldrZmpdpOs=,TLHRU0WgZv6nXB0t9Ja3EyaJoTY=
-3,90,CSkCw4K65PG4dcabzldrZmpdpOs=,0sRUBo4D1oKym+hYUg0wqgKouRc=
-2,90,CSkCw4K65PG4dcabzldrZmpdpOs=,qJ3NZ4WUDIDYXM1JqXZMInkaiXA=
-1,90,CSkCw4K65PG4dcabzldrZmpdpOs=,qJ3NZ4WUDIDYXM1JqXZMInkaiXA=
-1,87,CSkCw4K65PG4dcabzldrZmpdpOs=,WU2ywNeAua9cyFKVnGjskxST87g=
-3,87,CSkCw4K65PG4dcabzldrZmpdpOs=,UpD+3kerDPqGU5vDBiTcm6nVprc=
-2,87,CSkCw4K65PG4dcabzldrZmpdpOs=,WU2ywNeAua9cyFKVnGjskxST87g=
-3,89,CSkCw4K65PG4dcabzldrZmpdpOs=,4Lua7QIo0KfCw8oJSQTzQMPK1Ac=
-2,89,CSkCw4K65PG4dcabzldrZmpdpOs=,/d1ZHkEjku15+59Y3sjwc+FXkow=
-1,88,CSkCw4K65PG4dcabzldrZmpdpOs=,/d1ZHkEjku15+59Y3sjwc+FXkow=
-1,89,CSkCw4K65PG4dcabzldrZmpdpOs=,/d1ZHkEjku15+59Y3sjwc+FXkow=
-3,88,CSkCw4K65PG4dcabzldrZmpdpOs=,4Lua7QIo0KfCw8oJSQTzQMPK1Ac=
-2,88,CSkCw4K65PG4dcabzldrZmpdpOs=,/d1ZHkEjku15+59Y3sjwc+FXkow=
-15,73,NiVoxFvdy6lSD7VpLAwmdLaxU30=,h/p2tfnfem8lH7Jke/2rFbX8h1s=
-14,74,NiVoxFvdy6lSD7VpLAwmdLaxU30=,ELLOyMyn1WlDVXVkYAPg6Msglqk=
-15,74,NiVoxFvdy6lSD7VpLAwmdLaxU30=,lBH9jYqkbVyHalLUPG0EyDbXL0s=
-14,73,NiVoxFvdy6lSD7VpLAwmdLaxU30=,Ov8AX00mFcQ5J+vfIBu2yWmtX2E=
-13,73,NiVoxFvdy6lSD7VpLAwmdLaxU30=,Ov8AX00mFcQ5J+vfIBu2yWmtX2E=
-13,74,NiVoxFvdy6lSD7VpLAwmdLaxU30=,ELLOyMyn1WlDVXVkYAPg6Msglqk=
-12,74,NiVoxFvdy6lSD7VpLAwmdLaxU30=,B3SRDmqE4VXQfKrwglGtrddW0Fo=
-12,73,NiVoxFvdy6lSD7VpLAwmdLaxU30=,zRimPIM05qBKWw3h5SPm2e8sl24=
-11,72,NiVoxFvdy6lSD7VpLAwmdLaxU30=,zRimPIM05qBKWw3h5SPm2e8sl24=
-11,71,NiVoxFvdy6lSD7VpLAwmdLaxU30=,WvSzkz1OBFUNJ6J0YVNiFGrSG/M=
-11,73,NiVoxFvdy6lSD7VpLAwmdLaxU30=,zRimPIM05qBKWw3h5SPm2e8sl24=
-10,72,NiVoxFvdy6lSD7VpLAwmdLaxU30=,5QrTWUK9ofvPDzHAf4klQgwfL/8=
-11,74,NiVoxFvdy6lSD7VpLAwmdLaxU30=,B3SRDmqE4VXQfKrwglGtrddW0Fo=
-10,71,NiVoxFvdy6lSD7VpLAwmdLaxU30=,l8BhWx7uJoHVdO5LsNtirhRn8HY=
-10,74,NiVoxFvdy6lSD7VpLAwmdLaxU30=,zCv62MwjMSVVWdeVzuQCmdNq1es=
-11,75,NiVoxFvdy6lSD7VpLAwmdLaxU30=,B3SRDmqE4VXQfKrwglGtrddW0Fo=
-10,73,NiVoxFvdy6lSD7VpLAwmdLaxU30=,5QrTWUK9ofvPDzHAf4klQgwfL/8=
-10,75,NiVoxFvdy6lSD7VpLAwmdLaxU30=,zCv62MwjMSVVWdeVzuQCmdNq1es=
-11,76,NiVoxFvdy6lSD7VpLAwmdLaxU30=,BFDYgS4och+PFLlgDwGiVquOOK0=
-10,76,NiVoxFvdy6lSD7VpLAwmdLaxU30=,L5aMreWwRqZJKvE7Nq5JxJoNVC4=
-10,77,Ntc2yujM0qL1ShHYq0cxHxDeLq4=,L5aMreWwRqZJKvE7Nq5JxJoNVC4=
-11,77,Ntc2yujM0qL1ShHYq0cxHxDeLq4=,BFDYgS4och+PFLlgDwGiVquOOK0=
-11,78,Ntc2yujM0qL1ShHYq0cxHxDeLq4=,69k9HMQ+f2OprFoxeMuPyIv36uY=
-10,78,Ntc2yujM0qL1ShHYq0cxHxDeLq4=,WD6EPHiJATe5nIOOcvnyHz2K9Jg=
-8,77,Ntc2yujM0qL1ShHYq0cxHxDeLq4=,edjBq2G2C+5VX3PXM3AfH++ecSE=
-8,78,Ntc2yujM0qL1ShHYq0cxHxDeLq4=,drxIa7g1dh5zoRnzffJ7W18k1UU=
-9,77,Ntc2yujM0qL1ShHYq0cxHxDeLq4=,L5aMreWwRqZJKvE7Nq5JxJoNVC4=
-9,78,Ntc2yujM0qL1ShHYq0cxHxDeLq4=,WD6EPHiJATe5nIOOcvnyHz2K9Jg=
-6,78,Ntc2yujM0qL1ShHYq0cxHxDeLq4=,4AlGqucAtsddG8VRo+Ii1RfPi68=
-7,77,Ntc2yujM0qL1ShHYq0cxHxDeLq4=,edjBq2G2C+5VX3PXM3AfH++ecSE=
-6,77,Ntc2yujM0qL1ShHYq0cxHxDeLq4=,05yqU90HFryvAZVk9LZH3eHpu5Q=
-7,78,Ntc2yujM0qL1ShHYq0cxHxDeLq4=,drxIa7g1dh5zoRnzffJ7W18k1UU=
-4,78,Ntc2yujM0qL1ShHYq0cxHxDeLq4=,hdTbTloHMvz6wmy2rhS4WAUqa28=
-4,77,Ntc2yujM0qL1ShHYq0cxHxDeLq4=,xhSwoeGRJ3i2OyfR8Ri+zaPpj74=
-5,77,Ntc2yujM0qL1ShHYq0cxHxDeLq4=,05yqU90HFryvAZVk9LZH3eHpu5Q=
-5,78,Ntc2yujM0qL1ShHYq0cxHxDeLq4=,4AlGqucAtsddG8VRo+Ii1RfPi68=
-2,77,X5bT15njW536ekPQsJ4eIgOx7jc=,fFaraOU6qDOVNMu2+CpVkwWWtF4=
-3,78,X5bT15njW536ekPQsJ4eIgOx7jc=,hdTbTloHMvz6wmy2rhS4WAUqa28=
-3,77,X5bT15njW536ekPQsJ4eIgOx7jc=,xhSwoeGRJ3i2OyfR8Ri+zaPpj74=
-2,78,X5bT15njW536ekPQsJ4eIgOx7jc=,/XLr6zztvgebG+LtNxdB0lauwCY=
-3,75,X5bT15njW536ekPQsJ4eIgOx7jc=,mgiGpLmlosImmispgGA6fBDmvrk=
-2,76,X5bT15njW536ekPQsJ4eIgOx7jc=,fFaraOU6qDOVNMu2+CpVkwWWtF4=
-3,76,X5bT15njW536ekPQsJ4eIgOx7jc=,xhSwoeGRJ3i2OyfR8Ri+zaPpj74=
-2,75,X5bT15njW536ekPQsJ4eIgOx7jc=,8ZsuHD/S/5lAzp7R7e4+qCDQheI=
-4,76,X5bT15njW536ekPQsJ4eIgOx7jc=,xhSwoeGRJ3i2OyfR8Ri+zaPpj74=
-5,76,X5bT15njW536ekPQsJ4eIgOx7jc=,05yqU90HFryvAZVk9LZH3eHpu5Q=
-4,75,X5bT15njW536ekPQsJ4eIgOx7jc=,mgiGpLmlosImmispgGA6fBDmvrk=
-5,75,X5bT15njW536ekPQsJ4eIgOx7jc=,uNdHpfoAMZTKX2nMMGgnaZsV65I=
-9,76,X5bT15njW536ekPQsJ4eIgOx7jc=,L5aMreWwRqZJKvE7Nq5JxJoNVC4=
-6,75,X5bT15njW536ekPQsJ4eIgOx7jc=,uNdHpfoAMZTKX2nMMGgnaZsV65I=
-9,75,X5bT15njW536ekPQsJ4eIgOx7jc=,zCv62MwjMSVVWdeVzuQCmdNq1es=
-6,76,X5bT15njW536ekPQsJ4eIgOx7jc=,05yqU90HFryvAZVk9LZH3eHpu5Q=
-8,76,X5bT15njW536ekPQsJ4eIgOx7jc=,edjBq2G2C+5VX3PXM3AfH++ecSE=
-7,76,X5bT15njW536ekPQsJ4eIgOx7jc=,edjBq2G2C+5VX3PXM3AfH++ecSE=
-9,73,X5bT15njW536ekPQsJ4eIgOx7jc=,5QrTWUK9ofvPDzHAf4klQgwfL/8=
-9,74,X5bT15njW536ekPQsJ4eIgOx7jc=,zCv62MwjMSVVWdeVzuQCmdNq1es=
-8,75,X5bT15njW536ekPQsJ4eIgOx7jc=,JxZLjOhZcG1AmtpjUWyzIkYa47E=
-6,74,X5bT15njW536ekPQsJ4eIgOx7jc=,uNdHpfoAMZTKX2nMMGgnaZsV65I=
-7,74,X5bT15njW536ekPQsJ4eIgOx7jc=,JxZLjOhZcG1AmtpjUWyzIkYa47E=
-8,73,X5bT15njW536ekPQsJ4eIgOx7jc=,Usk8MmTF/r7QA4wzyFB3mo3nY54=
-8,74,X5bT15njW536ekPQsJ4eIgOx7jc=,JxZLjOhZcG1AmtpjUWyzIkYa47E=
-7,75,X5bT15njW536ekPQsJ4eIgOx7jc=,JxZLjOhZcG1AmtpjUWyzIkYa47E=
-7,73,X5bT15njW536ekPQsJ4eIgOx7jc=,Usk8MmTF/r7QA4wzyFB3mo3nY54=
-6,73,X5bT15njW536ekPQsJ4eIgOx7jc=,UyLDYSonu1VtAjs9iOBXhw0kJxw=
-9,72,e6hbV2wv5ZIgiQktNSf7q4PjD+I=,5QrTWUK9ofvPDzHAf4klQgwfL/8=
-6,72,e6hbV2wv5ZIgiQktNSf7q4PjD+I=,UyLDYSonu1VtAjs9iOBXhw0kJxw=
-9,71,e6hbV2wv5ZIgiQktNSf7q4PjD+I=,l8BhWx7uJoHVdO5LsNtirhRn8HY=
-8,72,e6hbV2wv5ZIgiQktNSf7q4PjD+I=,Usk8MmTF/r7QA4wzyFB3mo3nY54=
-7,72,e6hbV2wv5ZIgiQktNSf7q4PjD+I=,Usk8MmTF/r7QA4wzyFB3mo3nY54=
-7,70,e6hbV2wv5ZIgiQktNSf7q4PjD+I=,Q+cVhqYiup3AZTe8v3M66ECzSc4=
-8,71,e6hbV2wv5ZIgiQktNSf7q4PjD+I=,Q+cVhqYiup3AZTe8v3M66ECzSc4=
-7,71,e6hbV2wv5ZIgiQktNSf7q4PjD+I=,Q+cVhqYiup3AZTe8v3M66ECzSc4=
-6,71,e6hbV2wv5ZIgiQktNSf7q4PjD+I=,hUtU8OyKTJVukM8AJV3pRTMN5vg=
-6,69,e6hbV2wv5ZIgiQktNSf7q4PjD+I=,EkEOAVXmXRWAA/YfRsEEoX1j38I=
-7,69,e6hbV2wv5ZIgiQktNSf7q4PjD+I=,O6wKwWFRVEdhL8T9JXJGDq7tOms=
-6,70,e6hbV2wv5ZIgiQktNSf7q4PjD+I=,hUtU8OyKTJVukM8AJV3pRTMN5vg=
-6,68,e6hbV2wv5ZIgiQktNSf7q4PjD+I=,EkEOAVXmXRWAA/YfRsEEoX1j38I=
-7,67,e6hbV2wv5ZIgiQktNSf7q4PjD+I=,onbweSbkhVUHKdaWSnOltB6TwNs=
-7,68,e6hbV2wv5ZIgiQktNSf7q4PjD+I=,O6wKwWFRVEdhL8T9JXJGDq7tOms=
-6,67,e6hbV2wv5ZIgiQktNSf7q4PjD+I=,9/Nmr+y7GGvPaV/iiIZfa0tB/2s=
-5,67,e6hbV2wv5ZIgiQktNSf7q4PjD+I=,9/Nmr+y7GGvPaV/iiIZfa0tB/2s=
-5,68,e6hbV2wv5ZIgiQktNSf7q4PjD+I=,EkEOAVXmXRWAA/YfRsEEoX1j38I=
-4,67,e6hbV2wv5ZIgiQktNSf7q4PjD+I=,QRUVUeUvgNyrs9FKgo85SnSw0JE=
-4,68,e6hbV2wv5ZIgiQktNSf7q4PjD+I=,lhn4pPDMNljAieJHnc1vteklRHI=
-3,67,UbttZhCTOEyRhnUizUFWM8w1Rx0=,QRUVUeUvgNyrs9FKgo85SnSw0JE=
-3,68,UbttZhCTOEyRhnUizUFWM8w1Rx0=,lhn4pPDMNljAieJHnc1vteklRHI=
-2,68,UbttZhCTOEyRhnUizUFWM8w1Rx0=,2Ii7v1DL17UwFCe8CWsI557UFLs=
-2,67,UbttZhCTOEyRhnUizUFWM8w1Rx0=,soc8Q7W36FzM58M1SFb4KtstwTI=
-5,69,UbttZhCTOEyRhnUizUFWM8w1Rx0=,EkEOAVXmXRWAA/YfRsEEoX1j38I=
-5,70,UbttZhCTOEyRhnUizUFWM8w1Rx0=,hUtU8OyKTJVukM8AJV3pRTMN5vg=
-4,69,UbttZhCTOEyRhnUizUFWM8w1Rx0=,lhn4pPDMNljAieJHnc1vteklRHI=
-3,69,UbttZhCTOEyRhnUizUFWM8w1Rx0=,lhn4pPDMNljAieJHnc1vteklRHI=
-2,69,UbttZhCTOEyRhnUizUFWM8w1Rx0=,2Ii7v1DL17UwFCe8CWsI557UFLs=
-3,70,UbttZhCTOEyRhnUizUFWM8w1Rx0=,Re+dszByGsVEAhM5MOW02GaK/8o=
-4,70,UbttZhCTOEyRhnUizUFWM8w1Rx0=,Re+dszByGsVEAhM5MOW02GaK/8o=
-2,70,UbttZhCTOEyRhnUizUFWM8w1Rx0=,eOpyNO8pFZYk2PonWnmUphZRZ1s=
-1,70,UbttZhCTOEyRhnUizUFWM8w1Rx0=,eOpyNO8pFZYk2PonWnmUphZRZ1s=
-1,69,UbttZhCTOEyRhnUizUFWM8w1Rx0=,2Ii7v1DL17UwFCe8CWsI557UFLs=
-1,68,UbttZhCTOEyRhnUizUFWM8w1Rx0=,2Ii7v1DL17UwFCe8CWsI557UFLs=
-1,67,UbttZhCTOEyRhnUizUFWM8w1Rx0=,soc8Q7W36FzM58M1SFb4KtstwTI=
-1,75,UbttZhCTOEyRhnUizUFWM8w1Rx0=,8ZsuHD/S/5lAzp7R7e4+qCDQheI=
-1,76,UbttZhCTOEyRhnUizUFWM8w1Rx0=,fFaraOU6qDOVNMu2+CpVkwWWtF4=
-1,77,UbttZhCTOEyRhnUizUFWM8w1Rx0=,fFaraOU6qDOVNMu2+CpVkwWWtF4=
-1,78,UbttZhCTOEyRhnUizUFWM8w1Rx0=,/XLr6zztvgebG+LtNxdB0lauwCY=
-2,79,UbttZhCTOEyRhnUizUFWM8w1Rx0=,/XLr6zztvgebG+LtNxdB0lauwCY=
-3,79,UbttZhCTOEyRhnUizUFWM8w1Rx0=,hdTbTloHMvz6wmy2rhS4WAUqa28=
-5,79,UbttZhCTOEyRhnUizUFWM8w1Rx0=,4AlGqucAtsddG8VRo+Ii1RfPi68=
-4,79,UbttZhCTOEyRhnUizUFWM8w1Rx0=,hdTbTloHMvz6wmy2rhS4WAUqa28=
-6,79,UbttZhCTOEyRhnUizUFWM8w1Rx0=,4AlGqucAtsddG8VRo+Ii1RfPi68=
-7,79,UbttZhCTOEyRhnUizUFWM8w1Rx0=,drxIa7g1dh5zoRnzffJ7W18k1UU=
-8,79,UbttZhCTOEyRhnUizUFWM8w1Rx0=,drxIa7g1dh5zoRnzffJ7W18k1UU=
-9,79,UbttZhCTOEyRhnUizUFWM8w1Rx0=,WD6EPHiJATe5nIOOcvnyHz2K9Jg=
-11,79,UbttZhCTOEyRhnUizUFWM8w1Rx0=,69k9HMQ+f2OprFoxeMuPyIv36uY=
-10,79,UbttZhCTOEyRhnUizUFWM8w1Rx0=,WD6EPHiJATe5nIOOcvnyHz2K9Jg=
-4,73,UbttZhCTOEyRhnUizUFWM8w1Rx0=,qmH7VsdJGpBW23OFlLZiolNWzjw=
-4,72,UbttZhCTOEyRhnUizUFWM8w1Rx0=,qmH7VsdJGpBW23OFlLZiolNWzjw=
-4,71,UbttZhCTOEyRhnUizUFWM8w1Rx0=,Re+dszByGsVEAhM5MOW02GaK/8o=
-1,71,UbttZhCTOEyRhnUizUFWM8w1Rx0=,eOpyNO8pFZYk2PonWnmUphZRZ1s=
-5,74,UbttZhCTOEyRhnUizUFWM8w1Rx0=,uNdHpfoAMZTKX2nMMGgnaZsV65I=
-4,74,UbttZhCTOEyRhnUizUFWM8w1Rx0=,mgiGpLmlosImmispgGA6fBDmvrk=
-3,73,UbttZhCTOEyRhnUizUFWM8w1Rx0=,qmH7VsdJGpBW23OFlLZiolNWzjw=
-3,71,UbttZhCTOEyRhnUizUFWM8w1Rx0=,Re+dszByGsVEAhM5MOW02GaK/8o=
-2,71,UbttZhCTOEyRhnUizUFWM8w1Rx0=,eOpyNO8pFZYk2PonWnmUphZRZ1s=
-3,72,UbttZhCTOEyRhnUizUFWM8w1Rx0=,qmH7VsdJGpBW23OFlLZiolNWzjw=
-2,72,UbttZhCTOEyRhnUizUFWM8w1Rx0=,IBDs6TD02gLlzBYk9N4oFRrMeUI=
-1,72,UbttZhCTOEyRhnUizUFWM8w1Rx0=,IBDs6TD02gLlzBYk9N4oFRrMeUI=
-2,73,UbttZhCTOEyRhnUizUFWM8w1Rx0=,IBDs6TD02gLlzBYk9N4oFRrMeUI=
-5,71,UbttZhCTOEyRhnUizUFWM8w1Rx0=,hUtU8OyKTJVukM8AJV3pRTMN5vg=
-3,74,UbttZhCTOEyRhnUizUFWM8w1Rx0=,mgiGpLmlosImmispgGA6fBDmvrk=
-1,73,UbttZhCTOEyRhnUizUFWM8w1Rx0=,IBDs6TD02gLlzBYk9N4oFRrMeUI=
-5,72,UbttZhCTOEyRhnUizUFWM8w1Rx0=,UyLDYSonu1VtAjs9iOBXhw0kJxw=
-5,73,UbttZhCTOEyRhnUizUFWM8w1Rx0=,UyLDYSonu1VtAjs9iOBXhw0kJxw=
-2,74,UbttZhCTOEyRhnUizUFWM8w1Rx0=,8ZsuHD/S/5lAzp7R7e4+qCDQheI=
-1,74,UbttZhCTOEyRhnUizUFWM8w1Rx0=,8ZsuHD/S/5lAzp7R7e4+qCDQheI=
-12,75,UbttZhCTOEyRhnUizUFWM8w1Rx0=,B3SRDmqE4VXQfKrwglGtrddW0Fo=
-12,76,UbttZhCTOEyRhnUizUFWM8w1Rx0=,BFDYgS4och+PFLlgDwGiVquOOK0=
-13,75,UbttZhCTOEyRhnUizUFWM8w1Rx0=,ELLOyMyn1WlDVXVkYAPg6Msglqk=
-13,76,UbttZhCTOEyRhnUizUFWM8w1Rx0=,t7+tNYTLeL/Px/97ybZYMok15hQ=
-13,78,UbttZhCTOEyRhnUizUFWM8w1Rx0=,1K/saPnWVNBHeMmw0MlUjujoYB4=
-12,78,UbttZhCTOEyRhnUizUFWM8w1Rx0=,69k9HMQ+f2OprFoxeMuPyIv36uY=
-12,77,UbttZhCTOEyRhnUizUFWM8w1Rx0=,BFDYgS4och+PFLlgDwGiVquOOK0=
-13,77,UbttZhCTOEyRhnUizUFWM8w1Rx0=,t7+tNYTLeL/Px/97ybZYMok15hQ=
-13,79,UbttZhCTOEyRhnUizUFWM8w1Rx0=,1K/saPnWVNBHeMmw0MlUjujoYB4=
-12,79,UbttZhCTOEyRhnUizUFWM8w1Rx0=,69k9HMQ+f2OprFoxeMuPyIv36uY=
-16,74,UbttZhCTOEyRhnUizUFWM8w1Rx0=,lBH9jYqkbVyHalLUPG0EyDbXL0s=
-16,73,UbttZhCTOEyRhnUizUFWM8w1Rx0=,h/p2tfnfem8lH7Jke/2rFbX8h1s=
-16,76,zfpAUxAqCmOcMreZtCyOHgOrHuE=,zQN5CtYDD8gdN1UsP9kwrP+DE+I=
-16,75,zfpAUxAqCmOcMreZtCyOHgOrHuE=,lBH9jYqkbVyHalLUPG0EyDbXL0s=
-14,75,zfpAUxAqCmOcMreZtCyOHgOrHuE=,ELLOyMyn1WlDVXVkYAPg6Msglqk=
-14,76,zfpAUxAqCmOcMreZtCyOHgOrHuE=,t7+tNYTLeL/Px/97ybZYMok15hQ=
-15,75,zfpAUxAqCmOcMreZtCyOHgOrHuE=,lBH9jYqkbVyHalLUPG0EyDbXL0s=
-15,76,zfpAUxAqCmOcMreZtCyOHgOrHuE=,zQN5CtYDD8gdN1UsP9kwrP+DE+I=
-15,79,zfpAUxAqCmOcMreZtCyOHgOrHuE=,rb214n85iWLvWpOME/lNH8OQyg4=
-14,77,zfpAUxAqCmOcMreZtCyOHgOrHuE=,t7+tNYTLeL/Px/97ybZYMok15hQ=
-14,78,zfpAUxAqCmOcMreZtCyOHgOrHuE=,1K/saPnWVNBHeMmw0MlUjujoYB4=
-16,77,zfpAUxAqCmOcMreZtCyOHgOrHuE=,zQN5CtYDD8gdN1UsP9kwrP+DE+I=
-14,79,zfpAUxAqCmOcMreZtCyOHgOrHuE=,1K/saPnWVNBHeMmw0MlUjujoYB4=
-16,78,zfpAUxAqCmOcMreZtCyOHgOrHuE=,rb214n85iWLvWpOME/lNH8OQyg4=
-15,78,zfpAUxAqCmOcMreZtCyOHgOrHuE=,rb214n85iWLvWpOME/lNH8OQyg4=
-15,77,zfpAUxAqCmOcMreZtCyOHgOrHuE=,zQN5CtYDD8gdN1UsP9kwrP+DE+I=
-16,72,zfpAUxAqCmOcMreZtCyOHgOrHuE=,h/p2tfnfem8lH7Jke/2rFbX8h1s=
-16,71,zfpAUxAqCmOcMreZtCyOHgOrHuE=,OhljbUoOx4VtVEa0jdxacEbfwQ4=
-14,72,zfpAUxAqCmOcMreZtCyOHgOrHuE=,Ov8AX00mFcQ5J+vfIBu2yWmtX2E=
-13,72,zfpAUxAqCmOcMreZtCyOHgOrHuE=,Ov8AX00mFcQ5J+vfIBu2yWmtX2E=
-15,72,zfpAUxAqCmOcMreZtCyOHgOrHuE=,h/p2tfnfem8lH7Jke/2rFbX8h1s=
-12,71,zfpAUxAqCmOcMreZtCyOHgOrHuE=,WvSzkz1OBFUNJ6J0YVNiFGrSG/M=
-15,71,zfpAUxAqCmOcMreZtCyOHgOrHuE=,OhljbUoOx4VtVEa0jdxacEbfwQ4=
-12,72,zfpAUxAqCmOcMreZtCyOHgOrHuE=,zRimPIM05qBKWw3h5SPm2e8sl24=
-14,71,zfpAUxAqCmOcMreZtCyOHgOrHuE=,PEjF8HxIxtRLYxbQi2zo+VSACKg=
-13,71,zfpAUxAqCmOcMreZtCyOHgOrHuE=,PEjF8HxIxtRLYxbQi2zo+VSACKg=
-14,70,zfpAUxAqCmOcMreZtCyOHgOrHuE=,PEjF8HxIxtRLYxbQi2zo+VSACKg=
-15,70,zfpAUxAqCmOcMreZtCyOHgOrHuE=,OhljbUoOx4VtVEa0jdxacEbfwQ4=
-14,69,zfpAUxAqCmOcMreZtCyOHgOrHuE=,E/84ux3/JzaroWP3erddLD9KQZc=
-15,69,zfpAUxAqCmOcMreZtCyOHgOrHuE=,gXZDRqQB3gRQypq9TE2cTrI//GU=
-12,69,zfpAUxAqCmOcMreZtCyOHgOrHuE=,yarpC059bCv78r67KS/L9XPNru8=
-12,70,zfpAUxAqCmOcMreZtCyOHgOrHuE=,WvSzkz1OBFUNJ6J0YVNiFGrSG/M=
-13,70,zfpAUxAqCmOcMreZtCyOHgOrHuE=,PEjF8HxIxtRLYxbQi2zo+VSACKg=
-13,69,zfpAUxAqCmOcMreZtCyOHgOrHuE=,E/84ux3/JzaroWP3erddLD9KQZc=
-11,70,zfpAUxAqCmOcMreZtCyOHgOrHuE=,WvSzkz1OBFUNJ6J0YVNiFGrSG/M=
-8,69,zfpAUxAqCmOcMreZtCyOHgOrHuE=,O6wKwWFRVEdhL8T9JXJGDq7tOms=
-11,69,zfpAUxAqCmOcMreZtCyOHgOrHuE=,yarpC059bCv78r67KS/L9XPNru8=
-8,70,zfpAUxAqCmOcMreZtCyOHgOrHuE=,Q+cVhqYiup3AZTe8v3M66ECzSc4=
-10,70,zfpAUxAqCmOcMreZtCyOHgOrHuE=,l8BhWx7uJoHVdO5LsNtirhRn8HY=
-9,70,zfpAUxAqCmOcMreZtCyOHgOrHuE=,l8BhWx7uJoHVdO5LsNtirhRn8HY=
-10,69,zfpAUxAqCmOcMreZtCyOHgOrHuE=,lQZ9G8l6nHIaxQ9/FirSPxF3ohg=
-9,69,zfpAUxAqCmOcMreZtCyOHgOrHuE=,lQZ9G8l6nHIaxQ9/FirSPxF3ohg=
-9,68,kcqIwZig2pH3iOTF87j1Daih5lM=,lQZ9G8l6nHIaxQ9/FirSPxF3ohg=
-8,68,kcqIwZig2pH3iOTF87j1Daih5lM=,O6wKwWFRVEdhL8T9JXJGDq7tOms=
-8,67,kcqIwZig2pH3iOTF87j1Daih5lM=,onbweSbkhVUHKdaWSnOltB6TwNs=
-9,67,kcqIwZig2pH3iOTF87j1Daih5lM=,gI0nCjGzBTgWcC0rgwvGP6E/qus=
-10,68,kcqIwZig2pH3iOTF87j1Daih5lM=,lQZ9G8l6nHIaxQ9/FirSPxF3ohg=
-11,68,kcqIwZig2pH3iOTF87j1Daih5lM=,yarpC059bCv78r67KS/L9XPNru8=
-10,67,kcqIwZig2pH3iOTF87j1Daih5lM=,gI0nCjGzBTgWcC0rgwvGP6E/qus=
-11,67,kcqIwZig2pH3iOTF87j1Daih5lM=,XDTmpSYc61TbRsW1qi/o4L7kksU=
-10,66,kcqIwZig2pH3iOTF87j1Daih5lM=,gI0nCjGzBTgWcC0rgwvGP6E/qus=
-11,66,kcqIwZig2pH3iOTF87j1Daih5lM=,XDTmpSYc61TbRsW1qi/o4L7kksU=
-10,65,kcqIwZig2pH3iOTF87j1Daih5lM=,MvJaQGuxHcORtqiZlgXx2DBqzQY=
-11,65,kcqIwZig2pH3iOTF87j1Daih5lM=,FAm43Zfqr43rYfBOJKEuAL6t27s=
-13,67,kcqIwZig2pH3iOTF87j1Daih5lM=,iSW9s9LYYYw89LdrdJ92iU6Jdt0=
-13,68,kcqIwZig2pH3iOTF87j1Daih5lM=,E/84ux3/JzaroWP3erddLD9KQZc=
-12,67,kcqIwZig2pH3iOTF87j1Daih5lM=,XDTmpSYc61TbRsW1qi/o4L7kksU=
-12,68,kcqIwZig2pH3iOTF87j1Daih5lM=,yarpC059bCv78r67KS/L9XPNru8=
-12,65,kcqIwZig2pH3iOTF87j1Daih5lM=,FAm43Zfqr43rYfBOJKEuAL6t27s=
-12,66,kcqIwZig2pH3iOTF87j1Daih5lM=,XDTmpSYc61TbRsW1qi/o4L7kksU=
-13,66,kcqIwZig2pH3iOTF87j1Daih5lM=,iSW9s9LYYYw89LdrdJ92iU6Jdt0=
-13,65,kcqIwZig2pH3iOTF87j1Daih5lM=,t8+XWttpNwXZ7PPPz1eAbOW5Alo=
-16,70,kcqIwZig2pH3iOTF87j1Daih5lM=,OhljbUoOx4VtVEa0jdxacEbfwQ4=
-16,69,kcqIwZig2pH3iOTF87j1Daih5lM=,gXZDRqQB3gRQypq9TE2cTrI//GU=
-16,64,kcqIwZig2pH3iOTF87j1Daih5lM=,h7MHZUIuNdRzJAPGQLQKOgfzeeA=
-15,64,kcqIwZig2pH3iOTF87j1Daih5lM=,h7MHZUIuNdRzJAPGQLQKOgfzeeA=
-14,64,kcqIwZig2pH3iOTF87j1Daih5lM=,t8+XWttpNwXZ7PPPz1eAbOW5Alo=
-14,68,kcqIwZig2pH3iOTF87j1Daih5lM=,E/84ux3/JzaroWP3erddLD9KQZc=
-14,66,kcqIwZig2pH3iOTF87j1Daih5lM=,iSW9s9LYYYw89LdrdJ92iU6Jdt0=
-16,68,kcqIwZig2pH3iOTF87j1Daih5lM=,gXZDRqQB3gRQypq9TE2cTrI//GU=
-15,65,kcqIwZig2pH3iOTF87j1Daih5lM=,h7MHZUIuNdRzJAPGQLQKOgfzeeA=
-14,67,kcqIwZig2pH3iOTF87j1Daih5lM=,iSW9s9LYYYw89LdrdJ92iU6Jdt0=
-14,65,kcqIwZig2pH3iOTF87j1Daih5lM=,t8+XWttpNwXZ7PPPz1eAbOW5Alo=
-15,68,kcqIwZig2pH3iOTF87j1Daih5lM=,gXZDRqQB3gRQypq9TE2cTrI//GU=
-16,65,kcqIwZig2pH3iOTF87j1Daih5lM=,h7MHZUIuNdRzJAPGQLQKOgfzeeA=
-16,66,kcqIwZig2pH3iOTF87j1Daih5lM=,xnfVD97JAe6YQQmKJHMByET0Z0I=
-16,67,kcqIwZig2pH3iOTF87j1Daih5lM=,xnfVD97JAe6YQQmKJHMByET0Z0I=
-15,67,kcqIwZig2pH3iOTF87j1Daih5lM=,xnfVD97JAe6YQQmKJHMByET0Z0I=
-15,66,kcqIwZig2pH3iOTF87j1Daih5lM=,xnfVD97JAe6YQQmKJHMByET0Z0I=
-8,66,mWMTfJO3PDIE7FT4GJtpqzKF66s=,onbweSbkhVUHKdaWSnOltB6TwNs=
-9,65,mWMTfJO3PDIE7FT4GJtpqzKF66s=,MvJaQGuxHcORtqiZlgXx2DBqzQY=
-9,66,mWMTfJO3PDIE7FT4GJtpqzKF66s=,gI0nCjGzBTgWcC0rgwvGP6E/qus=
-8,65,mWMTfJO3PDIE7FT4GJtpqzKF66s=,ta8metTKm8vTwj/n1SarBj4pZ/c=
-6,66,mWMTfJO3PDIE7FT4GJtpqzKF66s=,9/Nmr+y7GGvPaV/iiIZfa0tB/2s=
-7,66,mWMTfJO3PDIE7FT4GJtpqzKF66s=,onbweSbkhVUHKdaWSnOltB6TwNs=
-7,65,mWMTfJO3PDIE7FT4GJtpqzKF66s=,ta8metTKm8vTwj/n1SarBj4pZ/c=
-6,65,mWMTfJO3PDIE7FT4GJtpqzKF66s=,Yi62lNZxJYy8jQJ7pByMvcryN6I=
-1,79,mWMTfJO3PDIE7FT4GJtpqzKF66s=,/XLr6zztvgebG+LtNxdB0lauwCY=
-13,64,mWMTfJO3PDIE7FT4GJtpqzKF66s=,t8+XWttpNwXZ7PPPz1eAbOW5Alo=
-12,64,mWMTfJO3PDIE7FT4GJtpqzKF66s=,FAm43Zfqr43rYfBOJKEuAL6t27s=
-11,64,mWMTfJO3PDIE7FT4GJtpqzKF66s=,FAm43Zfqr43rYfBOJKEuAL6t27s=
-10,64,mWMTfJO3PDIE7FT4GJtpqzKF66s=,MvJaQGuxHcORtqiZlgXx2DBqzQY=
-16,79,mWMTfJO3PDIE7FT4GJtpqzKF66s=,rb214n85iWLvWpOME/lNH8OQyg4=
-6,64,mWMTfJO3PDIE7FT4GJtpqzKF66s=,Yi62lNZxJYy8jQJ7pByMvcryN6I=
-8,64,mWMTfJO3PDIE7FT4GJtpqzKF66s=,ta8metTKm8vTwj/n1SarBj4pZ/c=
-9,64,mWMTfJO3PDIE7FT4GJtpqzKF66s=,MvJaQGuxHcORtqiZlgXx2DBqzQY=
-7,64,mWMTfJO3PDIE7FT4GJtpqzKF66s=,ta8metTKm8vTwj/n1SarBj4pZ/c=
-5,65,mWMTfJO3PDIE7FT4GJtpqzKF66s=,Yi62lNZxJYy8jQJ7pByMvcryN6I=
-4,64,mWMTfJO3PDIE7FT4GJtpqzKF66s=,O0CHrlvuIlSqFjzeyIDqtld11I0=
-4,65,mWMTfJO3PDIE7FT4GJtpqzKF66s=,O0CHrlvuIlSqFjzeyIDqtld11I0=
-5,64,mWMTfJO3PDIE7FT4GJtpqzKF66s=,Yi62lNZxJYy8jQJ7pByMvcryN6I=
-4,66,mWMTfJO3PDIE7FT4GJtpqzKF66s=,QRUVUeUvgNyrs9FKgo85SnSw0JE=
-5,66,mWMTfJO3PDIE7FT4GJtpqzKF66s=,9/Nmr+y7GGvPaV/iiIZfa0tB/2s=
-3,64,mWMTfJO3PDIE7FT4GJtpqzKF66s=,O0CHrlvuIlSqFjzeyIDqtld11I0=
-2,66,mWMTfJO3PDIE7FT4GJtpqzKF66s=,soc8Q7W36FzM58M1SFb4KtstwTI=
-2,65,mWMTfJO3PDIE7FT4GJtpqzKF66s=,YsA8mxfWRDzF5RddM3RQDq31FY0=
-1,65,mWMTfJO3PDIE7FT4GJtpqzKF66s=,YsA8mxfWRDzF5RddM3RQDq31FY0=
-2,64,mWMTfJO3PDIE7FT4GJtpqzKF66s=,YsA8mxfWRDzF5RddM3RQDq31FY0=
-1,66,mWMTfJO3PDIE7FT4GJtpqzKF66s=,soc8Q7W36FzM58M1SFb4KtstwTI=
-3,66,mWMTfJO3PDIE7FT4GJtpqzKF66s=,QRUVUeUvgNyrs9FKgo85SnSw0JE=
-1,64,mWMTfJO3PDIE7FT4GJtpqzKF66s=,YsA8mxfWRDzF5RddM3RQDq31FY0=
-3,65,mWMTfJO3PDIE7FT4GJtpqzKF66s=,O0CHrlvuIlSqFjzeyIDqtld11I0=
