-77,-67,O7Ee9fKzYI4wJzLkAt/LQtfy/zc=,Ejb1eBBsFVmE8IRk5cJO1fJgLRY=
-77,-66,O7Ee9fKzYI4wJzLkAt/LQtfy/zc=,SvPS9x1V28aVAzahqASL3uLPR9o=
-76,-66,O7Ee9fKzYI4wJzLkAt/LQtfy/zc=,fsWXCQCT/dvZNcHeb7ELz07ks8M=
-76,-67,O7Ee9fKzYI4wJzLkAt/LQtfy/zc=,bNDOC0aNECaOXAFiAbowji4Z0tU=
-77,-68,O7Ee9fKzYI4wJzLkAt/LQtfy/zc=,Ejb1eBBsFVmE8IRk5cJO1fJgLRY=
-76,-69,O7Ee9fKzYI4wJzLkAt/LQtfy/zc=,uS4301ye4tKtwvyAX0s58UfrjzM=
-77,-69,O7Ee9fKzYI4wJzLkAt/LQtfy/zc=,IKHWSNkOQb0BGU7M24tB38pAd+s=
-76,-68,O7Ee9fKzYI4wJzLkAt/LQtfy/zc=,bNDOC0aNECaOXAFiAbowji4Z0tU=
-76,-70,O7Ee9fKzYI4wJzLkAt/LQtfy/zc=,uS4301ye4tKtwvyAX0s58UfrjzM=
-77,-70,O7Ee9fKzYI4wJzLkAt/LQtfy/zc=,IKHWSNkOQb0BGU7M24tB38pAd+s=
-77,-71,O7Ee9fKzYI4wJzLkAt/LQtfy/zc=,Rq63RssvtpaumqL+FXMNo4fg5KA=
-76,-71,O7Ee9fKzYI4wJzLkAt/LQtfy/zc=,QWjtHY4qydzH6iQZx/FEdPy2Bks=
-76,-73,O7Ee9fKzYI4wJzLkAt/LQtfy/zc=,4l1BZSewbDHzxuM0ogklgN6KAg0=
-77,-72,O7Ee9fKzYI4wJzLkAt/LQtfy/zc=,Rq63RssvtpaumqL+FXMNo4fg5KA=
-77,-73,O7Ee9fKzYI4wJzLkAt/LQtfy/zc=,IR0UTSzQt5+ki083OnR0eXQp0bI=
-76,-72,O7Ee9fKzYI4wJzLkAt/LQtfy/zc=,QWjtHY4qydzH6iQZx/FEdPy2Bks=
-76,-75,O7Ee9fKzYI4wJzLkAt/LQtfy/zc=,hng5jLc3zLBYuei/QPqpt27YAQY=
-77,-74,O7Ee9fKzYI4wJzLkAt/LQtfy/zc=,IR0UTSzQt5+ki083OnR0eXQp0bI=
-77,-75,O7Ee9fKzYI4wJzLkAt/LQtfy/zc=,zUrusBhqdXPzLjoyGPSqBcrh8G4=
-76,-74,O7Ee9fKzYI4wJzLkAt/LQtfy/zc=,4l1BZSewbDHzxuM0ogklgN6KAg0=
-79,-75,O7Ee9fKzYI4wJzLkAt/LQtfy/zc=,QDdmDEpKUEbVNZgDoFvlzR6YnQs=
-78,-75,O7Ee9fKzYI4wJzLkAt/LQtfy/zc=,zUrusBhqdXPzLjoyGPSqBcrh8G4=
-78,-74,O7Ee9fKzYI4wJzLkAt/LQtfy/zc=,IR0UTSzQt5+ki083OnR0eXQp0bI=
-79,-74,O7Ee9fKzYI4wJzLkAt/LQtfy/zc=,WAyXu/xDWVFOw7s8nJYtQrlwsjY=
-76,-77,O7Ee9fKzYI4wJzLkAt/LQtfy/zc=,9pZcKE7GOtXr8ipB+onSqXqa4tw=
-77,-76,O7Ee9fKzYI4wJzLkAt/LQtfy/zc=,zUrusBhqdXPzLjoyGPSqBcrh8G4=
-77,-77,O7Ee9fKzYI4wJzLkAt/LQtfy/zc=,EAzGuzhg/Ul19h2WAExojoeq2Y8=
-76,-76,O7Ee9fKzYI4wJzLkAt/LQtfy/zc=,hng5jLc3zLBYuei/QPqpt27YAQY=
-78,-76,O7Ee9fKzYI4wJzLkAt/LQtfy/zc=,zUrusBhqdXPzLjoyGPSqBcrh8G4=
-79,-77,O7Ee9fKzYI4wJzLkAt/LQtfy/zc=,UEoMocku4zNsFwHjp9bZL2lCb6A=
-78,-77,O7Ee9fKzYI4wJzLkAt/LQtfy/zc=,EAzGuzhg/Ul19h2WAExojoeq2Y8=
-79,-76,O7Ee9fKzYI4wJzLkAt/LQtfy/zc=,QDdmDEpKUEbVNZgDoFvlzR6YnQs=
-76,-79,O7Ee9fKzYI4wJzLkAt/LQtfy/zc=,TaMsyg45csy6LnEu5X03567xq1k=
-76,-78,O7Ee9fKzYI4wJzLkAt/LQtfy/zc=,9pZcKE7GOtXr8ipB+onSqXqa4tw=
-77,-78,O7Ee9fKzYI4wJzLkAt/LQtfy/zc=,EAzGuzhg/Ul19h2WAExojoeq2Y8=
-77,-79,O7Ee9fKzYI4wJzLkAt/LQtfy/zc=,IzFJ2ncaGXxPLFqlGUgkfSTGR/Y=
-78,-78,O7Ee9fKzYI4wJzLkAt/LQtfy/zc=,EAzGuzhg/Ul19h2WAExojoeq2Y8=
-78,-79,O7Ee9fKzYI4wJzLkAt/LQtfy/zc=,IzFJ2ncaGXxPLFqlGUgkfSTGR/Y=
-79,-79,O7Ee9fKzYI4wJzLkAt/LQtfy/zc=,/pwYlFWqUy+AOOKnpTpbdfwISaU=
-79,-78,O7Ee9fKzYI4wJzLkAt/LQtfy/zc=,UEoMocku4zNsFwHjp9bZL2lCb6A=
-75,-78,VLTVirMX/qGdOvUyXI1/EWMRVrU=,9pZcKE7GOtXr8ipB+onSqXqa4tw=
-75,-79,VLTVirMX/qGdOvUyXI1/EWMRVrU=,TaMsyg45csy6LnEu5X03567xq1k=
-74,-79,VLTVirMX/qGdOvUyXI1/EWMRVrU=,nhubOv2b16/ij7GcxkHv7I0qccw=
-74,-78,VLTVirMX/qGdOvUyXI1/EWMRVrU=,8BG+UsL1IWDzKcDlZmJy26rbDbc=
-72,-78,VLTVirMX/qGdOvUyXI1/EWMRVrU=,fgGKYaOZBhyLi46EhHpIZ2HFiIc=
-72,-79,VLTVirMX/qGdOvUyXI1/EWMRVrU=,c66eB6qhUqSVXEOFIJGrGo1/x6g=
-73,-79,VLTVirMX/qGdOvUyXI1/EWMRVrU=,nhubOv2b16/ij7GcxkHv7I0qccw=
-73,-78,VLTVirMX/qGdOvUyXI1/EWMRVrU=,8BG+UsL1IWDzKcDlZmJy26rbDbc=
-75,-76,VLTVirMX/qGdOvUyXI1/EWMRVrU=,hng5jLc3zLBYuei/QPqpt27YAQY=
-74,-77,VLTVirMX/qGdOvUyXI1/EWMRVrU=,8BG+UsL1IWDzKcDlZmJy26rbDbc=
-75,-77,VLTVirMX/qGdOvUyXI1/EWMRVrU=,9pZcKE7GOtXr8ipB+onSqXqa4tw=
-74,-76,VLTVirMX/qGdOvUyXI1/EWMRVrU=,HUeEgnTsdqJUW4F1heeGdcqhVXQ=
-74,-75,VLTVirMX/qGdOvUyXI1/EWMRVrU=,HUeEgnTsdqJUW4F1heeGdcqhVXQ=
-75,-75,VLTVirMX/qGdOvUyXI1/EWMRVrU=,hng5jLc3zLBYuei/QPqpt27YAQY=
-72,-76,VLTVirMX/qGdOvUyXI1/EWMRVrU=,DKCqnUl8C50h1B2wlmRM+l7zS90=
-73,-77,VLTVirMX/qGdOvUyXI1/EWMRVrU=,8BG+UsL1IWDzKcDlZmJy26rbDbc=
-72,-77,VLTVirMX/qGdOvUyXI1/EWMRVrU=,fgGKYaOZBhyLi46EhHpIZ2HFiIc=
-75,-74,VLTVirMX/qGdOvUyXI1/EWMRVrU=,4l1BZSewbDHzxuM0ogklgN6KAg0=
-73,-76,VLTVirMX/qGdOvUyXI1/EWMRVrU=,HUeEgnTsdqJUW4F1heeGdcqhVXQ=
-74,-74,VLTVirMX/qGdOvUyXI1/EWMRVrU=,aLo741lo01GqRLLj8st6jd95FoU=
-73,-75,VLTVirMX/qGdOvUyXI1/EWMRVrU=,HUeEgnTsdqJUW4F1heeGdcqhVXQ=
-72,-75,VLTVirMX/qGdOvUyXI1/EWMRVrU=,DKCqnUl8C50h1B2wlmRM+l7zS90=
-72,-74,VLTVirMX/qGdOvUyXI1/EWMRVrU=,je6XjDXy5YH/s1KS5Fy1r/isrCM=
-73,-74,VLTVirMX/qGdOvUyXI1/EWMRVrU=,aLo741lo01GqRLLj8st6jd95FoU=
-75,-73,VLTVirMX/qGdOvUyXI1/EWMRVrU=,4l1BZSewbDHzxuM0ogklgN6KAg0=
-74,-72,VLTVirMX/qGdOvUyXI1/EWMRVrU=,JdxVbCXRtYG5zQapCPeVbsrLTEM=
-74,-73,VLTVirMX/qGdOvUyXI1/EWMRVrU=,aLo741lo01GqRLLj8st6jd95FoU=
-75,-72,VLTVirMX/qGdOvUyXI1/EWMRVrU=,QWjtHY4qydzH6iQZx/FEdPy2Bks=
-72,-73,VLTVirMX/qGdOvUyXI1/EWMRVrU=,je6XjDXy5YH/s1KS5Fy1r/isrCM=
-73,-72,VLTVirMX/qGdOvUyXI1/EWMRVrU=,JdxVbCXRtYG5zQapCPeVbsrLTEM=
-72,-72,VLTVirMX/qGdOvUyXI1/EWMRVrU=,7b4ZHTuQWXOlZeKCcR/NKdlDVbA=
-73,-73,VLTVirMX/qGdOvUyXI1/EWMRVrU=,aLo741lo01GqRLLj8st6jd95FoU=
-75,-70,VLTVirMX/qGdOvUyXI1/EWMRVrU=,uS4301ye4tKtwvyAX0s58UfrjzM=
-74,-70,VLTVirMX/qGdOvUyXI1/EWMRVrU=,N1NCGavLmpErRwIQRQWn+1zcjuI=
-74,-71,VLTVirMX/qGdOvUyXI1/EWMRVrU=,JdxVbCXRtYG5zQapCPeVbsrLTEM=
-75,-71,VLTVirMX/qGdOvUyXI1/EWMRVrU=,QWjtHY4qydzH6iQZx/FEdPy2Bks=
-72,-71,VLTVirMX/qGdOvUyXI1/EWMRVrU=,7b4ZHTuQWXOlZeKCcR/NKdlDVbA=
-72,-70,VLTVirMX/qGdOvUyXI1/EWMRVrU=,lQemUnkSi4YEmR8OhM6F6XBd2wo=
-73,-71,VLTVirMX/qGdOvUyXI1/EWMRVrU=,JdxVbCXRtYG5zQapCPeVbsrLTEM=
-73,-70,VLTVirMX/qGdOvUyXI1/EWMRVrU=,N1NCGavLmpErRwIQRQWn+1zcjuI=
-74,-68,VLTVirMX/qGdOvUyXI1/EWMRVrU=,n91t+yyt5z3ARufsEaflvnK48qE=
-74,-69,VLTVirMX/qGdOvUyXI1/EWMRVrU=,N1NCGavLmpErRwIQRQWn+1zcjuI=
-75,-68,VLTVirMX/qGdOvUyXI1/EWMRVrU=,bNDOC0aNECaOXAFiAbowji4Z0tU=
-75,-69,VLTVirMX/qGdOvUyXI1/EWMRVrU=,uS4301ye4tKtwvyAX0s58UfrjzM=
-72,-69,VLTVirMX/qGdOvUyXI1/EWMRVrU=,lQemUnkSi4YEmR8OhM6F6XBd2wo=
-72,-68,VLTVirMX/qGdOvUyXI1/EWMRVrU=,7RnF2ld84rSTNQHjQp0htHTkVcQ=
-73,-69,VLTVirMX/qGdOvUyXI1/EWMRVrU=,N1NCGavLmpErRwIQRQWn+1zcjuI=
-73,-68,VLTVirMX/qGdOvUyXI1/EWMRVrU=,n91t+yyt5z3ARufsEaflvnK48qE=
-74,-67,VLTVirMX/qGdOvUyXI1/EWMRVrU=,n91t+yyt5z3ARufsEaflvnK48qE=
-72,-67,VLTVirMX/qGdOvUyXI1/EWMRVrU=,7RnF2ld84rSTNQHjQp0htHTkVcQ=
-74,-66,VLTVirMX/qGdOvUyXI1/EWMRVrU=,QlOAQQLJf5LflbnYeSE/ddaM4kk=
-75,-67,VLTVirMX/qGdOvUyXI1/EWMRVrU=,bNDOC0aNECaOXAFiAbowji4Z0tU=
-75,-66,VLTVirMX/qGdOvUyXI1/EWMRVrU=,fsWXCQCT/dvZNcHeb7ELz07ks8M=
-73,-66,VLTVirMX/qGdOvUyXI1/EWMRVrU=,QlOAQQLJf5LflbnYeSE/ddaM4kk=
-73,-67,VLTVirMX/qGdOvUyXI1/EWMRVrU=,n91t+yyt5z3ARufsEaflvnK48qE=
-72,-66,VLTVirMX/qGdOvUyXI1/EWMRVrU=,kfkuioyZX4ZDdtsuwHVELUjoHNg=
-70,-66,VLTVirMX/qGdOvUyXI1/EWMRVrU=,4adTG3K//0nvaAkum/O3Bd+OD9U=
-71,-67,VLTVirMX/qGdOvUyXI1/EWMRVrU=,7RnF2ld84rSTNQHjQp0htHTkVcQ=
-71,-66,VLTVirMX/qGdOvUyXI1/EWMRVrU=,kfkuioyZX4ZDdtsuwHVELUjoHNg=
-70,-67,VLTVirMX/qGdOvUyXI1/EWMRVrU=,2QPqcLGgd7pknTzMhunARNMWPAw=
-68,-67,VLTVirMX/qGdOvUyXI1/EWMRVrU=,ANJcQXcXpzpuhFZHGbhSuh10Bws=
-69,-66,VLTVirMX/qGdOvUyXI1/EWMRVrU=,4adTG3K//0nvaAkum/O3Bd+OD9U=
-69,-67,VLTVirMX/qGdOvUyXI1/EWMRVrU=,2QPqcLGgd7pknTzMhunARNMWPAw=
-68,-66,VLTVirMX/qGdOvUyXI1/EWMRVrU=,Kk1AgrYWDDcU4b0oIo98MKMedQQ=
-67,-67,l+YRCTuDPGjlk2eVqAqG54BTwOc=,ANJcQXcXpzpuhFZHGbhSuh10Bws=
-67,-66,l+YRCTuDPGjlk2eVqAqG54BTwOc=,Kk1AgrYWDDcU4b0oIo98MKMedQQ=
-66,-67,l+YRCTuDPGjlk2eVqAqG54BTwOc=,aJyx9RzI9h03S/QNpbTcyqlbJOs=
-66,-66,l+YRCTuDPGjlk2eVqAqG54BTwOc=,YzeZfmUvnZsAQILBolLMiDUQ8IE=
-66,-68,l+YRCTuDPGjlk2eVqAqG54BTwOc=,aJyx9RzI9h03S/QNpbTcyqlbJOs=
-66,-69,l+YRCTuDPGjlk2eVqAqG54BTwOc=,C5eAoAgUfI/20h9CGDN6AlV2Hug=
-67,-68,l+YRCTuDPGjlk2eVqAqG54BTwOc=,ANJcQXcXpzpuhFZHGbhSuh10Bws=
-67,-69,l+YRCTuDPGjlk2eVqAqG54BTwOc=,v74VSc4mkCFYYrGGfB1Mn9VFdJ4=
-68,-68,l+YRCTuDPGjlk2eVqAqG54BTwOc=,ANJcQXcXpzpuhFZHGbhSuh10Bws=
-71,-69,l+YRCTuDPGjlk2eVqAqG54BTwOc=,lQemUnkSi4YEmR8OhM6F6XBd2wo=
-68,-69,l+YRCTuDPGjlk2eVqAqG54BTwOc=,v74VSc4mkCFYYrGGfB1Mn9VFdJ4=
-71,-68,l+YRCTuDPGjlk2eVqAqG54BTwOc=,7RnF2ld84rSTNQHjQp0htHTkVcQ=
-70,-69,l+YRCTuDPGjlk2eVqAqG54BTwOc=,qXm6+HK9vIaXNyb290FNz5uaKe8=
-69,-69,l+YRCTuDPGjlk2eVqAqG54BTwOc=,qXm6+HK9vIaXNyb290FNz5uaKe8=
-69,-68,l+YRCTuDPGjlk2eVqAqG54BTwOc=,2QPqcLGgd7pknTzMhunARNMWPAw=
-70,-70,l+YRCTuDPGjlk2eVqAqG54BTwOc=,qXm6+HK9vIaXNyb290FNz5uaKe8=
-71,-71,l+YRCTuDPGjlk2eVqAqG54BTwOc=,7b4ZHTuQWXOlZeKCcR/NKdlDVbA=
-70,-68,l+YRCTuDPGjlk2eVqAqG54BTwOc=,2QPqcLGgd7pknTzMhunARNMWPAw=
-71,-70,l+YRCTuDPGjlk2eVqAqG54BTwOc=,lQemUnkSi4YEmR8OhM6F6XBd2wo=
-70,-71,l+YRCTuDPGjlk2eVqAqG54BTwOc=,C1EkMN8/NWVsG7IUO3NYZX3HWTY=
-69,-71,l+YRCTuDPGjlk2eVqAqG54BTwOc=,C1EkMN8/NWVsG7IUO3NYZX3HWTY=
-68,-71,l+YRCTuDPGjlk2eVqAqG54BTwOc=,QQ0+jkCQZ6jtrIPkoOrsrMXk0ls=
-68,-70,l+YRCTuDPGjlk2eVqAqG54BTwOc=,v74VSc4mkCFYYrGGfB1Mn9VFdJ4=
-69,-70,l+YRCTuDPGjlk2eVqAqG54BTwOc=,qXm6+HK9vIaXNyb290FNz5uaKe8=
-66,-70,l+YRCTuDPGjlk2eVqAqG54BTwOc=,C5eAoAgUfI/20h9CGDN6AlV2Hug=
-67,-70,l+YRCTuDPGjlk2eVqAqG54BTwOc=,v74VSc4mkCFYYrGGfB1Mn9VFdJ4=
-67,-71,l+YRCTuDPGjlk2eVqAqG54BTwOc=,QQ0+jkCQZ6jtrIPkoOrsrMXk0ls=
-66,-71,l+YRCTuDPGjlk2eVqAqG54BTwOc=,HRco1vv6s4gDpRvU519KoqZ4itk=
-70,-72,l+YRCTuDPGjlk2eVqAqG54BTwOc=,C1EkMN8/NWVsG7IUO3NYZX3HWTY=
-70,-73,l+YRCTuDPGjlk2eVqAqG54BTwOc=,tUV8n2VoR1jP7paG1KqZUmN6gKg=
-71,-72,l+YRCTuDPGjlk2eVqAqG54BTwOc=,7b4ZHTuQWXOlZeKCcR/NKdlDVbA=
-71,-73,l+YRCTuDPGjlk2eVqAqG54BTwOc=,je6XjDXy5YH/s1KS5Fy1r/isrCM=
-68,-73,l+YRCTuDPGjlk2eVqAqG54BTwOc=,KN0xCYbQSWGo9iIaztykRVGRfqU=
-68,-72,l+YRCTuDPGjlk2eVqAqG54BTwOc=,QQ0+jkCQZ6jtrIPkoOrsrMXk0ls=
-69,-73,l+YRCTuDPGjlk2eVqAqG54BTwOc=,tUV8n2VoR1jP7paG1KqZUmN6gKg=
-69,-72,l+YRCTuDPGjlk2eVqAqG54BTwOc=,C1EkMN8/NWVsG7IUO3NYZX3HWTY=
-67,-73,l+YRCTuDPGjlk2eVqAqG54BTwOc=,KN0xCYbQSWGo9iIaztykRVGRfqU=
-66,-73,l+YRCTuDPGjlk2eVqAqG54BTwOc=,omkeAEXnh75B8O3qov+RsMT+I2M=
-66,-72,l+YRCTuDPGjlk2eVqAqG54BTwOc=,HRco1vv6s4gDpRvU519KoqZ4itk=
-67,-72,l+YRCTuDPGjlk2eVqAqG54BTwOc=,QQ0+jkCQZ6jtrIPkoOrsrMXk0ls=
-70,-74,l+YRCTuDPGjlk2eVqAqG54BTwOc=,tUV8n2VoR1jP7paG1KqZUmN6gKg=
-71,-75,l+YRCTuDPGjlk2eVqAqG54BTwOc=,DKCqnUl8C50h1B2wlmRM+l7zS90=
-71,-74,l+YRCTuDPGjlk2eVqAqG54BTwOc=,je6XjDXy5YH/s1KS5Fy1r/isrCM=
-70,-75,l+YRCTuDPGjlk2eVqAqG54BTwOc=,rHRZRRctkoHiBF95WZr4LcRM9bE=
-69,-75,l+YRCTuDPGjlk2eVqAqG54BTwOc=,rHRZRRctkoHiBF95WZr4LcRM9bE=
-69,-74,l+YRCTuDPGjlk2eVqAqG54BTwOc=,tUV8n2VoR1jP7paG1KqZUmN6gKg=
-68,-74,l+YRCTuDPGjlk2eVqAqG54BTwOc=,KN0xCYbQSWGo9iIaztykRVGRfqU=
-68,-75,l+YRCTuDPGjlk2eVqAqG54BTwOc=,PD7+HWFI0Xgk7TPzBEk1nTLoRZQ=
-67,-75,l+YRCTuDPGjlk2eVqAqG54BTwOc=,PD7+HWFI0Xgk7TPzBEk1nTLoRZQ=
-66,-75,l+YRCTuDPGjlk2eVqAqG54BTwOc=,yEdyp3uRXgM5ntoYOKZC4Q9ty1o=
-67,-74,l+YRCTuDPGjlk2eVqAqG54BTwOc=,KN0xCYbQSWGo9iIaztykRVGRfqU=
-66,-74,l+YRCTuDPGjlk2eVqAqG54BTwOc=,omkeAEXnh75B8O3qov+RsMT+I2M=
-70,-77,l+YRCTuDPGjlk2eVqAqG54BTwOc=,fRUII32gQ5hc+YFH5jgOKNJFESI=
-70,-76,l+YRCTuDPGjlk2eVqAqG54BTwOc=,rHRZRRctkoHiBF95WZr4LcRM9bE=
-71,-76,l+YRCTuDPGjlk2eVqAqG54BTwOc=,DKCqnUl8C50h1B2wlmRM+l7zS90=
-71,-77,l+YRCTuDPGjlk2eVqAqG54BTwOc=,fgGKYaOZBhyLi46EhHpIZ2HFiIc=
-68,-77,l+YRCTuDPGjlk2eVqAqG54BTwOc=,Rd9sP49RI/z9o2spH9ssLWNxjzc=
-69,-77,l+YRCTuDPGjlk2eVqAqG54BTwOc=,fRUII32gQ5hc+YFH5jgOKNJFESI=
-68,-76,l+YRCTuDPGjlk2eVqAqG54BTwOc=,PD7+HWFI0Xgk7TPzBEk1nTLoRZQ=
-69,-76,l+YRCTuDPGjlk2eVqAqG54BTwOc=,rHRZRRctkoHiBF95WZr4LcRM9bE=
-66,-76,l+YRCTuDPGjlk2eVqAqG54BTwOc=,yEdyp3uRXgM5ntoYOKZC4Q9ty1o=
-67,-77,l+YRCTuDPGjlk2eVqAqG54BTwOc=,Rd9sP49RI/z9o2spH9ssLWNxjzc=
-67,-76,l+YRCTuDPGjlk2eVqAqG54BTwOc=,PD7+HWFI0Xgk7TPzBEk1nTLoRZQ=
-66,-77,l+YRCTuDPGjlk2eVqAqG54BTwOc=,0UIa2UK//ap7vqUsOmTdMpomk24=
-71,-78,l+YRCTuDPGjlk2eVqAqG54BTwOc=,fgGKYaOZBhyLi46EhHpIZ2HFiIc=
-70,-78,l+YRCTuDPGjlk2eVqAqG54BTwOc=,fRUII32gQ5hc+YFH5jgOKNJFESI=
-71,-79,l+YRCTuDPGjlk2eVqAqG54BTwOc=,c66eB6qhUqSVXEOFIJGrGo1/x6g=
-70,-79,l+YRCTuDPGjlk2eVqAqG54BTwOc=,8+iOvcxvMDKuHfNw/cAjQ0SC54E=
-68,-78,FEPn2VCH9Jwms/pSszOyIl0t14g=,Rd9sP49RI/z9o2spH9ssLWNxjzc=
-69,-79,FEPn2VCH9Jwms/pSszOyIl0t14g=,8+iOvcxvMDKuHfNw/cAjQ0SC54E=
-68,-80,FEPn2VCH9Jwms/pSszOyIl0t14g=,FXahhrpwIJqv2HKjSrXT47aqnOI=
-68,-79,FEPn2VCH9Jwms/pSszOyIl0t14g=,FXahhrpwIJqv2HKjSrXT47aqnOI=
-69,-78,FEPn2VCH9Jwms/pSszOyIl0t14g=,fRUII32gQ5hc+YFH5jgOKNJFESI=
-69,-80,FEPn2VCH9Jwms/pSszOyIl0t14g=,8+iOvcxvMDKuHfNw/cAjQ0SC54E=
-66,-78,FEPn2VCH9Jwms/pSszOyIl0t14g=,0UIa2UK//ap7vqUsOmTdMpomk24=
-67,-78,FEPn2VCH9Jwms/pSszOyIl0t14g=,Rd9sP49RI/z9o2spH9ssLWNxjzc=
-67,-79,FEPn2VCH9Jwms/pSszOyIl0t14g=,FXahhrpwIJqv2HKjSrXT47aqnOI=
-65,-78,FEPn2VCH9Jwms/pSszOyIl0t14g=,0UIa2UK//ap7vqUsOmTdMpomk24=
-65,-79,FEPn2VCH9Jwms/pSszOyIl0t14g=,wYiGT9slLLcyW3v7wbtgPmqLrvU=
-66,-80,FEPn2VCH9Jwms/pSszOyIl0t14g=,wYiGT9slLLcyW3v7wbtgPmqLrvU=
-66,-79,FEPn2VCH9Jwms/pSszOyIl0t14g=,wYiGT9slLLcyW3v7wbtgPmqLrvU=
-65,-72,FEPn2VCH9Jwms/pSszOyIl0t14g=,HRco1vv6s4gDpRvU519KoqZ4itk=
-65,-73,FEPn2VCH9Jwms/pSszOyIl0t14g=,omkeAEXnh75B8O3qov+RsMT+I2M=
-67,-80,FEPn2VCH9Jwms/pSszOyIl0t14g=,FXahhrpwIJqv2HKjSrXT47aqnOI=
-65,-80,FEPn2VCH9Jwms/pSszOyIl0t14g=,wYiGT9slLLcyW3v7wbtgPmqLrvU=
-65,-71,FEPn2VCH9Jwms/pSszOyIl0t14g=,HRco1vv6s4gDpRvU519KoqZ4itk=
-65,-69,FEPn2VCH9Jwms/pSszOyIl0t14g=,C5eAoAgUfI/20h9CGDN6AlV2Hug=
-65,-68,FEPn2VCH9Jwms/pSszOyIl0t14g=,aJyx9RzI9h03S/QNpbTcyqlbJOs=
-65,-70,FEPn2VCH9Jwms/pSszOyIl0t14g=,C5eAoAgUfI/20h9CGDN6AlV2Hug=
-65,-67,FEPn2VCH9Jwms/pSszOyIl0t14g=,aJyx9RzI9h03S/QNpbTcyqlbJOs=
-65,-66,FEPn2VCH9Jwms/pSszOyIl0t14g=,YzeZfmUvnZsAQILBolLMiDUQ8IE=
-66,-65,FEPn2VCH9Jwms/pSszOyIl0t14g=,YzeZfmUvnZsAQILBolLMiDUQ8IE=
-67,-65,FEPn2VCH9Jwms/pSszOyIl0t14g=,Kk1AgrYWDDcU4b0oIo98MKMedQQ=
-69,-65,FEPn2VCH9Jwms/pSszOyIl0t14g=,4adTG3K//0nvaAkum/O3Bd+OD9U=
-68,-65,FEPn2VCH9Jwms/pSszOyIl0t14g=,Kk1AgrYWDDcU4b0oIo98MKMedQQ=
-71,-65,FEPn2VCH9Jwms/pSszOyIl0t14g=,kfkuioyZX4ZDdtsuwHVELUjoHNg=
-72,-65,FEPn2VCH9Jwms/pSszOyIl0t14g=,kfkuioyZX4ZDdtsuwHVELUjoHNg=
-74,-65,FEPn2VCH9Jwms/pSszOyIl0t14g=,QlOAQQLJf5LflbnYeSE/ddaM4kk=
-73,-65,FEPn2VCH9Jwms/pSszOyIl0t14g=,QlOAQQLJf5LflbnYeSE/ddaM4kk=
-70,-65,FEPn2VCH9Jwms/pSszOyIl0t14g=,4adTG3K//0nvaAkum/O3Bd+OD9U=
-75,-65,FEPn2VCH9Jwms/pSszOyIl0t14g=,fsWXCQCT/dvZNcHeb7ELz07ks8M=
-76,-65,FEPn2VCH9Jwms/pSszOyIl0t14g=,fsWXCQCT/dvZNcHeb7ELz07ks8M=
-77,-65,FEPn2VCH9Jwms/pSszOyIl0t14g=,SvPS9x1V28aVAzahqASL3uLPR9o=
-79,-67,FEPn2VCH9Jwms/pSszOyIl0t14g=,Dr9y8RLF8PH1lthAZ98BpZnPsxc=
-78,-66,FEPn2VCH9Jwms/pSszOyIl0t14g=,SvPS9x1V28aVAzahqASL3uLPR9o=
-78,-67,FEPn2VCH9Jwms/pSszOyIl0t14g=,Ejb1eBBsFVmE8IRk5cJO1fJgLRY=
-79,-66,FEPn2VCH9Jwms/pSszOyIl0t14g=,Iw/XyyCnGde3vhMCTsQG5/e2TmI=
-78,-68,FEPn2VCH9Jwms/pSszOyIl0t14g=,Ejb1eBBsFVmE8IRk5cJO1fJgLRY=
-80,-66,FEPn2VCH9Jwms/pSszOyIl0t14g=,Iw/XyyCnGde3vhMCTsQG5/e2TmI=
-79,-68,FEPn2VCH9Jwms/pSszOyIl0t14g=,Dr9y8RLF8PH1lthAZ98BpZnPsxc=
-78,-69,FEPn2VCH9Jwms/pSszOyIl0t14g=,IKHWSNkOQb0BGU7M24tB38pAd+s=
-80,-68,FEPn2VCH9Jwms/pSszOyIl0t14g=,Dr9y8RLF8PH1lthAZ98BpZnPsxc=
-79,-69,FEPn2VCH9Jwms/pSszOyIl0t14g=,J4uuokZaKj7G4T6kKWwTj5c2LDg=
-80,-69,FEPn2VCH9Jwms/pSszOyIl0t14g=,J4uuokZaKj7G4T6kKWwTj5c2LDg=
-78,-73,FEPn2VCH9Jwms/pSszOyIl0t14g=,IR0UTSzQt5+ki083OnR0eXQp0bI=
-78,-72,FEPn2VCH9Jwms/pSszOyIl0t14g=,Rq63RssvtpaumqL+FXMNo4fg5KA=
-78,-71,FEPn2VCH9Jwms/pSszOyIl0t14g=,Rq63RssvtpaumqL+FXMNo4fg5KA=
-79,-73,FEPn2VCH9Jwms/pSszOyIl0t14g=,WAyXu/xDWVFOw7s8nJYtQrlwsjY=
-79,-71,FEPn2VCH9Jwms/pSszOyIl0t14g=,lgLiIpWrdSgId/vCU/nQrQJeWn0=
-79,-70,FEPn2VCH9Jwms/pSszOyIl0t14g=,J4uuokZaKj7G4T6kKWwTj5c2LDg=
-80,-67,FEPn2VCH9Jwms/pSszOyIl0t14g=,Dr9y8RLF8PH1lthAZ98BpZnPsxc=
-80,-70,FEPn2VCH9Jwms/pSszOyIl0t14g=,J4uuokZaKj7G4T6kKWwTj5c2LDg=
-80,-79,FEPn2VCH9Jwms/pSszOyIl0t14g=,/pwYlFWqUy+AOOKnpTpbdfwISaU=
-80,-75,FEPn2VCH9Jwms/pSszOyIl0t14g=,QDdmDEpKUEbVNZgDoFvlzR6YnQs=
-80,-78,FEPn2VCH9Jwms/pSszOyIl0t14g=,UEoMocku4zNsFwHjp9bZL2lCb6A=
-78,-70,FEPn2VCH9Jwms/pSszOyIl0t14g=,IKHWSNkOQb0BGU7M24tB38pAd+s=
-80,-71,FEPn2VCH9Jwms/pSszOyIl0t14g=,lgLiIpWrdSgId/vCU/nQrQJeWn0=
-78,-80,FEPn2VCH9Jwms/pSszOyIl0t14g=,IzFJ2ncaGXxPLFqlGUgkfSTGR/Y=
-79,-72,FEPn2VCH9Jwms/pSszOyIl0t14g=,lgLiIpWrdSgId/vCU/nQrQJeWn0=
-80,-72,FEPn2VCH9Jwms/pSszOyIl0t14g=,lgLiIpWrdSgId/vCU/nQrQJeWn0=
-80,-74,FEPn2VCH9Jwms/pSszOyIl0t14g=,WAyXu/xDWVFOw7s8nJYtQrlwsjY=
-79,-80,FEPn2VCH9Jwms/pSszOyIl0t14g=,/pwYlFWqUy+AOOKnpTpbdfwISaU=
-80,-77,FEPn2VCH9Jwms/pSszOyIl0t14g=,UEoMocku4zNsFwHjp9bZL2lCb6A=
-75,-80,FEPn2VCH9Jwms/pSszOyIl0t14g=,TaMsyg45csy6LnEu5X03567xq1k=
-74,-80,FEPn2VCH9Jwms/pSszOyIl0t14g=,nhubOv2b16/ij7GcxkHv7I0qccw=
-77,-80,FEPn2VCH9Jwms/pSszOyIl0t14g=,IzFJ2ncaGXxPLFqlGUgkfSTGR/Y=
-76,-80,FEPn2VCH9Jwms/pSszOyIl0t14g=,TaMsyg45csy6LnEu5X03567xq1k=
-80,-73,FEPn2VCH9Jwms/pSszOyIl0t14g=,WAyXu/xDWVFOw7s8nJYtQrlwsjY=
-70,-80,FEPn2VCH9Jwms/pSszOyIl0t14g=,8+iOvcxvMDKuHfNw/cAjQ0SC54E=
-65,-65,FEPn2VCH9Jwms/pSszOyIl0t14g=,YzeZfmUvnZsAQILBolLMiDUQ8IE=
-72,-80,FEPn2VCH9Jwms/pSszOyIl0t14g=,c66eB6qhUqSVXEOFIJGrGo1/x6g=
-71,-80,FEPn2VCH9Jwms/pSszOyIl0t14g=,c66eB6qhUqSVXEOFIJGrGo1/x6g=
-73,-80,FEPn2VCH9Jwms/pSszOyIl0t14g=,nhubOv2b16/ij7GcxkHv7I0qccw=
-65,-76,FEPn2VCH9Jwms/pSszOyIl0t14g=,yEdyp3uRXgM5ntoYOKZC4Q9ty1o=
-65,-74,FEPn2VCH9Jwms/pSszOyIl0t14g=,omkeAEXnh75B8O3qov+RsMT+I2M=
-65,-75,FEPn2VCH9Jwms/pSszOyIl0t14g=,yEdyp3uRXgM5ntoYOKZC4Q9ty1o=
-80,-76,FEPn2VCH9Jwms/pSszOyIl0t14g=,QDdmDEpKUEbVNZgDoFvlzR6YnQs=
-80,-80,FEPn2VCH9Jwms/pSszOyIl0t14g=,/pwYlFWqUy+AOOKnpTpbdfwISaU=
-80,-65,FEPn2VCH9Jwms/pSszOyIl0t14g=,Iw/XyyCnGde3vhMCTsQG5/e2TmI=
-79,-65,FEPn2VCH9Jwms/pSszOyIl0t14g=,Iw/XyyCnGde3vhMCTsQG5/e2TmI=
-65,-77,FEPn2VCH9Jwms/pSszOyIl0t14g=,0UIa2UK//ap7vqUsOmTdMpomk24=
-78,-65,FEPn2VCH9Jwms/pSszOyIl0t14g=,SvPS9x1V28aVAzahqASL3uLPR9o=
-71,-95,rKjWL7k63LTXYEUD9xPzrQtfq9E=,5qYlzDUEYE1oQ5L0uaqTDXWkMw4=
-70,-94,rKjWL7k63LTXYEUD9xPzrQtfq9E=,EI4hhZ8VFRP913Qxt3GdY9VjGos=
-71,-94,rKjWL7k63LTXYEUD9xPzrQtfq9E=,U8HhSmqtCSKoo+ZMXry7FuwYLvw=
-70,-95,rKjWL7k63LTXYEUD9xPzrQtfq9E=,YHrGHZCRN3RalBtEt1KDumz2X7c=
-72,-92,rKjWL7k63LTXYEUD9xPzrQtfq9E=,Hpk/omicvAXRJgBYmfcxl0sCaWQ=
-73,-95,rKjWL7k63LTXYEUD9xPzrQtfq9E=,60LsO9REaz5qMH0n0czWWq0M4gQ=
-72,-95,rKjWL7k63LTXYEUD9xPzrQtfq9E=,5qYlzDUEYE1oQ5L0uaqTDXWkMw4=
-73,-93,rKjWL7k63LTXYEUD9xPzrQtfq9E=,eV2JFGOjRDtzeVYDX3wn9j+7ELE=
-73,-92,rKjWL7k63LTXYEUD9xPzrQtfq9E=,8FfyUHzEVkw57IH8kGlwAkF9ICw=
-72,-94,rKjWL7k63LTXYEUD9xPzrQtfq9E=,U8HhSmqtCSKoo+ZMXry7FuwYLvw=
-72,-93,rKjWL7k63LTXYEUD9xPzrQtfq9E=,U8HhSmqtCSKoo+ZMXry7FuwYLvw=
-73,-94,rKjWL7k63LTXYEUD9xPzrQtfq9E=,eV2JFGOjRDtzeVYDX3wn9j+7ELE=
-75,-95,rKjWL7k63LTXYEUD9xPzrQtfq9E=,cBmRooUx2FPifbjBodE3L9V/9qg=
-74,-95,rKjWL7k63LTXYEUD9xPzrQtfq9E=,60LsO9REaz5qMH0n0czWWq0M4gQ=
-75,-92,rKjWL7k63LTXYEUD9xPzrQtfq9E=,k+8Wj2Fj2cOaopODjnzHSJmzMT8=
-74,-92,rKjWL7k63LTXYEUD9xPzrQtfq9E=,8FfyUHzEVkw57IH8kGlwAkF9ICw=
-74,-93,rKjWL7k63LTXYEUD9xPzrQtfq9E=,eV2JFGOjRDtzeVYDX3wn9j+7ELE=
-74,-94,rKjWL7k63LTXYEUD9xPzrQtfq9E=,eV2JFGOjRDtzeVYDX3wn9j+7ELE=
-75,-93,rKjWL7k63LTXYEUD9xPzrQtfq9E=,VGYmuzB0qwe08fzZBfocOhydGu8=
-75,-94,rKjWL7k63LTXYEUD9xPzrQtfq9E=,VGYmuzB0qwe08fzZBfocOhydGu8=
-77,-92,rKjWL7k63LTXYEUD9xPzrQtfq9E=,ZG42gh1+JMRUQypelgylxc0R31U=
-76,-95,rKjWL7k63LTXYEUD9xPzrQtfq9E=,cBmRooUx2FPifbjBodE3L9V/9qg=
-76,-92,rKjWL7k63LTXYEUD9xPzrQtfq9E=,k+8Wj2Fj2cOaopODjnzHSJmzMT8=
-77,-95,rKjWL7k63LTXYEUD9xPzrQtfq9E=,yE/mBCsSViyx9pN+Mc9tKvZ7AHg=
-77,-93,rKjWL7k63LTXYEUD9xPzrQtfq9E=,G9YaWoK4BLxnJDal2zmY1nUxLd0=
-77,-94,rKjWL7k63LTXYEUD9xPzrQtfq9E=,G9YaWoK4BLxnJDal2zmY1nUxLd0=
-76,-93,rKjWL7k63LTXYEUD9xPzrQtfq9E=,VGYmuzB0qwe08fzZBfocOhydGu8=
-77,-90,rKjWL7k63LTXYEUD9xPzrQtfq9E=,z+tmPmU+BXuw/iD0iGWPhNs1Ifg=
-76,-94,rKjWL7k63LTXYEUD9xPzrQtfq9E=,VGYmuzB0qwe08fzZBfocOhydGu8=
-77,-91,rKjWL7k63LTXYEUD9xPzrQtfq9E=,ZG42gh1+JMRUQypelgylxc0R31U=
-76,-90,rKjWL7k63LTXYEUD9xPzrQtfq9E=,7sjkfLZskEHDb4biDzNBFjfqYWw=
-76,-91,rKjWL7k63LTXYEUD9xPzrQtfq9E=,k+8Wj2Fj2cOaopODjnzHSJmzMT8=
-77,-88,rKjWL7k63LTXYEUD9xPzrQtfq9E=,idscnLRWuMcC4hqT4orNkk3CN/Y=
-77,-89,rKjWL7k63LTXYEUD9xPzrQtfq9E=,z+tmPmU+BXuw/iD0iGWPhNs1Ifg=
-76,-88,rKjWL7k63LTXYEUD9xPzrQtfq9E=,LruGw9W8EwrJAv1Y3SCfTVGOOh0=
-76,-89,rKjWL7k63LTXYEUD9xPzrQtfq9E=,7sjkfLZskEHDb4biDzNBFjfqYWw=
-76,-87,rKjWL7k63LTXYEUD9xPzrQtfq9E=,LruGw9W8EwrJAv1Y3SCfTVGOOh0=
-77,-87,rKjWL7k63LTXYEUD9xPzrQtfq9E=,idscnLRWuMcC4hqT4orNkk3CN/Y=
-77,-86,rKjWL7k63LTXYEUD9xPzrQtfq9E=,nK0KeN8f8TAh78A+E41+aRFX7Ys=
-76,-86,rKjWL7k63LTXYEUD9xPzrQtfq9E=,gQeVFk4AkiN2gzWjuisFIaEUCAg=
-76,-85,cFh2leGARFYqgsnOVBM5FjZgtVA=,gQeVFk4AkiN2gzWjuisFIaEUCAg=
-77,-84,cFh2leGARFYqgsnOVBM5FjZgtVA=,fuXY5CroD/cKqCEeCFjAGO2gulE=
-77,-85,cFh2leGARFYqgsnOVBM5FjZgtVA=,nK0KeN8f8TAh78A+E41+aRFX7Ys=
-76,-84,cFh2leGARFYqgsnOVBM5FjZgtVA=,fbi4tsjLjIpO29Ru8xxIyIashRs=
-76,-82,cFh2leGARFYqgsnOVBM5FjZgtVA=,/xfo9SM/OAnI+wEL+ko0gcVeHqA=
-77,-83,cFh2leGARFYqgsnOVBM5FjZgtVA=,fuXY5CroD/cKqCEeCFjAGO2gulE=
-77,-82,cFh2leGARFYqgsnOVBM5FjZgtVA=,z9yJWXUr3DcpA1LAlXStus9TsGs=
-76,-83,cFh2leGARFYqgsnOVBM5FjZgtVA=,fbi4tsjLjIpO29Ru8xxIyIashRs=
-79,-83,cFh2leGARFYqgsnOVBM5FjZgtVA=,jzZH2Tm5qigbLyLCQsVnxCTqqWU=
-78,-83,cFh2leGARFYqgsnOVBM5FjZgtVA=,fuXY5CroD/cKqCEeCFjAGO2gulE=
-78,-82,cFh2leGARFYqgsnOVBM5FjZgtVA=,z9yJWXUr3DcpA1LAlXStus9TsGs=
-78,-84,cFh2leGARFYqgsnOVBM5FjZgtVA=,fuXY5CroD/cKqCEeCFjAGO2gulE=
-79,-85,cFh2leGARFYqgsnOVBM5FjZgtVA=,w7YdoImUYHnMQznt4kWw6XsTIU0=
-79,-82,cFh2leGARFYqgsnOVBM5FjZgtVA=,MZ4fHvYpe3mN8SvuE8d8D90DLWU=
-78,-86,cFh2leGARFYqgsnOVBM5FjZgtVA=,nK0KeN8f8TAh78A+E41+aRFX7Ys=
-78,-85,cFh2leGARFYqgsnOVBM5FjZgtVA=,nK0KeN8f8TAh78A+E41+aRFX7Ys=
-79,-86,cFh2leGARFYqgsnOVBM5FjZgtVA=,w7YdoImUYHnMQznt4kWw6XsTIU0=
-79,-84,cFh2leGARFYqgsnOVBM5FjZgtVA=,jzZH2Tm5qigbLyLCQsVnxCTqqWU=
-79,-87,cFh2leGARFYqgsnOVBM5FjZgtVA=,HLY+5g4Jaf04SyKTa2+O+Wr1I84=
-78,-87,cFh2leGARFYqgsnOVBM5FjZgtVA=,idscnLRWuMcC4hqT4orNkk3CN/Y=
-79,-89,cFh2leGARFYqgsnOVBM5FjZgtVA=,nkjXDjEIA5O02c6cizGXsh5R26E=
-78,-89,cFh2leGARFYqgsnOVBM5FjZgtVA=,z+tmPmU+BXuw/iD0iGWPhNs1Ifg=
-78,-88,cFh2leGARFYqgsnOVBM5FjZgtVA=,idscnLRWuMcC4hqT4orNkk3CN/Y=
-79,-88,cFh2leGARFYqgsnOVBM5FjZgtVA=,HLY+5g4Jaf04SyKTa2+O+Wr1I84=
-79,-90,cFh2leGARFYqgsnOVBM5FjZgtVA=,nkjXDjEIA5O02c6cizGXsh5R26E=
-78,-90,cFh2leGARFYqgsnOVBM5FjZgtVA=,z+tmPmU+BXuw/iD0iGWPhNs1Ifg=
-78,-91,cFh2leGARFYqgsnOVBM5FjZgtVA=,ZG42gh1+JMRUQypelgylxc0R31U=
-79,-91,cFh2leGARFYqgsnOVBM5FjZgtVA=,Pg80ohdIBvMTeIsgJvWuO9hf99Q=
-79,-93,cFh2leGARFYqgsnOVBM5FjZgtVA=,jsFiMNCZ14KfCFsxlLiS676gvK4=
-78,-92,cFh2leGARFYqgsnOVBM5FjZgtVA=,ZG42gh1+JMRUQypelgylxc0R31U=
-79,-92,cFh2leGARFYqgsnOVBM5FjZgtVA=,Pg80ohdIBvMTeIsgJvWuO9hf99Q=
-78,-95,cFh2leGARFYqgsnOVBM5FjZgtVA=,yE/mBCsSViyx9pN+Mc9tKvZ7AHg=
-79,-94,cFh2leGARFYqgsnOVBM5FjZgtVA=,jsFiMNCZ14KfCFsxlLiS676gvK4=
-78,-93,cFh2leGARFYqgsnOVBM5FjZgtVA=,G9YaWoK4BLxnJDal2zmY1nUxLd0=
-78,-94,cFh2leGARFYqgsnOVBM5FjZgtVA=,G9YaWoK4BLxnJDal2zmY1nUxLd0=
-79,-95,cFh2leGARFYqgsnOVBM5FjZgtVA=,X+ornUJn6VLIGHR8496LuLx0vfI=
-80,-91,cFh2leGARFYqgsnOVBM5FjZgtVA=,Pg80ohdIBvMTeIsgJvWuO9hf99Q=
-80,-92,cFh2leGARFYqgsnOVBM5FjZgtVA=,Pg80ohdIBvMTeIsgJvWuO9hf99Q=
-80,-93,cFh2leGARFYqgsnOVBM5FjZgtVA=,jsFiMNCZ14KfCFsxlLiS676gvK4=
-80,-90,cFh2leGARFYqgsnOVBM5FjZgtVA=,nkjXDjEIA5O02c6cizGXsh5R26E=
-80,-89,cFh2leGARFYqgsnOVBM5FjZgtVA=,nkjXDjEIA5O02c6cizGXsh5R26E=
-80,-94,cFh2leGARFYqgsnOVBM5FjZgtVA=,jsFiMNCZ14KfCFsxlLiS676gvK4=
-80,-88,cFh2leGARFYqgsnOVBM5FjZgtVA=,HLY+5g4Jaf04SyKTa2+O+Wr1I84=
-80,-95,cFh2leGARFYqgsnOVBM5FjZgtVA=,X+ornUJn6VLIGHR8496LuLx0vfI=
-80,-86,cFh2leGARFYqgsnOVBM5FjZgtVA=,w7YdoImUYHnMQznt4kWw6XsTIU0=
-80,-87,cFh2leGARFYqgsnOVBM5FjZgtVA=,HLY+5g4Jaf04SyKTa2+O+Wr1I84=
-80,-84,cFh2leGARFYqgsnOVBM5FjZgtVA=,jzZH2Tm5qigbLyLCQsVnxCTqqWU=
-80,-85,cFh2leGARFYqgsnOVBM5FjZgtVA=,w7YdoImUYHnMQznt4kWw6XsTIU0=
-80,-83,cFh2leGARFYqgsnOVBM5FjZgtVA=,jzZH2Tm5qigbLyLCQsVnxCTqqWU=
-80,-82,cFh2leGARFYqgsnOVBM5FjZgtVA=,MZ4fHvYpe3mN8SvuE8d8D90DLWU=
-77,-81,cFh2leGARFYqgsnOVBM5FjZgtVA=,z9yJWXUr3DcpA1LAlXStus9TsGs=
-76,-81,cFh2leGARFYqgsnOVBM5FjZgtVA=,/xfo9SM/OAnI+wEL+ko0gcVeHqA=
-78,-81,cFh2leGARFYqgsnOVBM5FjZgtVA=,z9yJWXUr3DcpA1LAlXStus9TsGs=
-79,-81,cFh2leGARFYqgsnOVBM5FjZgtVA=,MZ4fHvYpe3mN8SvuE8d8D90DLWU=
-75,-82,cFh2leGARFYqgsnOVBM5FjZgtVA=,/xfo9SM/OAnI+wEL+ko0gcVeHqA=
-75,-83,cFh2leGARFYqgsnOVBM5FjZgtVA=,fbi4tsjLjIpO29Ru8xxIyIashRs=
-74,-83,cFh2leGARFYqgsnOVBM5FjZgtVA=,P8+URVtKebM+JLKkZZAB1IswKXM=
-72,-82,cFh2leGARFYqgsnOVBM5FjZgtVA=,vQa27DUFJEjKwWFWJ2/XOutdc3o=
-74,-82,cFh2leGARFYqgsnOVBM5FjZgtVA=,Oub29y2HL06yarOds/z18bAilxo=
-73,-82,cFh2leGARFYqgsnOVBM5FjZgtVA=,Oub29y2HL06yarOds/z18bAilxo=
-72,-83,cFh2leGARFYqgsnOVBM5FjZgtVA=,kziJgSwIRFhFBK8OB9ShT8979B8=
-73,-83,cFh2leGARFYqgsnOVBM5FjZgtVA=,P8+URVtKebM+JLKkZZAB1IswKXM=
-71,-83,cFh2leGARFYqgsnOVBM5FjZgtVA=,kziJgSwIRFhFBK8OB9ShT8979B8=
-70,-83,cFh2leGARFYqgsnOVBM5FjZgtVA=,8vv+lCgM9Kx7u2GBQX4N7Jy/6Wc=
-70,-82,cFh2leGARFYqgsnOVBM5FjZgtVA=,/3gK+S82Fgmd6PdTfmf1AxMl0b0=
-71,-82,cFh2leGARFYqgsnOVBM5FjZgtVA=,vQa27DUFJEjKwWFWJ2/XOutdc3o=
-70,-84,cFh2leGARFYqgsnOVBM5FjZgtVA=,8vv+lCgM9Kx7u2GBQX4N7Jy/6Wc=
-71,-84,cFh2leGARFYqgsnOVBM5FjZgtVA=,kziJgSwIRFhFBK8OB9ShT8979B8=
-71,-85,cFh2leGARFYqgsnOVBM5FjZgtVA=,guSzWRNlLDUJnenlb9tsrLTwRac=
-70,-85,cFh2leGARFYqgsnOVBM5FjZgtVA=,ACOIBg5tC5Yt/HYQiTvI2JNAKhE=
-69,-84,MLZfhTPgHBz4B+G/78vRjuAryRY=,8vv+lCgM9Kx7u2GBQX4N7Jy/6Wc=
-69,-85,MLZfhTPgHBz4B+G/78vRjuAryRY=,ACOIBg5tC5Yt/HYQiTvI2JNAKhE=
-68,-84,MLZfhTPgHBz4B+G/78vRjuAryRY=,VP/7CqMp1SG6jVNWghGFdPszMPM=
-68,-85,MLZfhTPgHBz4B+G/78vRjuAryRY=,pLYYJYs/sN1HMnl/dJ7IZ4l3amM=
-66,-87,MLZfhTPgHBz4B+G/78vRjuAryRY=,LqrUiiYx5t+KbSyTaXob28YUnTc=
-66,-86,MLZfhTPgHBz4B+G/78vRjuAryRY=,Ys/bzI0+0xX58p1Dc8XgAkmBrlU=
-67,-86,MLZfhTPgHBz4B+G/78vRjuAryRY=,pLYYJYs/sN1HMnl/dJ7IZ4l3amM=
-67,-87,MLZfhTPgHBz4B+G/78vRjuAryRY=,Rzb0GLr3WDDgjDn3p2GsmCq50aU=
-66,-84,MLZfhTPgHBz4B+G/78vRjuAryRY=,yAHr+1uqqia1/Wq7qq70Okwf2Qc=
-67,-85,MLZfhTPgHBz4B+G/78vRjuAryRY=,pLYYJYs/sN1HMnl/dJ7IZ4l3amM=
-66,-85,MLZfhTPgHBz4B+G/78vRjuAryRY=,Ys/bzI0+0xX58p1Dc8XgAkmBrlU=
-67,-84,MLZfhTPgHBz4B+G/78vRjuAryRY=,VP/7CqMp1SG6jVNWghGFdPszMPM=
-71,-86,MLZfhTPgHBz4B+G/78vRjuAryRY=,guSzWRNlLDUJnenlb9tsrLTwRac=
-69,-86,MLZfhTPgHBz4B+G/78vRjuAryRY=,ACOIBg5tC5Yt/HYQiTvI2JNAKhE=
-68,-87,MLZfhTPgHBz4B+G/78vRjuAryRY=,Rzb0GLr3WDDgjDn3p2GsmCq50aU=
-69,-87,MLZfhTPgHBz4B+G/78vRjuAryRY=,xtrxwPRICWtDJ3hlyHK8GhqC+qA=
-68,-86,MLZfhTPgHBz4B+G/78vRjuAryRY=,pLYYJYs/sN1HMnl/dJ7IZ4l3amM=
-70,-87,MLZfhTPgHBz4B+G/78vRjuAryRY=,xtrxwPRICWtDJ3hlyHK8GhqC+qA=
-70,-86,MLZfhTPgHBz4B+G/78vRjuAryRY=,ACOIBg5tC5Yt/HYQiTvI2JNAKhE=
-71,-87,MLZfhTPgHBz4B+G/78vRjuAryRY=,x0C49eqaM7HoBOmIrZ1QzjZaBFY=
-74,-90,MLZfhTPgHBz4B+G/78vRjuAryRY=,g0/EuljtCQGhHXgatlkBvOW3T1U=
-72,-91,MLZfhTPgHBz4B+G/78vRjuAryRY=,Hpk/omicvAXRJgBYmfcxl0sCaWQ=
-70,-88,MLZfhTPgHBz4B+G/78vRjuAryRY=,xtrxwPRICWtDJ3hlyHK8GhqC+qA=
-73,-91,MLZfhTPgHBz4B+G/78vRjuAryRY=,8FfyUHzEVkw57IH8kGlwAkF9ICw=
-75,-91,MLZfhTPgHBz4B+G/78vRjuAryRY=,k+8Wj2Fj2cOaopODjnzHSJmzMT8=
-71,-88,MLZfhTPgHBz4B+G/78vRjuAryRY=,x0C49eqaM7HoBOmIrZ1QzjZaBFY=
-74,-91,MLZfhTPgHBz4B+G/78vRjuAryRY=,8FfyUHzEVkw57IH8kGlwAkF9ICw=
-71,-89,MLZfhTPgHBz4B+G/78vRjuAryRY=,x/F3z6bKlt+7jjMQ64Hp865Ac/M=
-72,-90,MLZfhTPgHBz4B+G/78vRjuAryRY=,x/F3z6bKlt+7jjMQ64Hp865Ac/M=
-73,-90,MLZfhTPgHBz4B+G/78vRjuAryRY=,g0/EuljtCQGhHXgatlkBvOW3T1U=
-75,-90,MLZfhTPgHBz4B+G/78vRjuAryRY=,7sjkfLZskEHDb4biDzNBFjfqYWw=
-74,-88,MLZfhTPgHBz4B+G/78vRjuAryRY=,lxuJm53zFx4loXyP0zS8Abd1/nA=
-70,-89,MLZfhTPgHBz4B+G/78vRjuAryRY=,TuLpA36swHWUaGoqFn7viVhC0Hk=
-73,-89,MLZfhTPgHBz4B+G/78vRjuAryRY=,g0/EuljtCQGhHXgatlkBvOW3T1U=
-75,-88,MLZfhTPgHBz4B+G/78vRjuAryRY=,LruGw9W8EwrJAv1Y3SCfTVGOOh0=
-72,-89,MLZfhTPgHBz4B+G/78vRjuAryRY=,x/F3z6bKlt+7jjMQ64Hp865Ac/M=
-75,-89,MLZfhTPgHBz4B+G/78vRjuAryRY=,7sjkfLZskEHDb4biDzNBFjfqYWw=
-73,-88,MLZfhTPgHBz4B+G/78vRjuAryRY=,lxuJm53zFx4loXyP0zS8Abd1/nA=
-74,-89,MLZfhTPgHBz4B+G/78vRjuAryRY=,g0/EuljtCQGhHXgatlkBvOW3T1U=
-72,-88,MLZfhTPgHBz4B+G/78vRjuAryRY=,x0C49eqaM7HoBOmIrZ1QzjZaBFY=
-73,-84,MLZfhTPgHBz4B+G/78vRjuAryRY=,P8+URVtKebM+JLKkZZAB1IswKXM=
-74,-84,MLZfhTPgHBz4B+G/78vRjuAryRY=,P8+URVtKebM+JLKkZZAB1IswKXM=
-75,-87,MLZfhTPgHBz4B+G/78vRjuAryRY=,LruGw9W8EwrJAv1Y3SCfTVGOOh0=
-73,-85,MLZfhTPgHBz4B+G/78vRjuAryRY=,PHVMXHJIe6jVxegY/kx4fD+hzog=
-75,-85,MLZfhTPgHBz4B+G/78vRjuAryRY=,gQeVFk4AkiN2gzWjuisFIaEUCAg=
-72,-85,MLZfhTPgHBz4B+G/78vRjuAryRY=,guSzWRNlLDUJnenlb9tsrLTwRac=
-75,-86,MLZfhTPgHBz4B+G/78vRjuAryRY=,gQeVFk4AkiN2gzWjuisFIaEUCAg=
-72,-86,MLZfhTPgHBz4B+G/78vRjuAryRY=,guSzWRNlLDUJnenlb9tsrLTwRac=
-74,-87,MLZfhTPgHBz4B+G/78vRjuAryRY=,lxuJm53zFx4loXyP0zS8Abd1/nA=
-74,-85,MLZfhTPgHBz4B+G/78vRjuAryRY=,PHVMXHJIe6jVxegY/kx4fD+hzog=
-74,-86,MLZfhTPgHBz4B+G/78vRjuAryRY=,PHVMXHJIe6jVxegY/kx4fD+hzog=
-73,-87,MLZfhTPgHBz4B+G/78vRjuAryRY=,lxuJm53zFx4loXyP0zS8Abd1/nA=
-72,-84,MLZfhTPgHBz4B+G/78vRjuAryRY=,kziJgSwIRFhFBK8OB9ShT8979B8=
-75,-84,MLZfhTPgHBz4B+G/78vRjuAryRY=,fbi4tsjLjIpO29Ru8xxIyIashRs=
-72,-87,MLZfhTPgHBz4B+G/78vRjuAryRY=,x0C49eqaM7HoBOmIrZ1QzjZaBFY=
-73,-86,MLZfhTPgHBz4B+G/78vRjuAryRY=,PHVMXHJIe6jVxegY/kx4fD+hzog=
-70,-93,MLZfhTPgHBz4B+G/78vRjuAryRY=,EI4hhZ8VFRP913Qxt3GdY9VjGos=
-71,-92,MLZfhTPgHBz4B+G/78vRjuAryRY=,Hpk/omicvAXRJgBYmfcxl0sCaWQ=
-71,-93,MLZfhTPgHBz4B+G/78vRjuAryRY=,U8HhSmqtCSKoo+ZMXry7FuwYLvw=
-70,-90,MLZfhTPgHBz4B+G/78vRjuAryRY=,TuLpA36swHWUaGoqFn7viVhC0Hk=
-70,-91,MLZfhTPgHBz4B+G/78vRjuAryRY=,8IWN2nanMPUE7xlPQnnx9b9KyvU=
-70,-92,MLZfhTPgHBz4B+G/78vRjuAryRY=,8IWN2nanMPUE7xlPQnnx9b9KyvU=
-71,-91,MLZfhTPgHBz4B+G/78vRjuAryRY=,Hpk/omicvAXRJgBYmfcxl0sCaWQ=
-71,-90,MLZfhTPgHBz4B+G/78vRjuAryRY=,x/F3z6bKlt+7jjMQ64Hp865Ac/M=
-69,-93,MLZfhTPgHBz4B+G/78vRjuAryRY=,EI4hhZ8VFRP913Qxt3GdY9VjGos=
-68,-96,1q77c2kAelkgOX6afUP/PDG1BWA=,X8iznXKEaEjKMOHt2AFkeZXdR/s=
-69,-95,1q77c2kAelkgOX6afUP/PDG1BWA=,YHrGHZCRN3RalBtEt1KDumz2X7c=
-69,-94,1q77c2kAelkgOX6afUP/PDG1BWA=,EI4hhZ8VFRP913Qxt3GdY9VjGos=
-67,-92,1q77c2kAelkgOX6afUP/PDG1BWA=,dzt2hYBx5idTzuLzcuVhRKQfXIs=
-67,-95,1q77c2kAelkgOX6afUP/PDG1BWA=,X8iznXKEaEjKMOHt2AFkeZXdR/s=
-66,-95,1q77c2kAelkgOX6afUP/PDG1BWA=,ODi/uYLukDBnoPMJEaUAkCo5XI4=
-69,-96,1q77c2kAelkgOX6afUP/PDG1BWA=,YHrGHZCRN3RalBtEt1KDumz2X7c=
-68,-95,1q77c2kAelkgOX6afUP/PDG1BWA=,X8iznXKEaEjKMOHt2AFkeZXdR/s=
-66,-94,1q77c2kAelkgOX6afUP/PDG1BWA=,vazx4IWJKhrNNn+lSnS/wfuDbgs=
-69,-92,1q77c2kAelkgOX6afUP/PDG1BWA=,8IWN2nanMPUE7xlPQnnx9b9KyvU=
-66,-93,1q77c2kAelkgOX6afUP/PDG1BWA=,vazx4IWJKhrNNn+lSnS/wfuDbgs=
-65,-94,1q77c2kAelkgOX6afUP/PDG1BWA=,vazx4IWJKhrNNn+lSnS/wfuDbgs=
-67,-96,1q77c2kAelkgOX6afUP/PDG1BWA=,X8iznXKEaEjKMOHt2AFkeZXdR/s=
-66,-96,1q77c2kAelkgOX6afUP/PDG1BWA=,ODi/uYLukDBnoPMJEaUAkCo5XI4=
-65,-93,1q77c2kAelkgOX6afUP/PDG1BWA=,vazx4IWJKhrNNn+lSnS/wfuDbgs=
-68,-94,1q77c2kAelkgOX6afUP/PDG1BWA=,YVs6fApet1kr6pUae3PYb99e5YI=
-66,-92,1q77c2kAelkgOX6afUP/PDG1BWA=,vWCO20epOFHv0345v86NZXLUgRA=
-65,-92,1q77c2kAelkgOX6afUP/PDG1BWA=,vWCO20epOFHv0345v86NZXLUgRA=
-67,-93,1q77c2kAelkgOX6afUP/PDG1BWA=,YVs6fApet1kr6pUae3PYb99e5YI=
-67,-94,1q77c2kAelkgOX6afUP/PDG1BWA=,YVs6fApet1kr6pUae3PYb99e5YI=
-65,-95,1q77c2kAelkgOX6afUP/PDG1BWA=,ODi/uYLukDBnoPMJEaUAkCo5XI4=
-68,-92,1q77c2kAelkgOX6afUP/PDG1BWA=,dzt2hYBx5idTzuLzcuVhRKQfXIs=
-68,-93,1q77c2kAelkgOX6afUP/PDG1BWA=,YVs6fApet1kr6pUae3PYb99e5YI=
-65,-86,1q77c2kAelkgOX6afUP/PDG1BWA=,Ys/bzI0+0xX58p1Dc8XgAkmBrlU=
-65,-85,1q77c2kAelkgOX6afUP/PDG1BWA=,Ys/bzI0+0xX58p1Dc8XgAkmBrlU=
-65,-87,1q77c2kAelkgOX6afUP/PDG1BWA=,LqrUiiYx5t+KbSyTaXob28YUnTc=
-65,-84,1q77c2kAelkgOX6afUP/PDG1BWA=,yAHr+1uqqia1/Wq7qq70Okwf2Qc=
-65,-89,1q77c2kAelkgOX6afUP/PDG1BWA=,KCeuK8kQaf90FvQKVVHK67mF7Xs=
-65,-90,1q77c2kAelkgOX6afUP/PDG1BWA=,KCeuK8kQaf90FvQKVVHK67mF7Xs=
-65,-88,1q77c2kAelkgOX6afUP/PDG1BWA=,LqrUiiYx5t+KbSyTaXob28YUnTc=
-65,-91,1q77c2kAelkgOX6afUP/PDG1BWA=,vWCO20epOFHv0345v86NZXLUgRA=
-66,-91,1q77c2kAelkgOX6afUP/PDG1BWA=,vWCO20epOFHv0345v86NZXLUgRA=
-66,-88,1q77c2kAelkgOX6afUP/PDG1BWA=,LqrUiiYx5t+KbSyTaXob28YUnTc=
-69,-89,1q77c2kAelkgOX6afUP/PDG1BWA=,TuLpA36swHWUaGoqFn7viVhC0Hk=
-67,-91,1q77c2kAelkgOX6afUP/PDG1BWA=,dzt2hYBx5idTzuLzcuVhRKQfXIs=
-67,-88,1q77c2kAelkgOX6afUP/PDG1BWA=,Rzb0GLr3WDDgjDn3p2GsmCq50aU=
-67,-90,1q77c2kAelkgOX6afUP/PDG1BWA=,GRz34RLrXSGKWpGkwzrcMglq1tk=
-68,-91,1q77c2kAelkgOX6afUP/PDG1BWA=,dzt2hYBx5idTzuLzcuVhRKQfXIs=
-68,-88,1q77c2kAelkgOX6afUP/PDG1BWA=,Rzb0GLr3WDDgjDn3p2GsmCq50aU=
-69,-91,1q77c2kAelkgOX6afUP/PDG1BWA=,8IWN2nanMPUE7xlPQnnx9b9KyvU=
-67,-89,1q77c2kAelkgOX6afUP/PDG1BWA=,GRz34RLrXSGKWpGkwzrcMglq1tk=
-66,-89,1q77c2kAelkgOX6afUP/PDG1BWA=,KCeuK8kQaf90FvQKVVHK67mF7Xs=
-69,-90,1q77c2kAelkgOX6afUP/PDG1BWA=,TuLpA36swHWUaGoqFn7viVhC0Hk=
-66,-90,1q77c2kAelkgOX6afUP/PDG1BWA=,KCeuK8kQaf90FvQKVVHK67mF7Xs=
-69,-88,1q77c2kAelkgOX6afUP/PDG1BWA=,xtrxwPRICWtDJ3hlyHK8GhqC+qA=
-68,-90,1q77c2kAelkgOX6afUP/PDG1BWA=,GRz34RLrXSGKWpGkwzrcMglq1tk=
-68,-89,1q77c2kAelkgOX6afUP/PDG1BWA=,GRz34RLrXSGKWpGkwzrcMglq1tk=
-69,-81,1q77c2kAelkgOX6afUP/PDG1BWA=,/3gK+S82Fgmd6PdTfmf1AxMl0b0=
-75,-81,1q77c2kAelkgOX6afUP/PDG1BWA=,/xfo9SM/OAnI+wEL+ko0gcVeHqA=
-69,-82,1q77c2kAelkgOX6afUP/PDG1BWA=,/3gK+S82Fgmd6PdTfmf1AxMl0b0=
-69,-83,1q77c2kAelkgOX6afUP/PDG1BWA=,8vv+lCgM9Kx7u2GBQX4N7Jy/6Wc=
-67,-81,1q77c2kAelkgOX6afUP/PDG1BWA=,x5u4iJx4kLaloEDM0+5REwD+Qns=
-68,-82,1q77c2kAelkgOX6afUP/PDG1BWA=,x5u4iJx4kLaloEDM0+5REwD+Qns=
-68,-81,1q77c2kAelkgOX6afUP/PDG1BWA=,x5u4iJx4kLaloEDM0+5REwD+Qns=
-70,-81,1q77c2kAelkgOX6afUP/PDG1BWA=,/3gK+S82Fgmd6PdTfmf1AxMl0b0=
-72,-81,1q77c2kAelkgOX6afUP/PDG1BWA=,vQa27DUFJEjKwWFWJ2/XOutdc3o=
-74,-81,1q77c2kAelkgOX6afUP/PDG1BWA=,Oub29y2HL06yarOds/z18bAilxo=
-71,-81,1q77c2kAelkgOX6afUP/PDG1BWA=,vQa27DUFJEjKwWFWJ2/XOutdc3o=
-66,-81,1q77c2kAelkgOX6afUP/PDG1BWA=,VFEFN4FtA+0QnGwJAvSHBgNNWDQ=
-67,-82,1q77c2kAelkgOX6afUP/PDG1BWA=,x5u4iJx4kLaloEDM0+5REwD+Qns=
-68,-83,1q77c2kAelkgOX6afUP/PDG1BWA=,VP/7CqMp1SG6jVNWghGFdPszMPM=
-80,-81,1q77c2kAelkgOX6afUP/PDG1BWA=,MZ4fHvYpe3mN8SvuE8d8D90DLWU=
-73,-81,1q77c2kAelkgOX6afUP/PDG1BWA=,Oub29y2HL06yarOds/z18bAilxo=
-65,-83,1q77c2kAelkgOX6afUP/PDG1BWA=,yAHr+1uqqia1/Wq7qq70Okwf2Qc=
-65,-81,1q77c2kAelkgOX6afUP/PDG1BWA=,VFEFN4FtA+0QnGwJAvSHBgNNWDQ=
-65,-82,1q77c2kAelkgOX6afUP/PDG1BWA=,VFEFN4FtA+0QnGwJAvSHBgNNWDQ=
-67,-83,1q77c2kAelkgOX6afUP/PDG1BWA=,VP/7CqMp1SG6jVNWghGFdPszMPM=
-66,-83,1q77c2kAelkgOX6afUP/PDG1BWA=,yAHr+1uqqia1/Wq7qq70Okwf2Qc=
-66,-82,1q77c2kAelkgOX6afUP/PDG1BWA=,VFEFN4FtA+0QnGwJAvSHBgNNWDQ=
-79,-96,1q77c2kAelkgOX6afUP/PDG1BWA=,X+ornUJn6VLIGHR8496LuLx0vfI=
-71,-96,1q77c2kAelkgOX6afUP/PDG1BWA=,5qYlzDUEYE1oQ5L0uaqTDXWkMw4=
-70,-96,1q77c2kAelkgOX6afUP/PDG1BWA=,YHrGHZCRN3RalBtEt1KDumz2X7c=
-80,-96,1q77c2kAelkgOX6afUP/PDG1BWA=,X+ornUJn6VLIGHR8496LuLx0vfI=
-78,-96,1q77c2kAelkgOX6afUP/PDG1BWA=,yE/mBCsSViyx9pN+Mc9tKvZ7AHg=
-72,-96,1q77c2kAelkgOX6afUP/PDG1BWA=,5qYlzDUEYE1oQ5L0uaqTDXWkMw4=
-73,-96,1q77c2kAelkgOX6afUP/PDG1BWA=,60LsO9REaz5qMH0n0czWWq0M4gQ=
-65,-96,1q77c2kAelkgOX6afUP/PDG1BWA=,ODi/uYLukDBnoPMJEaUAkCo5XI4=
-75,-96,1q77c2kAelkgOX6afUP/PDG1BWA=,cBmRooUx2FPifbjBodE3L9V/9qg=
-77,-96,1q77c2kAelkgOX6afUP/PDG1BWA=,yE/mBCsSViyx9pN+Mc9tKvZ7AHg=
-76,-96,1q77c2kAelkgOX6afUP/PDG1BWA=,cBmRooUx2FPifbjBodE3L9V/9qg=
-74,-96,1q77c2kAelkgOX6afUP/PDG1BWA=,60LsO9REaz5qMH0n0czWWq0M4gQ=
-91,-82,jzfJa/hatxPi3tJ4PoG4dCtaoOo=,4Nua7V5WhgLLZ7EoxWxpmbco1rk=
-90,-82,jzfJa/hatxPi3tJ4PoG4dCtaoOo=,u1IdPfH7Ba7fofvkcEaE3MC2wsQ=
-90,-83,jzfJa/hatxPi3tJ4PoG4dCtaoOo=,GKrpWVIXvgn8kRAl+NgeqPNk/2s=
-91,-83,jzfJa/hatxPi3tJ4PoG4dCtaoOo=,3vDcff8mu9ZPBoChBmUbP5URtGE=
-90,-84,jzfJa/hatxPi3tJ4PoG4dCtaoOo=,GKrpWVIXvgn8kRAl+NgeqPNk/2s=
-91,-84,jzfJa/hatxPi3tJ4PoG4dCtaoOo=,3vDcff8mu9ZPBoChBmUbP5URtGE=
-90,-85,jzfJa/hatxPi3tJ4PoG4dCtaoOo=,D6sMlgyxgFXb3GvZTaxJ4B76SDs=
-91,-85,jzfJa/hatxPi3tJ4PoG4dCtaoOo=,frDzIbGXMIXcWWhKJUtYFKWcgec=
-92,-84,jzfJa/hatxPi3tJ4PoG4dCtaoOo=,3vDcff8mu9ZPBoChBmUbP5URtGE=
-92,-85,jzfJa/hatxPi3tJ4PoG4dCtaoOo=,frDzIbGXMIXcWWhKJUtYFKWcgec=
-93,-84,jzfJa/hatxPi3tJ4PoG4dCtaoOo=,nCt6TycTvwFZf6lOzCVgl9QinoE=
-93,-85,jzfJa/hatxPi3tJ4PoG4dCtaoOo=,hQovRS/IQOSfKt+qgytsMk0Y6qE=
-91,-86,jzfJa/hatxPi3tJ4PoG4dCtaoOo=,frDzIbGXMIXcWWhKJUtYFKWcgec=
-90,-86,jzfJa/hatxPi3tJ4PoG4dCtaoOo=,D6sMlgyxgFXb3GvZTaxJ4B76SDs=
-90,-87,jzfJa/hatxPi3tJ4PoG4dCtaoOo=,mAIpSa/MylB6dm4M2Y7p8m6q19E=
-91,-87,jzfJa/hatxPi3tJ4PoG4dCtaoOo=,zqcPCLpA1NAVc/zemmBlwxtgoKU=
-93,-87,jzfJa/hatxPi3tJ4PoG4dCtaoOo=,Lguoyyq1/+HBTmCB89w4/IvLxvY=
-92,-86,jzfJa/hatxPi3tJ4PoG4dCtaoOo=,frDzIbGXMIXcWWhKJUtYFKWcgec=
-92,-87,jzfJa/hatxPi3tJ4PoG4dCtaoOo=,zqcPCLpA1NAVc/zemmBlwxtgoKU=
-93,-86,jzfJa/hatxPi3tJ4PoG4dCtaoOo=,hQovRS/IQOSfKt+qgytsMk0Y6qE=
-88,-87,jzfJa/hatxPi3tJ4PoG4dCtaoOo=,quaufLHFo1TuToajbVhbCVSVe1k=
-89,-87,jzfJa/hatxPi3tJ4PoG4dCtaoOo=,mAIpSa/MylB6dm4M2Y7p8m6q19E=
-89,-86,jzfJa/hatxPi3tJ4PoG4dCtaoOo=,D6sMlgyxgFXb3GvZTaxJ4B76SDs=
-88,-86,jzfJa/hatxPi3tJ4PoG4dCtaoOo=,Rjj+wm3jp1wedw9DETv7PC7UbIQ=
-89,-85,jzfJa/hatxPi3tJ4PoG4dCtaoOo=,D6sMlgyxgFXb3GvZTaxJ4B76SDs=
-88,-85,jzfJa/hatxPi3tJ4PoG4dCtaoOo=,Rjj+wm3jp1wedw9DETv7PC7UbIQ=
-89,-84,jzfJa/hatxPi3tJ4PoG4dCtaoOo=,GKrpWVIXvgn8kRAl+NgeqPNk/2s=
-88,-84,jzfJa/hatxPi3tJ4PoG4dCtaoOo=,MHeKmZZhqsyTjVdIN3bTDPFbEQE=
-86,-89,b/BI/310eO27M/MF/n4+HgawT/E=,RKK1Xs7foi4+iGcO65pMeKr8m/Q=
-87,-89,b/BI/310eO27M/MF/n4+HgawT/E=,JtBB+ituOZG2tuHnXsn93RJAtfM=
-86,-88,b/BI/310eO27M/MF/n4+HgawT/E=,T2VWYKqBSQ1g1IZz4PILmx8Ck80=
-87,-88,b/BI/310eO27M/MF/n4+HgawT/E=,quaufLHFo1TuToajbVhbCVSVe1k=
-87,-87,b/BI/310eO27M/MF/n4+HgawT/E=,quaufLHFo1TuToajbVhbCVSVe1k=
-86,-87,b/BI/310eO27M/MF/n4+HgawT/E=,T2VWYKqBSQ1g1IZz4PILmx8Ck80=
-87,-86,b/BI/310eO27M/MF/n4+HgawT/E=,Rjj+wm3jp1wedw9DETv7PC7UbIQ=
-86,-86,b/BI/310eO27M/MF/n4+HgawT/E=,Ss+x7X2AwQzX3VKIW+X47EmqDFg=
-87,-85,b/BI/310eO27M/MF/n4+HgawT/E=,Rjj+wm3jp1wedw9DETv7PC7UbIQ=
-86,-85,b/BI/310eO27M/MF/n4+HgawT/E=,Ss+x7X2AwQzX3VKIW+X47EmqDFg=
-87,-84,b/BI/310eO27M/MF/n4+HgawT/E=,MHeKmZZhqsyTjVdIN3bTDPFbEQE=
-86,-84,b/BI/310eO27M/MF/n4+HgawT/E=,Zd65ydJqwFpWQWsmlDcY9/Owb/Y=
-85,-83,b/BI/310eO27M/MF/n4+HgawT/E=,Zd65ydJqwFpWQWsmlDcY9/Owb/Y=
-84,-83,b/BI/310eO27M/MF/n4+HgawT/E=,lIUj1J2wS2XXOFSny9+/kZYFyhM=
-84,-85,b/BI/310eO27M/MF/n4+HgawT/E=,JFHv3eu4ATPjmjgq7x0LDIKjtjc=
-84,-84,b/BI/310eO27M/MF/n4+HgawT/E=,lIUj1J2wS2XXOFSny9+/kZYFyhM=
-85,-85,b/BI/310eO27M/MF/n4+HgawT/E=,Ss+x7X2AwQzX3VKIW+X47EmqDFg=
-85,-84,b/BI/310eO27M/MF/n4+HgawT/E=,Zd65ydJqwFpWQWsmlDcY9/Owb/Y=
-85,-82,b/BI/310eO27M/MF/n4+HgawT/E=,KokYoqIBWvgi4t4AEjkRE7stsyY=
-84,-82,b/BI/310eO27M/MF/n4+HgawT/E=,Mb7qQLH7nlBuJtgY+KZKTgCxhOo=
-82,-84,b/BI/310eO27M/MF/n4+HgawT/E=,xv5+7oRMqyRUUv5Kgsd24xVNgeU=
-82,-85,b/BI/310eO27M/MF/n4+HgawT/E=,ON/dza5oa9QNF3kn6wXMwCBvqmU=
-83,-84,b/BI/310eO27M/MF/n4+HgawT/E=,lIUj1J2wS2XXOFSny9+/kZYFyhM=
-83,-85,b/BI/310eO27M/MF/n4+HgawT/E=,JFHv3eu4ATPjmjgq7x0LDIKjtjc=
-83,-83,b/BI/310eO27M/MF/n4+HgawT/E=,lIUj1J2wS2XXOFSny9+/kZYFyhM=
-82,-83,b/BI/310eO27M/MF/n4+HgawT/E=,xv5+7oRMqyRUUv5Kgsd24xVNgeU=
-83,-82,b/BI/310eO27M/MF/n4+HgawT/E=,Mb7qQLH7nlBuJtgY+KZKTgCxhOo=
-82,-82,b/BI/310eO27M/MF/n4+HgawT/E=,LojDoxNIao9QLI2iQ0u0UaLK8GY=
-85,-86,b/BI/310eO27M/MF/n4+HgawT/E=,Ss+x7X2AwQzX3VKIW+X47EmqDFg=
-82,-86,b/BI/310eO27M/MF/n4+HgawT/E=,ON/dza5oa9QNF3kn6wXMwCBvqmU=
-84,-87,b/BI/310eO27M/MF/n4+HgawT/E=,SJ+uJRvHtqthrD1UK8/bjS4sttE=
-85,-87,b/BI/310eO27M/MF/n4+HgawT/E=,T2VWYKqBSQ1g1IZz4PILmx8Ck80=
-83,-86,b/BI/310eO27M/MF/n4+HgawT/E=,JFHv3eu4ATPjmjgq7x0LDIKjtjc=
-84,-86,b/BI/310eO27M/MF/n4+HgawT/E=,JFHv3eu4ATPjmjgq7x0LDIKjtjc=
-83,-87,b/BI/310eO27M/MF/n4+HgawT/E=,SJ+uJRvHtqthrD1UK8/bjS4sttE=
-82,-87,b/BI/310eO27M/MF/n4+HgawT/E=,e6VonoBIPDYtTZlWScNf692b7lU=
-84,-88,b/BI/310eO27M/MF/n4+HgawT/E=,SJ+uJRvHtqthrD1UK8/bjS4sttE=
-85,-89,b/BI/310eO27M/MF/n4+HgawT/E=,RKK1Xs7foi4+iGcO65pMeKr8m/Q=
-82,-88,b/BI/310eO27M/MF/n4+HgawT/E=,e6VonoBIPDYtTZlWScNf692b7lU=
-85,-88,b/BI/310eO27M/MF/n4+HgawT/E=,T2VWYKqBSQ1g1IZz4PILmx8Ck80=
-84,-89,b/BI/310eO27M/MF/n4+HgawT/E=,d98n/Od/LElqKBNTXYSKlUBn6Ek=
-82,-89,b/BI/310eO27M/MF/n4+HgawT/E=,AHZcdBio4SuSMiXDqfWw1MZHNaQ=
-83,-89,b/BI/310eO27M/MF/n4+HgawT/E=,d98n/Od/LElqKBNTXYSKlUBn6Ek=
-83,-88,b/BI/310eO27M/MF/n4+HgawT/E=,SJ+uJRvHtqthrD1UK8/bjS4sttE=
-82,-91,b/BI/310eO27M/MF/n4+HgawT/E=,/zhF4pQ6bTqDLnNXOKIhhJLKo9s=
-83,-91,b/BI/310eO27M/MF/n4+HgawT/E=,SJvx+Y1gkpGjh67oW8KyvzY34pY=
-82,-90,b/BI/310eO27M/MF/n4+HgawT/E=,AHZcdBio4SuSMiXDqfWw1MZHNaQ=
-83,-90,b/BI/310eO27M/MF/n4+HgawT/E=,d98n/Od/LElqKBNTXYSKlUBn6Ek=
-84,-91,bM/oes801QPdmK4K2TazoMJWMaY=,SJvx+Y1gkpGjh67oW8KyvzY34pY=
-85,-91,bM/oes801QPdmK4K2TazoMJWMaY=,p6HVYMTFbpK8h1wIcTOMq+dvyPw=
-85,-90,bM/oes801QPdmK4K2TazoMJWMaY=,RKK1Xs7foi4+iGcO65pMeKr8m/Q=
-84,-90,bM/oes801QPdmK4K2TazoMJWMaY=,d98n/Od/LElqKBNTXYSKlUBn6Ek=
-86,-90,bM/oes801QPdmK4K2TazoMJWMaY=,RKK1Xs7foi4+iGcO65pMeKr8m/Q=
-86,-91,bM/oes801QPdmK4K2TazoMJWMaY=,p6HVYMTFbpK8h1wIcTOMq+dvyPw=
-87,-90,bM/oes801QPdmK4K2TazoMJWMaY=,JtBB+ituOZG2tuHnXsn93RJAtfM=
-87,-91,bM/oes801QPdmK4K2TazoMJWMaY=,Ofp785Jlluf3wHzFvOrH62hbXMU=
-86,-93,bM/oes801QPdmK4K2TazoMJWMaY=,yDrwhsLcCSXkh0oeK+V907dDjPg=
-87,-93,bM/oes801QPdmK4K2TazoMJWMaY=,AMQ9tWDdfS729YBnYApaMkpPG8s=
-86,-92,bM/oes801QPdmK4K2TazoMJWMaY=,p6HVYMTFbpK8h1wIcTOMq+dvyPw=
-87,-92,bM/oes801QPdmK4K2TazoMJWMaY=,Ofp785Jlluf3wHzFvOrH62hbXMU=
-87,-95,bM/oes801QPdmK4K2TazoMJWMaY=,SbPGiyXy+3ldFh8JvLQR7mHOWc8=
-86,-94,bM/oes801QPdmK4K2TazoMJWMaY=,yDrwhsLcCSXkh0oeK+V907dDjPg=
-87,-94,bM/oes801QPdmK4K2TazoMJWMaY=,AMQ9tWDdfS729YBnYApaMkpPG8s=
-86,-95,bM/oes801QPdmK4K2TazoMJWMaY=,YJw0mnGgMRXajJTF1ZfOj86AaTQ=
-89,-95,bM/oes801QPdmK4K2TazoMJWMaY=,bMhfP0+LaiEY0vLuoJ/UKQNe1Fg=
-88,-95,bM/oes801QPdmK4K2TazoMJWMaY=,SbPGiyXy+3ldFh8JvLQR7mHOWc8=
-88,-94,bM/oes801QPdmK4K2TazoMJWMaY=,AMQ9tWDdfS729YBnYApaMkpPG8s=
-89,-94,bM/oes801QPdmK4K2TazoMJWMaY=,CPjjoLM53xUCn5BKAwZAMi4QdyY=
-90,-95,bM/oes801QPdmK4K2TazoMJWMaY=,bMhfP0+LaiEY0vLuoJ/UKQNe1Fg=
-91,-95,bM/oes801QPdmK4K2TazoMJWMaY=,s3HBOB7siZ4mA/xAEjkopeWQzYE=
-90,-94,bM/oes801QPdmK4K2TazoMJWMaY=,CPjjoLM53xUCn5BKAwZAMi4QdyY=
-91,-94,bM/oes801QPdmK4K2TazoMJWMaY=,BsywQFli1rRmufqeB0zl6jY1Ekc=
-92,-95,bM/oes801QPdmK4K2TazoMJWMaY=,s3HBOB7siZ4mA/xAEjkopeWQzYE=
-93,-94,bM/oes801QPdmK4K2TazoMJWMaY=,5dwIU50Lok5/ho/WXr1OJSrXCTY=
-93,-95,bM/oes801QPdmK4K2TazoMJWMaY=,NYuZcPlFenTz6D+TAJASYLAqLYA=
-92,-94,bM/oes801QPdmK4K2TazoMJWMaY=,BsywQFli1rRmufqeB0zl6jY1Ekc=
-95,-92,bM/oes801QPdmK4K2TazoMJWMaY=,NCwaE/euAaPRc6ira0xFSwrjIEw=
-95,-93,bM/oes801QPdmK4K2TazoMJWMaY=,U9VfnxxdnaAe9kH1C8D4PUZ8Dy0=
-94,-93,bM/oes801QPdmK4K2TazoMJWMaY=,5dwIU50Lok5/ho/WXr1OJSrXCTY=
-95,-94,bM/oes801QPdmK4K2TazoMJWMaY=,U9VfnxxdnaAe9kH1C8D4PUZ8Dy0=
-94,-92,bM/oes801QPdmK4K2TazoMJWMaY=,93Sy7KxGyO0NnrEGVmXpOXrmFgs=
-94,-95,bM/oes801QPdmK4K2TazoMJWMaY=,NYuZcPlFenTz6D+TAJASYLAqLYA=
-94,-94,bM/oes801QPdmK4K2TazoMJWMaY=,5dwIU50Lok5/ho/WXr1OJSrXCTY=
-95,-95,bM/oes801QPdmK4K2TazoMJWMaY=,nAYMCHuTAXVHM/GtOYA1e5I7zdU=
-92,-92,bM/oes801QPdmK4K2TazoMJWMaY=,3UotMCoYjnhbLUI3to5qaDQqJ8Q=
-92,-93,bM/oes801QPdmK4K2TazoMJWMaY=,BsywQFli1rRmufqeB0zl6jY1Ekc=
-93,-93,bM/oes801QPdmK4K2TazoMJWMaY=,5dwIU50Lok5/ho/WXr1OJSrXCTY=
-93,-92,bM/oes801QPdmK4K2TazoMJWMaY=,93Sy7KxGyO0NnrEGVmXpOXrmFgs=
-93,-91,bM/oes801QPdmK4K2TazoMJWMaY=,93Sy7KxGyO0NnrEGVmXpOXrmFgs=
-92,-88,bM/oes801QPdmK4K2TazoMJWMaY=,zqcPCLpA1NAVc/zemmBlwxtgoKU=
-93,-89,bM/oes801QPdmK4K2TazoMJWMaY=,GCZu2vhcnGe7HSzKOg0LGWQOgu8=
-92,-89,bM/oes801QPdmK4K2TazoMJWMaY=,Bu2e8mbbsqV0yLar4ztlZ/pDNO8=
-93,-88,bM/oes801QPdmK4K2TazoMJWMaY=,Lguoyyq1/+HBTmCB89w4/IvLxvY=
-94,-91,bM/oes801QPdmK4K2TazoMJWMaY=,93Sy7KxGyO0NnrEGVmXpOXrmFgs=
-94,-90,bM/oes801QPdmK4K2TazoMJWMaY=,GCZu2vhcnGe7HSzKOg0LGWQOgu8=
-95,-91,bM/oes801QPdmK4K2TazoMJWMaY=,NCwaE/euAaPRc6ira0xFSwrjIEw=
-93,-90,bM/oes801QPdmK4K2TazoMJWMaY=,GCZu2vhcnGe7HSzKOg0LGWQOgu8=
-95,-90,bM/oes801QPdmK4K2TazoMJWMaY=,Sicb9I63zpV8aDXM1DH3WfbzKJ4=
-92,-91,bM/oes801QPdmK4K2TazoMJWMaY=,3UotMCoYjnhbLUI3to5qaDQqJ8Q=
-92,-90,bM/oes801QPdmK4K2TazoMJWMaY=,Bu2e8mbbsqV0yLar4ztlZ/pDNO8=
-89,-88,famEMPnVT6BZtfC4R5NBzZj1g4Y=,mAIpSa/MylB6dm4M2Y7p8m6q19E=
-88,-88,famEMPnVT6BZtfC4R5NBzZj1g4Y=,quaufLHFo1TuToajbVhbCVSVe1k=
-88,-92,famEMPnVT6BZtfC4R5NBzZj1g4Y=,Ofp785Jlluf3wHzFvOrH62hbXMU=
-89,-89,famEMPnVT6BZtfC4R5NBzZj1g4Y=,cDw4B1891MtCBBp5iv5D6UPu77c=
-90,-89,famEMPnVT6BZtfC4R5NBzZj1g4Y=,cDw4B1891MtCBBp5iv5D6UPu77c=
-91,-89,famEMPnVT6BZtfC4R5NBzZj1g4Y=,Bu2e8mbbsqV0yLar4ztlZ/pDNO8=
-89,-92,famEMPnVT6BZtfC4R5NBzZj1g4Y=,PN0dYiL2sBSy+FqomgA2uCttmGk=
-90,-88,famEMPnVT6BZtfC4R5NBzZj1g4Y=,mAIpSa/MylB6dm4M2Y7p8m6q19E=
-88,-89,famEMPnVT6BZtfC4R5NBzZj1g4Y=,JtBB+ituOZG2tuHnXsn93RJAtfM=
-88,-93,famEMPnVT6BZtfC4R5NBzZj1g4Y=,AMQ9tWDdfS729YBnYApaMkpPG8s=
-90,-92,famEMPnVT6BZtfC4R5NBzZj1g4Y=,PN0dYiL2sBSy+FqomgA2uCttmGk=
-89,-91,famEMPnVT6BZtfC4R5NBzZj1g4Y=,PN0dYiL2sBSy+FqomgA2uCttmGk=
-89,-90,famEMPnVT6BZtfC4R5NBzZj1g4Y=,cDw4B1891MtCBBp5iv5D6UPu77c=
-91,-88,famEMPnVT6BZtfC4R5NBzZj1g4Y=,zqcPCLpA1NAVc/zemmBlwxtgoKU=
-91,-93,famEMPnVT6BZtfC4R5NBzZj1g4Y=,BsywQFli1rRmufqeB0zl6jY1Ekc=
-90,-91,famEMPnVT6BZtfC4R5NBzZj1g4Y=,PN0dYiL2sBSy+FqomgA2uCttmGk=
-88,-90,famEMPnVT6BZtfC4R5NBzZj1g4Y=,JtBB+ituOZG2tuHnXsn93RJAtfM=
-91,-92,famEMPnVT6BZtfC4R5NBzZj1g4Y=,3UotMCoYjnhbLUI3to5qaDQqJ8Q=
-89,-93,famEMPnVT6BZtfC4R5NBzZj1g4Y=,CPjjoLM53xUCn5BKAwZAMi4QdyY=
-90,-90,famEMPnVT6BZtfC4R5NBzZj1g4Y=,cDw4B1891MtCBBp5iv5D6UPu77c=
-90,-93,famEMPnVT6BZtfC4R5NBzZj1g4Y=,CPjjoLM53xUCn5BKAwZAMi4QdyY=
-91,-90,famEMPnVT6BZtfC4R5NBzZj1g4Y=,Bu2e8mbbsqV0yLar4ztlZ/pDNO8=
-88,-91,famEMPnVT6BZtfC4R5NBzZj1g4Y=,Ofp785Jlluf3wHzFvOrH62hbXMU=
-91,-91,famEMPnVT6BZtfC4R5NBzZj1g4Y=,3UotMCoYjnhbLUI3to5qaDQqJ8Q=
-94,-88,famEMPnVT6BZtfC4R5NBzZj1g4Y=,Lguoyyq1/+HBTmCB89w4/IvLxvY=
-94,-87,famEMPnVT6BZtfC4R5NBzZj1g4Y=,Lguoyyq1/+HBTmCB89w4/IvLxvY=
-94,-89,famEMPnVT6BZtfC4R5NBzZj1g4Y=,GCZu2vhcnGe7HSzKOg0LGWQOgu8=
-95,-89,famEMPnVT6BZtfC4R5NBzZj1g4Y=,Sicb9I63zpV8aDXM1DH3WfbzKJ4=
-94,-86,famEMPnVT6BZtfC4R5NBzZj1g4Y=,hQovRS/IQOSfKt+qgytsMk0Y6qE=
-95,-87,famEMPnVT6BZtfC4R5NBzZj1g4Y=,OHzcqPJ2+YO6j2fyyRC6yvTJMVM=
-95,-86,famEMPnVT6BZtfC4R5NBzZj1g4Y=,aTZr4JawzfkBaXkx0Nrpl+veedM=
-95,-88,famEMPnVT6BZtfC4R5NBzZj1g4Y=,OHzcqPJ2+YO6j2fyyRC6yvTJMVM=
-96,-86,famEMPnVT6BZtfC4R5NBzZj1g4Y=,aTZr4JawzfkBaXkx0Nrpl+veedM=
-96,-87,famEMPnVT6BZtfC4R5NBzZj1g4Y=,OHzcqPJ2+YO6j2fyyRC6yvTJMVM=
-96,-89,famEMPnVT6BZtfC4R5NBzZj1g4Y=,Sicb9I63zpV8aDXM1DH3WfbzKJ4=
-96,-88,famEMPnVT6BZtfC4R5NBzZj1g4Y=,OHzcqPJ2+YO6j2fyyRC6yvTJMVM=
-96,-91,famEMPnVT6BZtfC4R5NBzZj1g4Y=,NCwaE/euAaPRc6ira0xFSwrjIEw=
-96,-90,famEMPnVT6BZtfC4R5NBzZj1g4Y=,Sicb9I63zpV8aDXM1DH3WfbzKJ4=
-96,-92,famEMPnVT6BZtfC4R5NBzZj1g4Y=,NCwaE/euAaPRc6ira0xFSwrjIEw=
-96,-93,famEMPnVT6BZtfC4R5NBzZj1g4Y=,U9VfnxxdnaAe9kH1C8D4PUZ8Dy0=
-96,-95,famEMPnVT6BZtfC4R5NBzZj1g4Y=,nAYMCHuTAXVHM/GtOYA1e5I7zdU=
-96,-94,famEMPnVT6BZtfC4R5NBzZj1g4Y=,U9VfnxxdnaAe9kH1C8D4PUZ8Dy0=
-96,-84,famEMPnVT6BZtfC4R5NBzZj1g4Y=,aVAjCHHEtM2w5vvc/UCgr6Za9GE=
-96,-83,famEMPnVT6BZtfC4R5NBzZj1g4Y=,aVAjCHHEtM2w5vvc/UCgr6Za9GE=
-96,-81,famEMPnVT6BZtfC4R5NBzZj1g4Y=,2y8XNY461/S7rpzEk1BdSiFeWEA=
-94,-85,famEMPnVT6BZtfC4R5NBzZj1g4Y=,hQovRS/IQOSfKt+qgytsMk0Y6qE=
-95,-84,famEMPnVT6BZtfC4R5NBzZj1g4Y=,aVAjCHHEtM2w5vvc/UCgr6Za9GE=
-95,-85,famEMPnVT6BZtfC4R5NBzZj1g4Y=,aTZr4JawzfkBaXkx0Nrpl+veedM=
-96,-85,famEMPnVT6BZtfC4R5NBzZj1g4Y=,aTZr4JawzfkBaXkx0Nrpl+veedM=
-94,-84,famEMPnVT6BZtfC4R5NBzZj1g4Y=,nCt6TycTvwFZf6lOzCVgl9QinoE=
-93,-83,famEMPnVT6BZtfC4R5NBzZj1g4Y=,nCt6TycTvwFZf6lOzCVgl9QinoE=
-96,-82,famEMPnVT6BZtfC4R5NBzZj1g4Y=,2y8XNY461/S7rpzEk1BdSiFeWEA=
-94,-83,famEMPnVT6BZtfC4R5NBzZj1g4Y=,nCt6TycTvwFZf6lOzCVgl9QinoE=
-95,-83,famEMPnVT6BZtfC4R5NBzZj1g4Y=,aVAjCHHEtM2w5vvc/UCgr6Za9GE=
-95,-82,famEMPnVT6BZtfC4R5NBzZj1g4Y=,2y8XNY461/S7rpzEk1BdSiFeWEA=
-93,-81,famEMPnVT6BZtfC4R5NBzZj1g4Y=,XbyCc9sCKOnV8dBWmzQsQNJPfqY=
-92,-83,famEMPnVT6BZtfC4R5NBzZj1g4Y=,3vDcff8mu9ZPBoChBmUbP5URtGE=
-94,-81,famEMPnVT6BZtfC4R5NBzZj1g4Y=,XbyCc9sCKOnV8dBWmzQsQNJPfqY=
-95,-81,famEMPnVT6BZtfC4R5NBzZj1g4Y=,2y8XNY461/S7rpzEk1BdSiFeWEA=
-93,-82,famEMPnVT6BZtfC4R5NBzZj1g4Y=,XbyCc9sCKOnV8dBWmzQsQNJPfqY=
-92,-82,famEMPnVT6BZtfC4R5NBzZj1g4Y=,4Nua7V5WhgLLZ7EoxWxpmbco1rk=
-92,-81,famEMPnVT6BZtfC4R5NBzZj1g4Y=,4Nua7V5WhgLLZ7EoxWxpmbco1rk=
-94,-82,famEMPnVT6BZtfC4R5NBzZj1g4Y=,XbyCc9sCKOnV8dBWmzQsQNJPfqY=
-81,-91,famEMPnVT6BZtfC4R5NBzZj1g4Y=,/zhF4pQ6bTqDLnNXOKIhhJLKo9s=
-81,-90,famEMPnVT6BZtfC4R5NBzZj1g4Y=,AHZcdBio4SuSMiXDqfWw1MZHNaQ=
-81,-89,famEMPnVT6BZtfC4R5NBzZj1g4Y=,AHZcdBio4SuSMiXDqfWw1MZHNaQ=
-81,-88,famEMPnVT6BZtfC4R5NBzZj1g4Y=,e6VonoBIPDYtTZlWScNf692b7lU=
-81,-86,famEMPnVT6BZtfC4R5NBzZj1g4Y=,ON/dza5oa9QNF3kn6wXMwCBvqmU=
-81,-87,famEMPnVT6BZtfC4R5NBzZj1g4Y=,e6VonoBIPDYtTZlWScNf692b7lU=
-81,-84,famEMPnVT6BZtfC4R5NBzZj1g4Y=,xv5+7oRMqyRUUv5Kgsd24xVNgeU=
-81,-85,famEMPnVT6BZtfC4R5NBzZj1g4Y=,ON/dza5oa9QNF3kn6wXMwCBvqmU=
-81,-82,famEMPnVT6BZtfC4R5NBzZj1g4Y=,LojDoxNIao9QLI2iQ0u0UaLK8GY=
-81,-83,famEMPnVT6BZtfC4R5NBzZj1g4Y=,xv5+7oRMqyRUUv5Kgsd24xVNgeU=
-86,-96,famEMPnVT6BZtfC4R5NBzZj1g4Y=,YJw0mnGgMRXajJTF1ZfOj86AaTQ=
-87,-96,famEMPnVT6BZtfC4R5NBzZj1g4Y=,SbPGiyXy+3ldFh8JvLQR7mHOWc8=
-88,-96,famEMPnVT6BZtfC4R5NBzZj1g4Y=,SbPGiyXy+3ldFh8JvLQR7mHOWc8=
-89,-96,famEMPnVT6BZtfC4R5NBzZj1g4Y=,bMhfP0+LaiEY0vLuoJ/UKQNe1Fg=
-81,-92,famEMPnVT6BZtfC4R5NBzZj1g4Y=,/zhF4pQ6bTqDLnNXOKIhhJLKo9s=
-81,-93,famEMPnVT6BZtfC4R5NBzZj1g4Y=,Ill5MjgEQN/npRz7tAdX7A6w+08=
-81,-95,famEMPnVT6BZtfC4R5NBzZj1g4Y=,l/v1dqx+DUT3LRDyK8Sybz3Ws2A=
-81,-94,famEMPnVT6BZtfC4R5NBzZj1g4Y=,Ill5MjgEQN/npRz7tAdX7A6w+08=
-90,-96,famEMPnVT6BZtfC4R5NBzZj1g4Y=,bMhfP0+LaiEY0vLuoJ/UKQNe1Fg=
-91,-96,famEMPnVT6BZtfC4R5NBzZj1g4Y=,s3HBOB7siZ4mA/xAEjkopeWQzYE=
-92,-96,famEMPnVT6BZtfC4R5NBzZj1g4Y=,s3HBOB7siZ4mA/xAEjkopeWQzYE=
-93,-96,famEMPnVT6BZtfC4R5NBzZj1g4Y=,NYuZcPlFenTz6D+TAJASYLAqLYA=
-85,-92,famEMPnVT6BZtfC4R5NBzZj1g4Y=,p6HVYMTFbpK8h1wIcTOMq+dvyPw=
-83,-92,famEMPnVT6BZtfC4R5NBzZj1g4Y=,SJvx+Y1gkpGjh67oW8KyvzY34pY=
-84,-92,famEMPnVT6BZtfC4R5NBzZj1g4Y=,SJvx+Y1gkpGjh67oW8KyvzY34pY=
-83,-93,famEMPnVT6BZtfC4R5NBzZj1g4Y=,xihGdRrKXjX1OqIxYzgr+BUqgqw=
-84,-93,famEMPnVT6BZtfC4R5NBzZj1g4Y=,xihGdRrKXjX1OqIxYzgr+BUqgqw=
-82,-92,famEMPnVT6BZtfC4R5NBzZj1g4Y=,/zhF4pQ6bTqDLnNXOKIhhJLKo9s=
-94,-96,famEMPnVT6BZtfC4R5NBzZj1g4Y=,NYuZcPlFenTz6D+TAJASYLAqLYA=
-85,-93,famEMPnVT6BZtfC4R5NBzZj1g4Y=,yDrwhsLcCSXkh0oeK+V907dDjPg=
-82,-93,famEMPnVT6BZtfC4R5NBzZj1g4Y=,Ill5MjgEQN/npRz7tAdX7A6w+08=
-81,-96,famEMPnVT6BZtfC4R5NBzZj1g4Y=,l/v1dqx+DUT3LRDyK8Sybz3Ws2A=
-95,-96,famEMPnVT6BZtfC4R5NBzZj1g4Y=,nAYMCHuTAXVHM/GtOYA1e5I7zdU=
-96,-96,famEMPnVT6BZtfC4R5NBzZj1g4Y=,nAYMCHuTAXVHM/GtOYA1e5I7zdU=
-85,-95,famEMPnVT6BZtfC4R5NBzZj1g4Y=,YJw0mnGgMRXajJTF1ZfOj86AaTQ=
-84,-95,famEMPnVT6BZtfC4R5NBzZj1g4Y=,4I41+uQ+iVdAksnYyUI8AL4TGfw=
-84,-96,famEMPnVT6BZtfC4R5NBzZj1g4Y=,4I41+uQ+iVdAksnYyUI8AL4TGfw=
-82,-95,famEMPnVT6BZtfC4R5NBzZj1g4Y=,l/v1dqx+DUT3LRDyK8Sybz3Ws2A=
-83,-94,famEMPnVT6BZtfC4R5NBzZj1g4Y=,xihGdRrKXjX1OqIxYzgr+BUqgqw=
-84,-94,famEMPnVT6BZtfC4R5NBzZj1g4Y=,xihGdRrKXjX1OqIxYzgr+BUqgqw=
-85,-96,famEMPnVT6BZtfC4R5NBzZj1g4Y=,YJw0mnGgMRXajJTF1ZfOj86AaTQ=
-82,-94,famEMPnVT6BZtfC4R5NBzZj1g4Y=,Ill5MjgEQN/npRz7tAdX7A6w+08=
-83,-95,famEMPnVT6BZtfC4R5NBzZj1g4Y=,4I41+uQ+iVdAksnYyUI8AL4TGfw=
-83,-96,famEMPnVT6BZtfC4R5NBzZj1g4Y=,4I41+uQ+iVdAksnYyUI8AL4TGfw=
-85,-94,famEMPnVT6BZtfC4R5NBzZj1g4Y=,yDrwhsLcCSXkh0oeK+V907dDjPg=
-82,-96,famEMPnVT6BZtfC4R5NBzZj1g4Y=,l/v1dqx+DUT3LRDyK8Sybz3Ws2A=
-85,-81,famEMPnVT6BZtfC4R5NBzZj1g4Y=,KokYoqIBWvgi4t4AEjkRE7stsyY=
-81,-81,famEMPnVT6BZtfC4R5NBzZj1g4Y=,LojDoxNIao9QLI2iQ0u0UaLK8GY=
-84,-81,famEMPnVT6BZtfC4R5NBzZj1g4Y=,Mb7qQLH7nlBuJtgY+KZKTgCxhOo=
-82,-81,famEMPnVT6BZtfC4R5NBzZj1g4Y=,LojDoxNIao9QLI2iQ0u0UaLK8GY=
-83,-81,famEMPnVT6BZtfC4R5NBzZj1g4Y=,Mb7qQLH7nlBuJtgY+KZKTgCxhOo=
-90,-81,famEMPnVT6BZtfC4R5NBzZj1g4Y=,u1IdPfH7Ba7fofvkcEaE3MC2wsQ=
-91,-81,famEMPnVT6BZtfC4R5NBzZj1g4Y=,4Nua7V5WhgLLZ7EoxWxpmbco1rk=
-88,-82,famEMPnVT6BZtfC4R5NBzZj1g4Y=,dlQ7iEhE3wkJ3NCRptAj8/9b2aU=
-86,-82,famEMPnVT6BZtfC4R5NBzZj1g4Y=,KokYoqIBWvgi4t4AEjkRE7stsyY=
-89,-82,famEMPnVT6BZtfC4R5NBzZj1g4Y=,u1IdPfH7Ba7fofvkcEaE3MC2wsQ=
-87,-82,famEMPnVT6BZtfC4R5NBzZj1g4Y=,dlQ7iEhE3wkJ3NCRptAj8/9b2aU=
-88,-81,famEMPnVT6BZtfC4R5NBzZj1g4Y=,dlQ7iEhE3wkJ3NCRptAj8/9b2aU=
-86,-83,famEMPnVT6BZtfC4R5NBzZj1g4Y=,Zd65ydJqwFpWQWsmlDcY9/Owb/Y=
-86,-81,famEMPnVT6BZtfC4R5NBzZj1g4Y=,KokYoqIBWvgi4t4AEjkRE7stsyY=
-87,-83,famEMPnVT6BZtfC4R5NBzZj1g4Y=,MHeKmZZhqsyTjVdIN3bTDPFbEQE=
-87,-81,famEMPnVT6BZtfC4R5NBzZj1g4Y=,dlQ7iEhE3wkJ3NCRptAj8/9b2aU=
-89,-81,famEMPnVT6BZtfC4R5NBzZj1g4Y=,u1IdPfH7Ba7fofvkcEaE3MC2wsQ=
-89,-83,famEMPnVT6BZtfC4R5NBzZj1g4Y=,GKrpWVIXvgn8kRAl+NgeqPNk/2s=
-88,-83,famEMPnVT6BZtfC4R5NBzZj1g4Y=,MHeKmZZhqsyTjVdIN3bTDPFbEQE=
-91,-72,b2Y1Ntc8leh0dB0DL4oqpilkKDc=,zTDWsKpGDoPNDPJ+NopnrqX6qms=
-90,-72,b2Y1Ntc8leh0dB0DL4oqpilkKDc=,T+ufzw/UuC1jJBuKtgW/FO17OHs=
-90,-73,b2Y1Ntc8leh0dB0DL4oqpilkKDc=,CpD3UA1xsmKCYMWYUms7zrhSIgo=
-91,-73,b2Y1Ntc8leh0dB0DL4oqpilkKDc=,lYRVx4Zk+NzHjai51S/4c4I1/38=
-90,-74,b2Y1Ntc8leh0dB0DL4oqpilkKDc=,CpD3UA1xsmKCYMWYUms7zrhSIgo=
-90,-75,b2Y1Ntc8leh0dB0DL4oqpilkKDc=,jCWMoG71YOLabn3ZF4mOyMPFG+Q=
-91,-74,b2Y1Ntc8leh0dB0DL4oqpilkKDc=,lYRVx4Zk+NzHjai51S/4c4I1/38=
-91,-75,b2Y1Ntc8leh0dB0DL4oqpilkKDc=,g81q/qyIOA37XqxeGOWeoEm5ui0=
-92,-75,b2Y1Ntc8leh0dB0DL4oqpilkKDc=,g81q/qyIOA37XqxeGOWeoEm5ui0=
-93,-75,b2Y1Ntc8leh0dB0DL4oqpilkKDc=,NnrD/vpHr1lhMCjdYWOxgqigL1I=
-92,-74,b2Y1Ntc8leh0dB0DL4oqpilkKDc=,lYRVx4Zk+NzHjai51S/4c4I1/38=
-93,-74,b2Y1Ntc8leh0dB0DL4oqpilkKDc=,7mzEhV3mWy+PO+Au7Gum4Zi1kyc=
-92,-73,b2Y1Ntc8leh0dB0DL4oqpilkKDc=,lYRVx4Zk+NzHjai51S/4c4I1/38=
-92,-72,b2Y1Ntc8leh0dB0DL4oqpilkKDc=,zTDWsKpGDoPNDPJ+NopnrqX6qms=
-93,-72,b2Y1Ntc8leh0dB0DL4oqpilkKDc=,718BSpoAlDVUpVzM15a6mhIwmaU=
-93,-73,b2Y1Ntc8leh0dB0DL4oqpilkKDc=,7mzEhV3mWy+PO+Au7Gum4Zi1kyc=
-92,-76,b2Y1Ntc8leh0dB0DL4oqpilkKDc=,g81q/qyIOA37XqxeGOWeoEm5ui0=
-93,-77,b2Y1Ntc8leh0dB0DL4oqpilkKDc=,mv37uE4CRJbzPsvgEGyTbq/SCiM=
-90,-76,b2Y1Ntc8leh0dB0DL4oqpilkKDc=,jCWMoG71YOLabn3ZF4mOyMPFG+Q=
-92,-77,b2Y1Ntc8leh0dB0DL4oqpilkKDc=,zAqlmHnL6SQuDnIPsJ6f9USF1Uc=
-91,-77,b2Y1Ntc8leh0dB0DL4oqpilkKDc=,zAqlmHnL6SQuDnIPsJ6f9USF1Uc=
-90,-77,b2Y1Ntc8leh0dB0DL4oqpilkKDc=,OTRrq1UTMsXPfXvUH0UdQshqnE4=
-93,-76,b2Y1Ntc8leh0dB0DL4oqpilkKDc=,NnrD/vpHr1lhMCjdYWOxgqigL1I=
-91,-76,b2Y1Ntc8leh0dB0DL4oqpilkKDc=,g81q/qyIOA37XqxeGOWeoEm5ui0=
-88,-77,JEYQMFqjCFL+OOGeVJqK0sm7pqU=,xZYSKrba628/WpsTIDG/QYkaEp8=
-89,-77,JEYQMFqjCFL+OOGeVJqK0sm7pqU=,OTRrq1UTMsXPfXvUH0UdQshqnE4=
-88,-76,JEYQMFqjCFL+OOGeVJqK0sm7pqU=,tAmqDfPX9D6ZGOp/8Nucev/JECs=
-89,-76,JEYQMFqjCFL+OOGeVJqK0sm7pqU=,jCWMoG71YOLabn3ZF4mOyMPFG+Q=
-88,-75,JEYQMFqjCFL+OOGeVJqK0sm7pqU=,tAmqDfPX9D6ZGOp/8Nucev/JECs=
-89,-75,JEYQMFqjCFL+OOGeVJqK0sm7pqU=,jCWMoG71YOLabn3ZF4mOyMPFG+Q=
-88,-74,JEYQMFqjCFL+OOGeVJqK0sm7pqU=,xzuSIulLS7JHtcf5+QErC9d3imI=
-89,-74,JEYQMFqjCFL+OOGeVJqK0sm7pqU=,CpD3UA1xsmKCYMWYUms7zrhSIgo=
-88,-72,JEYQMFqjCFL+OOGeVJqK0sm7pqU=,QwC1clJwYNCk1ifCYeNLMWnoMgw=
-89,-73,JEYQMFqjCFL+OOGeVJqK0sm7pqU=,CpD3UA1xsmKCYMWYUms7zrhSIgo=
-88,-73,JEYQMFqjCFL+OOGeVJqK0sm7pqU=,xzuSIulLS7JHtcf5+QErC9d3imI=
-89,-72,JEYQMFqjCFL+OOGeVJqK0sm7pqU=,T+ufzw/UuC1jJBuKtgW/FO17OHs=
-88,-71,JEYQMFqjCFL+OOGeVJqK0sm7pqU=,QwC1clJwYNCk1ifCYeNLMWnoMgw=
-89,-71,JEYQMFqjCFL+OOGeVJqK0sm7pqU=,T+ufzw/UuC1jJBuKtgW/FO17OHs=
-88,-70,JEYQMFqjCFL+OOGeVJqK0sm7pqU=,cd4GRKAW3rnERebX/NlmkBREAxk=
-89,-70,JEYQMFqjCFL+OOGeVJqK0sm7pqU=,JXjBVYp9quEkEwgYhR2VWZlTjvs=
-87,-75,JEYQMFqjCFL+OOGeVJqK0sm7pqU=,tAmqDfPX9D6ZGOp/8Nucev/JECs=
-86,-75,JEYQMFqjCFL+OOGeVJqK0sm7pqU=,gsKAxtyU2977TJ+GKP1z092U/Qs=
-86,-74,JEYQMFqjCFL+OOGeVJqK0sm7pqU=,6lH6XR6FJFNqAtKUXCUuo4awgig=
-87,-74,JEYQMFqjCFL+OOGeVJqK0sm7pqU=,xzuSIulLS7JHtcf5+QErC9d3imI=
-86,-73,JEYQMFqjCFL+OOGeVJqK0sm7pqU=,6lH6XR6FJFNqAtKUXCUuo4awgig=
-87,-73,JEYQMFqjCFL+OOGeVJqK0sm7pqU=,xzuSIulLS7JHtcf5+QErC9d3imI=
-87,-72,JEYQMFqjCFL+OOGeVJqK0sm7pqU=,QwC1clJwYNCk1ifCYeNLMWnoMgw=
-86,-72,JEYQMFqjCFL+OOGeVJqK0sm7pqU=,YFr3WzHCvpipD/BGZAiGF+s64PA=
-87,-70,JEYQMFqjCFL+OOGeVJqK0sm7pqU=,cd4GRKAW3rnERebX/NlmkBREAxk=
-87,-71,JEYQMFqjCFL+OOGeVJqK0sm7pqU=,QwC1clJwYNCk1ifCYeNLMWnoMgw=
-86,-71,JEYQMFqjCFL+OOGeVJqK0sm7pqU=,YFr3WzHCvpipD/BGZAiGF+s64PA=
-86,-70,JEYQMFqjCFL+OOGeVJqK0sm7pqU=,JHfDpkYIHyBWjWqMr2aeEx+JOfA=
-87,-76,JEYQMFqjCFL+OOGeVJqK0sm7pqU=,tAmqDfPX9D6ZGOp/8Nucev/JECs=
-86,-76,JEYQMFqjCFL+OOGeVJqK0sm7pqU=,gsKAxtyU2977TJ+GKP1z092U/Qs=
-87,-77,JEYQMFqjCFL+OOGeVJqK0sm7pqU=,xZYSKrba628/WpsTIDG/QYkaEp8=
-86,-77,JEYQMFqjCFL+OOGeVJqK0sm7pqU=,5+75I55GEYsEWS+VzSpyju5FkgQ=
-85,-71,JEYQMFqjCFL+OOGeVJqK0sm7pqU=,YFr3WzHCvpipD/BGZAiGF+s64PA=
-85,-70,JEYQMFqjCFL+OOGeVJqK0sm7pqU=,JHfDpkYIHyBWjWqMr2aeEx+JOfA=
-84,-70,JEYQMFqjCFL+OOGeVJqK0sm7pqU=,oeHcsBvwNYz3sxYdsbDdC7vuCtk=
-84,-71,JEYQMFqjCFL+OOGeVJqK0sm7pqU=,9qtP4N95XMNF35cacONRH5/bMUg=
-85,-73,JEYQMFqjCFL+OOGeVJqK0sm7pqU=,6lH6XR6FJFNqAtKUXCUuo4awgig=
-85,-72,JEYQMFqjCFL+OOGeVJqK0sm7pqU=,YFr3WzHCvpipD/BGZAiGF+s64PA=
-84,-72,JEYQMFqjCFL+OOGeVJqK0sm7pqU=,9qtP4N95XMNF35cacONRH5/bMUg=
-84,-73,JEYQMFqjCFL+OOGeVJqK0sm7pqU=,4VF3Ucrs2OCdC14oEAxpgmUX76E=
-84,-74,JEYQMFqjCFL+OOGeVJqK0sm7pqU=,4VF3Ucrs2OCdC14oEAxpgmUX76E=
-84,-75,JEYQMFqjCFL+OOGeVJqK0sm7pqU=,fBWFVr/Ad0mzZFTnSdjCQ6z5Emc=
-85,-74,JEYQMFqjCFL+OOGeVJqK0sm7pqU=,6lH6XR6FJFNqAtKUXCUuo4awgig=
-85,-75,JEYQMFqjCFL+OOGeVJqK0sm7pqU=,gsKAxtyU2977TJ+GKP1z092U/Qs=
-83,-74,JEYQMFqjCFL+OOGeVJqK0sm7pqU=,4VF3Ucrs2OCdC14oEAxpgmUX76E=
-83,-75,JEYQMFqjCFL+OOGeVJqK0sm7pqU=,fBWFVr/Ad0mzZFTnSdjCQ6z5Emc=
-82,-74,JEYQMFqjCFL+OOGeVJqK0sm7pqU=,/6ScBqw88kabUNeHnPdj45sBZHY=
-82,-75,JEYQMFqjCFL+OOGeVJqK0sm7pqU=,vlyKndTe1d8xiS9EhToewZ4Xq3I=
-85,-76,nOH9bVL8LLa/B75zN8wt7cmRnGA=,gsKAxtyU2977TJ+GKP1z092U/Qs=
-84,-76,nOH9bVL8LLa/B75zN8wt7cmRnGA=,fBWFVr/Ad0mzZFTnSdjCQ6z5Emc=
-84,-77,nOH9bVL8LLa/B75zN8wt7cmRnGA=,wKgwDso8a4Lp/vNl1UNDK18kIWY=
-85,-77,nOH9bVL8LLa/B75zN8wt7cmRnGA=,5+75I55GEYsEWS+VzSpyju5FkgQ=
-83,-77,nOH9bVL8LLa/B75zN8wt7cmRnGA=,wKgwDso8a4Lp/vNl1UNDK18kIWY=
-82,-77,nOH9bVL8LLa/B75zN8wt7cmRnGA=,LlR8HapNydwwmrKRGp56mCHt4f4=
-83,-76,nOH9bVL8LLa/B75zN8wt7cmRnGA=,fBWFVr/Ad0mzZFTnSdjCQ6z5Emc=
-82,-76,nOH9bVL8LLa/B75zN8wt7cmRnGA=,vlyKndTe1d8xiS9EhToewZ4Xq3I=
-85,-79,nOH9bVL8LLa/B75zN8wt7cmRnGA=,P7mIDniH2HKdoAvnWxxpHQuOxjc=
-84,-79,nOH9bVL8LLa/B75zN8wt7cmRnGA=,ctmLMVucwfWF+B5quZjrlRh59xA=
-85,-80,nOH9bVL8LLa/B75zN8wt7cmRnGA=,P7mIDniH2HKdoAvnWxxpHQuOxjc=
-85,-78,nOH9bVL8LLa/B75zN8wt7cmRnGA=,5+75I55GEYsEWS+VzSpyju5FkgQ=
-84,-78,nOH9bVL8LLa/B75zN8wt7cmRnGA=,wKgwDso8a4Lp/vNl1UNDK18kIWY=
-84,-80,nOH9bVL8LLa/B75zN8wt7cmRnGA=,ctmLMVucwfWF+B5quZjrlRh59xA=
-82,-78,nOH9bVL8LLa/B75zN8wt7cmRnGA=,LlR8HapNydwwmrKRGp56mCHt4f4=
-82,-79,nOH9bVL8LLa/B75zN8wt7cmRnGA=,gySFUvcYIC+S2zqboAP7PiuttNg=
-82,-80,nOH9bVL8LLa/B75zN8wt7cmRnGA=,gySFUvcYIC+S2zqboAP7PiuttNg=
-83,-78,nOH9bVL8LLa/B75zN8wt7cmRnGA=,wKgwDso8a4Lp/vNl1UNDK18kIWY=
-81,-79,nOH9bVL8LLa/B75zN8wt7cmRnGA=,gySFUvcYIC+S2zqboAP7PiuttNg=
-83,-80,nOH9bVL8LLa/B75zN8wt7cmRnGA=,ctmLMVucwfWF+B5quZjrlRh59xA=
-81,-78,nOH9bVL8LLa/B75zN8wt7cmRnGA=,LlR8HapNydwwmrKRGp56mCHt4f4=
-83,-79,nOH9bVL8LLa/B75zN8wt7cmRnGA=,ctmLMVucwfWF+B5quZjrlRh59xA=
-87,-79,nOH9bVL8LLa/B75zN8wt7cmRnGA=,0PlPDdiS3cf/zoy0e473RfHqkXs=
-86,-78,nOH9bVL8LLa/B75zN8wt7cmRnGA=,5+75I55GEYsEWS+VzSpyju5FkgQ=
-86,-79,nOH9bVL8LLa/B75zN8wt7cmRnGA=,P7mIDniH2HKdoAvnWxxpHQuOxjc=
-87,-78,nOH9bVL8LLa/B75zN8wt7cmRnGA=,xZYSKrba628/WpsTIDG/QYkaEp8=
-89,-78,nOH9bVL8LLa/B75zN8wt7cmRnGA=,OTRrq1UTMsXPfXvUH0UdQshqnE4=
-88,-79,nOH9bVL8LLa/B75zN8wt7cmRnGA=,0PlPDdiS3cf/zoy0e473RfHqkXs=
-88,-78,nOH9bVL8LLa/B75zN8wt7cmRnGA=,xZYSKrba628/WpsTIDG/QYkaEp8=
-89,-79,nOH9bVL8LLa/B75zN8wt7cmRnGA=,JnyKjAtWKh+FOe9V81gTqRDmQSE=
-90,-79,nOH9bVL8LLa/B75zN8wt7cmRnGA=,JnyKjAtWKh+FOe9V81gTqRDmQSE=
-91,-79,nOH9bVL8LLa/B75zN8wt7cmRnGA=,RHMcug2m3apDU6u36WwZ/OK1O/g=
-91,-78,nOH9bVL8LLa/B75zN8wt7cmRnGA=,zAqlmHnL6SQuDnIPsJ6f9USF1Uc=
-90,-78,nOH9bVL8LLa/B75zN8wt7cmRnGA=,OTRrq1UTMsXPfXvUH0UdQshqnE4=
-92,-78,nOH9bVL8LLa/B75zN8wt7cmRnGA=,zAqlmHnL6SQuDnIPsJ6f9USF1Uc=
-93,-79,nOH9bVL8LLa/B75zN8wt7cmRnGA=,jlusiN+/vZB+YliHL9i1OPAv7Eg=
-93,-78,nOH9bVL8LLa/B75zN8wt7cmRnGA=,mv37uE4CRJbzPsvgEGyTbq/SCiM=
-92,-79,nOH9bVL8LLa/B75zN8wt7cmRnGA=,RHMcug2m3apDU6u36WwZ/OK1O/g=
-94,-79,nOH9bVL8LLa/B75zN8wt7cmRnGA=,jlusiN+/vZB+YliHL9i1OPAv7Eg=
-95,-79,nOH9bVL8LLa/B75zN8wt7cmRnGA=,tS9KngbknkjoFM5i8mscnhHyJao=
-94,-78,nOH9bVL8LLa/B75zN8wt7cmRnGA=,mv37uE4CRJbzPsvgEGyTbq/SCiM=
-95,-78,nOH9bVL8LLa/B75zN8wt7cmRnGA=,BHkrarEzWqyGw3DlT5WNsbXvoR4=
-94,-77,nOH9bVL8LLa/B75zN8wt7cmRnGA=,mv37uE4CRJbzPsvgEGyTbq/SCiM=
-95,-77,nOH9bVL8LLa/B75zN8wt7cmRnGA=,BHkrarEzWqyGw3DlT5WNsbXvoR4=
-94,-76,nOH9bVL8LLa/B75zN8wt7cmRnGA=,NnrD/vpHr1lhMCjdYWOxgqigL1I=
-95,-76,nOH9bVL8LLa/B75zN8wt7cmRnGA=,CxFGB4Xkr73lXKwLFedScmJfyE0=
-94,-75,nOH9bVL8LLa/B75zN8wt7cmRnGA=,NnrD/vpHr1lhMCjdYWOxgqigL1I=
-95,-75,nOH9bVL8LLa/B75zN8wt7cmRnGA=,CxFGB4Xkr73lXKwLFedScmJfyE0=
-95,-74,nOH9bVL8LLa/B75zN8wt7cmRnGA=,PAephq4rUKaHF+qkUbaK+pJHKbk=
-94,-74,nOH9bVL8LLa/B75zN8wt7cmRnGA=,7mzEhV3mWy+PO+Au7Gum4Zi1kyc=
-94,-72,nOH9bVL8LLa/B75zN8wt7cmRnGA=,718BSpoAlDVUpVzM15a6mhIwmaU=
-94,-73,nOH9bVL8LLa/B75zN8wt7cmRnGA=,7mzEhV3mWy+PO+Au7Gum4Zi1kyc=
-95,-72,nOH9bVL8LLa/B75zN8wt7cmRnGA=,CxCKQj7xs/Hcqoh6T84gE/lqd4s=
-95,-73,nOH9bVL8LLa/B75zN8wt7cmRnGA=,PAephq4rUKaHF+qkUbaK+pJHKbk=
-94,-71,nOH9bVL8LLa/B75zN8wt7cmRnGA=,718BSpoAlDVUpVzM15a6mhIwmaU=
-95,-71,nOH9bVL8LLa/B75zN8wt7cmRnGA=,CxCKQj7xs/Hcqoh6T84gE/lqd4s=
-95,-70,nOH9bVL8LLa/B75zN8wt7cmRnGA=,ZRL7QUKoi+bKhjtTElm9WX/CGZ0=
-94,-70,nOH9bVL8LLa/B75zN8wt7cmRnGA=,DKCHm1MzFo89QcqBFkW4K5GCBpU=
-94,-69,XloM5FcZBN69GVaCuklOFtlcOvg=,DKCHm1MzFo89QcqBFkW4K5GCBpU=
-95,-69,XloM5FcZBN69GVaCuklOFtlcOvg=,ZRL7QUKoi+bKhjtTElm9WX/CGZ0=
-94,-68,XloM5FcZBN69GVaCuklOFtlcOvg=,x52/eVdKwXXJTuOF6DUb1W3MgL0=
-95,-68,XloM5FcZBN69GVaCuklOFtlcOvg=,whVW8jZU3EW7aU1lmHWb8G7So6g=
-95,-67,XloM5FcZBN69GVaCuklOFtlcOvg=,whVW8jZU3EW7aU1lmHWb8G7So6g=
-94,-66,XloM5FcZBN69GVaCuklOFtlcOvg=,4Ukh1zNtzQswx+c3uuKRatTDREY=
-94,-67,XloM5FcZBN69GVaCuklOFtlcOvg=,x52/eVdKwXXJTuOF6DUb1W3MgL0=
-95,-66,XloM5FcZBN69GVaCuklOFtlcOvg=,BeSEL0Zq6Ie8Kv+NxAzO6u5v5XA=
-90,-66,XloM5FcZBN69GVaCuklOFtlcOvg=,6OeDk5ILPWcBfBPBU063nL0cA6M=
-91,-67,XloM5FcZBN69GVaCuklOFtlcOvg=,GqsmpuvKmiW92+wNPvZpUHEWJvU=
-91,-65,XloM5FcZBN69GVaCuklOFtlcOvg=,iI12o1PMqK0gsYfL1qRNZ8NLv+8=
-93,-65,XloM5FcZBN69GVaCuklOFtlcOvg=,4Ukh1zNtzQswx+c3uuKRatTDREY=
-93,-67,XloM5FcZBN69GVaCuklOFtlcOvg=,x52/eVdKwXXJTuOF6DUb1W3MgL0=
-90,-67,XloM5FcZBN69GVaCuklOFtlcOvg=,LNNcA60hCoXuX66LViMjag8bMJc=
-90,-65,XloM5FcZBN69GVaCuklOFtlcOvg=,6OeDk5ILPWcBfBPBU063nL0cA6M=
-92,-67,XloM5FcZBN69GVaCuklOFtlcOvg=,GqsmpuvKmiW92+wNPvZpUHEWJvU=
-91,-66,XloM5FcZBN69GVaCuklOFtlcOvg=,iI12o1PMqK0gsYfL1qRNZ8NLv+8=
-92,-65,XloM5FcZBN69GVaCuklOFtlcOvg=,iI12o1PMqK0gsYfL1qRNZ8NLv+8=
-93,-66,XloM5FcZBN69GVaCuklOFtlcOvg=,4Ukh1zNtzQswx+c3uuKRatTDREY=
-92,-66,XloM5FcZBN69GVaCuklOFtlcOvg=,iI12o1PMqK0gsYfL1qRNZ8NLv+8=
-92,-69,XloM5FcZBN69GVaCuklOFtlcOvg=,tk0POvE3l7IybfCCMf/Br/ZNYgY=
-90,-71,XloM5FcZBN69GVaCuklOFtlcOvg=,T+ufzw/UuC1jJBuKtgW/FO17OHs=
-93,-71,XloM5FcZBN69GVaCuklOFtlcOvg=,718BSpoAlDVUpVzM15a6mhIwmaU=
-93,-70,XloM5FcZBN69GVaCuklOFtlcOvg=,DKCHm1MzFo89QcqBFkW4K5GCBpU=
-90,-70,XloM5FcZBN69GVaCuklOFtlcOvg=,JXjBVYp9quEkEwgYhR2VWZlTjvs=
-91,-69,XloM5FcZBN69GVaCuklOFtlcOvg=,tk0POvE3l7IybfCCMf/Br/ZNYgY=
-93,-68,XloM5FcZBN69GVaCuklOFtlcOvg=,x52/eVdKwXXJTuOF6DUb1W3MgL0=
-93,-69,XloM5FcZBN69GVaCuklOFtlcOvg=,DKCHm1MzFo89QcqBFkW4K5GCBpU=
-91,-71,XloM5FcZBN69GVaCuklOFtlcOvg=,zTDWsKpGDoPNDPJ+NopnrqX6qms=
-91,-70,XloM5FcZBN69GVaCuklOFtlcOvg=,tk0POvE3l7IybfCCMf/Br/ZNYgY=
-92,-71,XloM5FcZBN69GVaCuklOFtlcOvg=,zTDWsKpGDoPNDPJ+NopnrqX6qms=
-90,-69,XloM5FcZBN69GVaCuklOFtlcOvg=,JXjBVYp9quEkEwgYhR2VWZlTjvs=
-90,-68,XloM5FcZBN69GVaCuklOFtlcOvg=,LNNcA60hCoXuX66LViMjag8bMJc=
-92,-70,XloM5FcZBN69GVaCuklOFtlcOvg=,tk0POvE3l7IybfCCMf/Br/ZNYgY=
-91,-68,XloM5FcZBN69GVaCuklOFtlcOvg=,GqsmpuvKmiW92+wNPvZpUHEWJvU=
-92,-68,XloM5FcZBN69GVaCuklOFtlcOvg=,GqsmpuvKmiW92+wNPvZpUHEWJvU=
-89,-67,XloM5FcZBN69GVaCuklOFtlcOvg=,LNNcA60hCoXuX66LViMjag8bMJc=
-89,-66,XloM5FcZBN69GVaCuklOFtlcOvg=,6OeDk5ILPWcBfBPBU063nL0cA6M=
-88,-69,XloM5FcZBN69GVaCuklOFtlcOvg=,cd4GRKAW3rnERebX/NlmkBREAxk=
-89,-68,XloM5FcZBN69GVaCuklOFtlcOvg=,LNNcA60hCoXuX66LViMjag8bMJc=
-88,-67,XloM5FcZBN69GVaCuklOFtlcOvg=,mr2b9rrmCYW20+Ye/LXCPIRjWus=
-89,-69,XloM5FcZBN69GVaCuklOFtlcOvg=,JXjBVYp9quEkEwgYhR2VWZlTjvs=
-88,-66,XloM5FcZBN69GVaCuklOFtlcOvg=,t8+uuNJxiph2azx16DohLNIpoYk=
-88,-68,XloM5FcZBN69GVaCuklOFtlcOvg=,mr2b9rrmCYW20+Ye/LXCPIRjWus=
-86,-68,XloM5FcZBN69GVaCuklOFtlcOvg=,Pv6+hmF4Ni0HpEuMy/DchXalXFI=
-87,-69,XloM5FcZBN69GVaCuklOFtlcOvg=,cd4GRKAW3rnERebX/NlmkBREAxk=
-86,-69,XloM5FcZBN69GVaCuklOFtlcOvg=,JHfDpkYIHyBWjWqMr2aeEx+JOfA=
-87,-68,XloM5FcZBN69GVaCuklOFtlcOvg=,mr2b9rrmCYW20+Ye/LXCPIRjWus=
-86,-66,XloM5FcZBN69GVaCuklOFtlcOvg=,jys4c8wLb9WFz0Hohb/xYd2+Sgc=
-87,-66,XloM5FcZBN69GVaCuklOFtlcOvg=,t8+uuNJxiph2azx16DohLNIpoYk=
-87,-67,XloM5FcZBN69GVaCuklOFtlcOvg=,mr2b9rrmCYW20+Ye/LXCPIRjWus=
-86,-67,XloM5FcZBN69GVaCuklOFtlcOvg=,Pv6+hmF4Ni0HpEuMy/DchXalXFI=
-84,-68,XloM5FcZBN69GVaCuklOFtlcOvg=,9p6KOUstuO61QfHH6UxWCrcgCjw=
-85,-68,XloM5FcZBN69GVaCuklOFtlcOvg=,Pv6+hmF4Ni0HpEuMy/DchXalXFI=
-85,-69,XloM5FcZBN69GVaCuklOFtlcOvg=,JHfDpkYIHyBWjWqMr2aeEx+JOfA=
-84,-69,XloM5FcZBN69GVaCuklOFtlcOvg=,oeHcsBvwNYz3sxYdsbDdC7vuCtk=
-84,-67,XloM5FcZBN69GVaCuklOFtlcOvg=,9p6KOUstuO61QfHH6UxWCrcgCjw=
-85,-67,XloM5FcZBN69GVaCuklOFtlcOvg=,Pv6+hmF4Ni0HpEuMy/DchXalXFI=
-85,-66,XloM5FcZBN69GVaCuklOFtlcOvg=,jys4c8wLb9WFz0Hohb/xYd2+Sgc=
-84,-66,XloM5FcZBN69GVaCuklOFtlcOvg=,XHPtiZ6HsSjrvKfZturH9V7/u5s=
-83,-66,XloM5FcZBN69GVaCuklOFtlcOvg=,XHPtiZ6HsSjrvKfZturH9V7/u5s=
-82,-66,XloM5FcZBN69GVaCuklOFtlcOvg=,Q6iHgrOdtX1lwuQKxQUB45/WjxY=
-83,-67,XloM5FcZBN69GVaCuklOFtlcOvg=,9p6KOUstuO61QfHH6UxWCrcgCjw=
-82,-67,XloM5FcZBN69GVaCuklOFtlcOvg=,SeqY5TpBAo769fI21qSJsaNYYhk=
-81,-76,XloM5FcZBN69GVaCuklOFtlcOvg=,vlyKndTe1d8xiS9EhToewZ4Xq3I=
-81,-77,XloM5FcZBN69GVaCuklOFtlcOvg=,LlR8HapNydwwmrKRGp56mCHt4f4=
-81,-74,XloM5FcZBN69GVaCuklOFtlcOvg=,/6ScBqw88kabUNeHnPdj45sBZHY=
-81,-75,XloM5FcZBN69GVaCuklOFtlcOvg=,vlyKndTe1d8xiS9EhToewZ4Xq3I=
-81,-66,XloM5FcZBN69GVaCuklOFtlcOvg=,Q6iHgrOdtX1lwuQKxQUB45/WjxY=
-82,-65,XloM5FcZBN69GVaCuklOFtlcOvg=,Q6iHgrOdtX1lwuQKxQUB45/WjxY=
-83,-69,XloM5FcZBN69GVaCuklOFtlcOvg=,oeHcsBvwNYz3sxYdsbDdC7vuCtk=
-81,-67,XloM5FcZBN69GVaCuklOFtlcOvg=,SeqY5TpBAo769fI21qSJsaNYYhk=
-83,-68,XloM5FcZBN69GVaCuklOFtlcOvg=,9p6KOUstuO61QfHH6UxWCrcgCjw=
-81,-68,XloM5FcZBN69GVaCuklOFtlcOvg=,SeqY5TpBAo769fI21qSJsaNYYhk=
-83,-65,XloM5FcZBN69GVaCuklOFtlcOvg=,XHPtiZ6HsSjrvKfZturH9V7/u5s=
-82,-68,XloM5FcZBN69GVaCuklOFtlcOvg=,SeqY5TpBAo769fI21qSJsaNYYhk=
-82,-73,XloM5FcZBN69GVaCuklOFtlcOvg=,/6ScBqw88kabUNeHnPdj45sBZHY=
-82,-69,XloM5FcZBN69GVaCuklOFtlcOvg=,D4KMhgVqNFPHAR1xlGpAxWD5QjU=
-83,-73,XloM5FcZBN69GVaCuklOFtlcOvg=,4VF3Ucrs2OCdC14oEAxpgmUX76E=
-81,-72,XloM5FcZBN69GVaCuklOFtlcOvg=,T3U6OSQ7YYhOoacgUEvZ/vYD/PQ=
-82,-72,XloM5FcZBN69GVaCuklOFtlcOvg=,T3U6OSQ7YYhOoacgUEvZ/vYD/PQ=
-81,-69,XloM5FcZBN69GVaCuklOFtlcOvg=,D4KMhgVqNFPHAR1xlGpAxWD5QjU=
-88,-65,XloM5FcZBN69GVaCuklOFtlcOvg=,t8+uuNJxiph2azx16DohLNIpoYk=
-81,-70,XloM5FcZBN69GVaCuklOFtlcOvg=,D4KMhgVqNFPHAR1xlGpAxWD5QjU=
-89,-65,XloM5FcZBN69GVaCuklOFtlcOvg=,6OeDk5ILPWcBfBPBU063nL0cA6M=
-83,-71,XloM5FcZBN69GVaCuklOFtlcOvg=,9qtP4N95XMNF35cacONRH5/bMUg=
-82,-70,XloM5FcZBN69GVaCuklOFtlcOvg=,D4KMhgVqNFPHAR1xlGpAxWD5QjU=
-86,-65,XloM5FcZBN69GVaCuklOFtlcOvg=,jys4c8wLb9WFz0Hohb/xYd2+Sgc=
-84,-65,XloM5FcZBN69GVaCuklOFtlcOvg=,XHPtiZ6HsSjrvKfZturH9V7/u5s=
-82,-71,XloM5FcZBN69GVaCuklOFtlcOvg=,T3U6OSQ7YYhOoacgUEvZ/vYD/PQ=
-87,-65,XloM5FcZBN69GVaCuklOFtlcOvg=,t8+uuNJxiph2azx16DohLNIpoYk=
-85,-65,XloM5FcZBN69GVaCuklOFtlcOvg=,jys4c8wLb9WFz0Hohb/xYd2+Sgc=
-83,-72,XloM5FcZBN69GVaCuklOFtlcOvg=,9qtP4N95XMNF35cacONRH5/bMUg=
-96,-66,XloM5FcZBN69GVaCuklOFtlcOvg=,BeSEL0Zq6Ie8Kv+NxAzO6u5v5XA=
-96,-69,XloM5FcZBN69GVaCuklOFtlcOvg=,ZRL7QUKoi+bKhjtTElm9WX/CGZ0=
-83,-70,XloM5FcZBN69GVaCuklOFtlcOvg=,oeHcsBvwNYz3sxYdsbDdC7vuCtk=
-81,-73,XloM5FcZBN69GVaCuklOFtlcOvg=,/6ScBqw88kabUNeHnPdj45sBZHY=
-81,-71,XloM5FcZBN69GVaCuklOFtlcOvg=,T3U6OSQ7YYhOoacgUEvZ/vYD/PQ=
-96,-67,XloM5FcZBN69GVaCuklOFtlcOvg=,whVW8jZU3EW7aU1lmHWb8G7So6g=
-96,-68,XloM5FcZBN69GVaCuklOFtlcOvg=,whVW8jZU3EW7aU1lmHWb8G7So6g=
-96,-71,XloM5FcZBN69GVaCuklOFtlcOvg=,CxCKQj7xs/Hcqoh6T84gE/lqd4s=
-96,-72,XloM5FcZBN69GVaCuklOFtlcOvg=,CxCKQj7xs/Hcqoh6T84gE/lqd4s=
-96,-70,XloM5FcZBN69GVaCuklOFtlcOvg=,ZRL7QUKoi+bKhjtTElm9WX/CGZ0=
-96,-73,XloM5FcZBN69GVaCuklOFtlcOvg=,PAephq4rUKaHF+qkUbaK+pJHKbk=
-96,-76,XloM5FcZBN69GVaCuklOFtlcOvg=,CxFGB4Xkr73lXKwLFedScmJfyE0=
-96,-75,XloM5FcZBN69GVaCuklOFtlcOvg=,CxFGB4Xkr73lXKwLFedScmJfyE0=
-96,-74,XloM5FcZBN69GVaCuklOFtlcOvg=,PAephq4rUKaHF+qkUbaK+pJHKbk=
-81,-80,XloM5FcZBN69GVaCuklOFtlcOvg=,gySFUvcYIC+S2zqboAP7PiuttNg=
-94,-80,XloM5FcZBN69GVaCuklOFtlcOvg=,jlusiN+/vZB+YliHL9i1OPAv7Eg=
-96,-79,XloM5FcZBN69GVaCuklOFtlcOvg=,tS9KngbknkjoFM5i8mscnhHyJao=
-95,-80,XloM5FcZBN69GVaCuklOFtlcOvg=,tS9KngbknkjoFM5i8mscnhHyJao=
-96,-77,XloM5FcZBN69GVaCuklOFtlcOvg=,BHkrarEzWqyGw3DlT5WNsbXvoR4=
-81,-65,XloM5FcZBN69GVaCuklOFtlcOvg=,Q6iHgrOdtX1lwuQKxQUB45/WjxY=
-93,-80,XloM5FcZBN69GVaCuklOFtlcOvg=,jlusiN+/vZB+YliHL9i1OPAv7Eg=
-96,-78,XloM5FcZBN69GVaCuklOFtlcOvg=,BHkrarEzWqyGw3DlT5WNsbXvoR4=
-92,-80,XloM5FcZBN69GVaCuklOFtlcOvg=,RHMcug2m3apDU6u36WwZ/OK1O/g=
-90,-80,XloM5FcZBN69GVaCuklOFtlcOvg=,JnyKjAtWKh+FOe9V81gTqRDmQSE=
-86,-80,XloM5FcZBN69GVaCuklOFtlcOvg=,P7mIDniH2HKdoAvnWxxpHQuOxjc=
-96,-80,XloM5FcZBN69GVaCuklOFtlcOvg=,tS9KngbknkjoFM5i8mscnhHyJao=
-89,-80,XloM5FcZBN69GVaCuklOFtlcOvg=,JnyKjAtWKh+FOe9V81gTqRDmQSE=
-91,-80,XloM5FcZBN69GVaCuklOFtlcOvg=,RHMcug2m3apDU6u36WwZ/OK1O/g=
-88,-80,XloM5FcZBN69GVaCuklOFtlcOvg=,0PlPDdiS3cf/zoy0e473RfHqkXs=
-87,-80,XloM5FcZBN69GVaCuklOFtlcOvg=,0PlPDdiS3cf/zoy0e473RfHqkXs=
-96,-65,XloM5FcZBN69GVaCuklOFtlcOvg=,BeSEL0Zq6Ie8Kv+NxAzO6u5v5XA=
-94,-65,XloM5FcZBN69GVaCuklOFtlcOvg=,4Ukh1zNtzQswx+c3uuKRatTDREY=
-95,-65,XloM5FcZBN69GVaCuklOFtlcOvg=,BeSEL0Zq6Ie8Kv+NxAzO6u5v5XA=
