78,1,zWNyJBVzqtDG27FhLblpP0MPEPI=,XFalvM4bwcC5BBE9MZUQ/xkzSD8=
78,2,zWNyJBVzqtDG27FhLblpP0MPEPI=,KYJh4M3TYBNZiFLSYWtFSC4nnTY=
77,2,zWNyJBVzqtDG27FhLblpP0MPEPI=,waoGWZoMqlch8eel30nlmkGOHqc=
77,1,zWNyJBVzqtDG27FhLblpP0MPEPI=,g0nVc0y0u6aj6T4ADDBxz+1geZU=
77,3,zWNyJBVzqtDG27FhLblpP0MPEPI=,waoGWZoMqlch8eel30nlmkGOHqc=
78,3,zWNyJBVzqtDG27FhLblpP0MPEPI=,KYJh4M3TYBNZiFLSYWtFSC4nnTY=
78,4,zWNyJBVzqtDG27FhLblpP0MPEPI=,pywZhSVLCYDYuhobLABCHJ0KrBk=
77,4,zWNyJBVzqtDG27FhLblpP0MPEPI=,hFcNpNpar8TFLF7yEXUDGZgl+VU=
76,3,zWNyJBVzqtDG27FhLblpP0MPEPI=,waoGWZoMqlch8eel30nlmkGOHqc=
76,4,zWNyJBVzqtDG27FhLblpP0MPEPI=,hFcNpNpar8TFLF7yEXUDGZgl+VU=
75,3,zWNyJBVzqtDG27FhLblpP0MPEPI=,wmFUEnPqTIKpXXAfewYCDcfstk0=
75,4,zWNyJBVzqtDG27FhLblpP0MPEPI=,OvhuJPosmRq6aBoSeDrY87bSpIo=
73,3,zWNyJBVzqtDG27FhLblpP0MPEPI=,5vwL0+S03B3s1hvZiclbZoF9ci4=
74,3,zWNyJBVzqtDG27FhLblpP0MPEPI=,wmFUEnPqTIKpXXAfewYCDcfstk0=
74,4,zWNyJBVzqtDG27FhLblpP0MPEPI=,OvhuJPosmRq6aBoSeDrY87bSpIo=
73,4,zWNyJBVzqtDG27FhLblpP0MPEPI=,PjYIle/DP9vDF2HlgsP10jNJeJI=
72,3,zWNyJBVzqtDG27FhLblpP0MPEPI=,5vwL0+S03B3s1hvZiclbZoF9ci4=
71,3,zWNyJBVzqtDG27FhLblpP0MPEPI=,6oS6vAi+hWdveT9456cP8bhRfwI=
72,4,zWNyJBVzqtDG27FhLblpP0MPEPI=,PjYIle/DP9vDF2HlgsP10jNJeJI=
71,4,zWNyJBVzqtDG27FhLblpP0MPEPI=,nasvnEymnBzHSCpCXmUljbC01+Y=
72,1,Uxct14bUMSpbL5qxcDgUOciOu5k=,P3ls50bMhzdg0HdKCeoJ3jIgdUg=
71,1,Uxct14bUMSpbL5qxcDgUOciOu5k=,WEIcxBrwUv0lTpVQ8nRC1tCPlgs=
72,2,Uxct14bUMSpbL5qxcDgUOciOu5k=,5vwL0+S03B3s1hvZiclbZoF9ci4=
71,2,Uxct14bUMSpbL5qxcDgUOciOu5k=,6oS6vAi+hWdveT9456cP8bhRfwI=
70,2,Uxct14bUMSpbL5qxcDgUOciOu5k=,6oS6vAi+hWdveT9456cP8bhRfwI=
69,1,Uxct14bUMSpbL5qxcDgUOciOu5k=,0oigIDl3gJTIIdKRlKFH2yGWlYo=
69,2,Uxct14bUMSpbL5qxcDgUOciOu5k=,4ouT7s6kFtQqI2/blvtU8E0jUgU=
70,1,Uxct14bUMSpbL5qxcDgUOciOu5k=,WEIcxBrwUv0lTpVQ8nRC1tCPlgs=
70,3,Uxct14bUMSpbL5qxcDgUOciOu5k=,6oS6vAi+hWdveT9456cP8bhRfwI=
69,4,Uxct14bUMSpbL5qxcDgUOciOu5k=,fI9FbWhHqYPJYgakG/ok7oLJtQw=
70,4,Uxct14bUMSpbL5qxcDgUOciOu5k=,nasvnEymnBzHSCpCXmUljbC01+Y=
69,3,Uxct14bUMSpbL5qxcDgUOciOu5k=,4ouT7s6kFtQqI2/blvtU8E0jUgU=
71,5,Uxct14bUMSpbL5qxcDgUOciOu5k=,nasvnEymnBzHSCpCXmUljbC01+Y=
70,6,Uxct14bUMSpbL5qxcDgUOciOu5k=,TbxagnSIR5izyqKzTk7rjjZjZII=
69,5,Uxct14bUMSpbL5qxcDgUOciOu5k=,fI9FbWhHqYPJYgakG/ok7oLJtQw=
71,6,Uxct14bUMSpbL5qxcDgUOciOu5k=,TbxagnSIR5izyqKzTk7rjjZjZII=
69,6,Uxct14bUMSpbL5qxcDgUOciOu5k=,YqrhfJmWqsKeVCcWQ8Aoyqh9N6o=
70,5,Uxct14bUMSpbL5qxcDgUOciOu5k=,nasvnEymnBzHSCpCXmUljbC01+Y=
72,6,Uxct14bUMSpbL5qxcDgUOciOu5k=,Vbtv8YKzuLN69Y8hotpf0ULgjM4=
72,5,Uxct14bUMSpbL5qxcDgUOciOu5k=,PjYIle/DP9vDF2HlgsP10jNJeJI=
74,5,Uxct14bUMSpbL5qxcDgUOciOu5k=,OvhuJPosmRq6aBoSeDrY87bSpIo=
73,6,Uxct14bUMSpbL5qxcDgUOciOu5k=,Vbtv8YKzuLN69Y8hotpf0ULgjM4=
73,5,Uxct14bUMSpbL5qxcDgUOciOu5k=,PjYIle/DP9vDF2HlgsP10jNJeJI=
74,6,Uxct14bUMSpbL5qxcDgUOciOu5k=,Fnl2QJMSkFE/6i+/JdYiQZ4h5G8=
69,7,Uxct14bUMSpbL5qxcDgUOciOu5k=,YqrhfJmWqsKeVCcWQ8Aoyqh9N6o=
69,8,Uxct14bUMSpbL5qxcDgUOciOu5k=,DTnyTE8plyVs/yCdV6vLDFFaGG0=
70,8,Uxct14bUMSpbL5qxcDgUOciOu5k=,Ri5NPbLZbCon+hUBRdQ7TZ/ChBk=
71,8,Uxct14bUMSpbL5qxcDgUOciOu5k=,Ri5NPbLZbCon+hUBRdQ7TZ/ChBk=
70,7,Uxct14bUMSpbL5qxcDgUOciOu5k=,TbxagnSIR5izyqKzTk7rjjZjZII=
72,7,Uxct14bUMSpbL5qxcDgUOciOu5k=,Vbtv8YKzuLN69Y8hotpf0ULgjM4=
72,8,Uxct14bUMSpbL5qxcDgUOciOu5k=,rqGqoRRw1n6D6jj7MHKV/Raf4YQ=
71,7,Uxct14bUMSpbL5qxcDgUOciOu5k=,TbxagnSIR5izyqKzTk7rjjZjZII=
73,7,Uxct14bUMSpbL5qxcDgUOciOu5k=,Vbtv8YKzuLN69Y8hotpf0ULgjM4=
74,8,Uxct14bUMSpbL5qxcDgUOciOu5k=,NBaZh8z7RcLG+PJGRX0e3/hazZY=
73,8,Uxct14bUMSpbL5qxcDgUOciOu5k=,rqGqoRRw1n6D6jj7MHKV/Raf4YQ=
74,7,Uxct14bUMSpbL5qxcDgUOciOu5k=,Fnl2QJMSkFE/6i+/JdYiQZ4h5G8=
73,9,Uxct14bUMSpbL5qxcDgUOciOu5k=,rqGqoRRw1n6D6jj7MHKV/Raf4YQ=
74,9,Uxct14bUMSpbL5qxcDgUOciOu5k=,NBaZh8z7RcLG+PJGRX0e3/hazZY=
74,10,Uxct14bUMSpbL5qxcDgUOciOu5k=,gaNCz9sdPg5eUQTvMteEVIdHGHM=
73,10,Uxct14bUMSpbL5qxcDgUOciOu5k=,3+pcbT/Yhsdh5Rl2gGziwFbcV8I=
74,12,V7VAh0F9IiGFBCgMtILcxUemjsY=,Hi42ezxHfvLuhtkMM3FXm+ZOtns=
73,11,V7VAh0F9IiGFBCgMtILcxUemjsY=,3+pcbT/Yhsdh5Rl2gGziwFbcV8I=
74,11,V7VAh0F9IiGFBCgMtILcxUemjsY=,gaNCz9sdPg5eUQTvMteEVIdHGHM=
73,12,V7VAh0F9IiGFBCgMtILcxUemjsY=,5QdOfF/GvXmkzSiMYe5R1AgbczU=
74,13,V7VAh0F9IiGFBCgMtILcxUemjsY=,Hi42ezxHfvLuhtkMM3FXm+ZOtns=
74,14,V7VAh0F9IiGFBCgMtILcxUemjsY=,B8tsiCpd3atjc2GuZvNvRoV8/QQ=
73,13,V7VAh0F9IiGFBCgMtILcxUemjsY=,5QdOfF/GvXmkzSiMYe5R1AgbczU=
73,14,V7VAh0F9IiGFBCgMtILcxUemjsY=,L3HLzrazx0uj0KrPAbbWdGaaniQ=
76,14,V7VAh0F9IiGFBCgMtILcxUemjsY=,hnActxnSBqh6rmRpvgaqat+bmZM=
75,14,V7VAh0F9IiGFBCgMtILcxUemjsY=,B8tsiCpd3atjc2GuZvNvRoV8/QQ=
75,13,V7VAh0F9IiGFBCgMtILcxUemjsY=,Hi42ezxHfvLuhtkMM3FXm+ZOtns=
76,13,V7VAh0F9IiGFBCgMtILcxUemjsY=,2dybq7nBGxNjsSO4LHQXa9Fwq18=
77,13,V7VAh0F9IiGFBCgMtILcxUemjsY=,2dybq7nBGxNjsSO4LHQXa9Fwq18=
78,14,V7VAh0F9IiGFBCgMtILcxUemjsY=,ylbznyPxzU7ykCw5FvmQlvRWmyQ=
77,14,V7VAh0F9IiGFBCgMtILcxUemjsY=,hnActxnSBqh6rmRpvgaqat+bmZM=
78,13,V7VAh0F9IiGFBCgMtILcxUemjsY=,Ima5ez8fVRAASZVYVQIcgp0150c=
76,12,V7VAh0F9IiGFBCgMtILcxUemjsY=,2dybq7nBGxNjsSO4LHQXa9Fwq18=
75,12,V7VAh0F9IiGFBCgMtILcxUemjsY=,Hi42ezxHfvLuhtkMM3FXm+ZOtns=
75,11,V7VAh0F9IiGFBCgMtILcxUemjsY=,gaNCz9sdPg5eUQTvMteEVIdHGHM=
76,11,V7VAh0F9IiGFBCgMtILcxUemjsY=,BZNb0l2pvLqF4lb6SEQa+93AnGE=
77,12,V7VAh0F9IiGFBCgMtILcxUemjsY=,2dybq7nBGxNjsSO4LHQXa9Fwq18=
78,12,V7VAh0F9IiGFBCgMtILcxUemjsY=,Ima5ez8fVRAASZVYVQIcgp0150c=
77,11,V7VAh0F9IiGFBCgMtILcxUemjsY=,BZNb0l2pvLqF4lb6SEQa+93AnGE=
78,11,V7VAh0F9IiGFBCgMtILcxUemjsY=,s/PPbIgmud0OYs0gYNgZVtihIWE=
76,10,V7VAh0F9IiGFBCgMtILcxUemjsY=,BZNb0l2pvLqF4lb6SEQa+93AnGE=
76,9,V7VAh0F9IiGFBCgMtILcxUemjsY=,W6S4lVTtRT9uYUPrlWtVvmQyBc0=
75,10,V7VAh0F9IiGFBCgMtILcxUemjsY=,gaNCz9sdPg5eUQTvMteEVIdHGHM=
75,9,V7VAh0F9IiGFBCgMtILcxUemjsY=,NBaZh8z7RcLG+PJGRX0e3/hazZY=
78,10,V7VAh0F9IiGFBCgMtILcxUemjsY=,s/PPbIgmud0OYs0gYNgZVtihIWE=
78,9,V7VAh0F9IiGFBCgMtILcxUemjsY=,w4Tx9xZQtC1F4P1CjiJkGNQPj3M=
77,9,V7VAh0F9IiGFBCgMtILcxUemjsY=,W6S4lVTtRT9uYUPrlWtVvmQyBc0=
77,10,V7VAh0F9IiGFBCgMtILcxUemjsY=,BZNb0l2pvLqF4lb6SEQa+93AnGE=
76,6,V7VAh0F9IiGFBCgMtILcxUemjsY=,yvi+3PhsZ2UAaJbMOZSqRbEaDBg=
76,5,V7VAh0F9IiGFBCgMtILcxUemjsY=,hFcNpNpar8TFLF7yEXUDGZgl+VU=
76,8,V7VAh0F9IiGFBCgMtILcxUemjsY=,W6S4lVTtRT9uYUPrlWtVvmQyBc0=
75,8,V7VAh0F9IiGFBCgMtILcxUemjsY=,NBaZh8z7RcLG+PJGRX0e3/hazZY=
75,5,V7VAh0F9IiGFBCgMtILcxUemjsY=,OvhuJPosmRq6aBoSeDrY87bSpIo=
76,7,V7VAh0F9IiGFBCgMtILcxUemjsY=,yvi+3PhsZ2UAaJbMOZSqRbEaDBg=
75,6,V7VAh0F9IiGFBCgMtILcxUemjsY=,Fnl2QJMSkFE/6i+/JdYiQZ4h5G8=
75,7,V7VAh0F9IiGFBCgMtILcxUemjsY=,Fnl2QJMSkFE/6i+/JdYiQZ4h5G8=
79,2,V7VAh0F9IiGFBCgMtILcxUemjsY=,KYJh4M3TYBNZiFLSYWtFSC4nnTY=
79,1,V7VAh0F9IiGFBCgMtILcxUemjsY=,XFalvM4bwcC5BBE9MZUQ/xkzSD8=
79,3,V7VAh0F9IiGFBCgMtILcxUemjsY=,KYJh4M3TYBNZiFLSYWtFSC4nnTY=
79,4,V7VAh0F9IiGFBCgMtILcxUemjsY=,pywZhSVLCYDYuhobLABCHJ0KrBk=
77,0,V7VAh0F9IiGFBCgMtILcxUemjsY=,g0nVc0y0u6aj6T4ADDBxz+1geZU=
78,0,V7VAh0F9IiGFBCgMtILcxUemjsY=,XFalvM4bwcC5BBE9MZUQ/xkzSD8=
71,0,V7VAh0F9IiGFBCgMtILcxUemjsY=,WEIcxBrwUv0lTpVQ8nRC1tCPlgs=
72,0,V7VAh0F9IiGFBCgMtILcxUemjsY=,P3ls50bMhzdg0HdKCeoJ3jIgdUg=
69,0,V7VAh0F9IiGFBCgMtILcxUemjsY=,0oigIDl3gJTIIdKRlKFH2yGWlYo=
70,0,V7VAh0F9IiGFBCgMtILcxUemjsY=,WEIcxBrwUv0lTpVQ8nRC1tCPlgs=
79,7,V7VAh0F9IiGFBCgMtILcxUemjsY=,V98DgExzqU5KuVf5y8MByNM7mHs=
78,8,V7VAh0F9IiGFBCgMtILcxUemjsY=,w4Tx9xZQtC1F4P1CjiJkGNQPj3M=
77,5,V7VAh0F9IiGFBCgMtILcxUemjsY=,hFcNpNpar8TFLF7yEXUDGZgl+VU=
79,5,V7VAh0F9IiGFBCgMtILcxUemjsY=,pywZhSVLCYDYuhobLABCHJ0KrBk=
78,5,V7VAh0F9IiGFBCgMtILcxUemjsY=,pywZhSVLCYDYuhobLABCHJ0KrBk=
78,7,V7VAh0F9IiGFBCgMtILcxUemjsY=,V98DgExzqU5KuVf5y8MByNM7mHs=
77,6,V7VAh0F9IiGFBCgMtILcxUemjsY=,yvi+3PhsZ2UAaJbMOZSqRbEaDBg=
78,6,V7VAh0F9IiGFBCgMtILcxUemjsY=,V98DgExzqU5KuVf5y8MByNM7mHs=
77,7,V7VAh0F9IiGFBCgMtILcxUemjsY=,yvi+3PhsZ2UAaJbMOZSqRbEaDBg=
77,8,V7VAh0F9IiGFBCgMtILcxUemjsY=,W6S4lVTtRT9uYUPrlWtVvmQyBc0=
79,8,V7VAh0F9IiGFBCgMtILcxUemjsY=,w4Tx9xZQtC1F4P1CjiJkGNQPj3M=
79,6,V7VAh0F9IiGFBCgMtILcxUemjsY=,V98DgExzqU5KuVf5y8MByNM7mHs=
74,2,V7VAh0F9IiGFBCgMtILcxUemjsY=,wmFUEnPqTIKpXXAfewYCDcfstk0=
75,1,V7VAh0F9IiGFBCgMtILcxUemjsY=,YwepwP/eoJn8sn+gkCZWagORHr0=
76,0,V7VAh0F9IiGFBCgMtILcxUemjsY=,g0nVc0y0u6aj6T4ADDBxz+1geZU=
74,1,V7VAh0F9IiGFBCgMtILcxUemjsY=,YwepwP/eoJn8sn+gkCZWagORHr0=
73,1,V7VAh0F9IiGFBCgMtILcxUemjsY=,P3ls50bMhzdg0HdKCeoJ3jIgdUg=
73,2,V7VAh0F9IiGFBCgMtILcxUemjsY=,5vwL0+S03B3s1hvZiclbZoF9ci4=
75,0,V7VAh0F9IiGFBCgMtILcxUemjsY=,YwepwP/eoJn8sn+gkCZWagORHr0=
76,1,V7VAh0F9IiGFBCgMtILcxUemjsY=,g0nVc0y0u6aj6T4ADDBxz+1geZU=
73,0,V7VAh0F9IiGFBCgMtILcxUemjsY=,P3ls50bMhzdg0HdKCeoJ3jIgdUg=
74,0,V7VAh0F9IiGFBCgMtILcxUemjsY=,YwepwP/eoJn8sn+gkCZWagORHr0=
76,2,V7VAh0F9IiGFBCgMtILcxUemjsY=,waoGWZoMqlch8eel30nlmkGOHqc=
75,2,V7VAh0F9IiGFBCgMtILcxUemjsY=,wmFUEnPqTIKpXXAfewYCDcfstk0=
67,0,V7VAh0F9IiGFBCgMtILcxUemjsY=,qpFeWFNIsYChWt1gUC4aHfAx7aU=
68,0,V7VAh0F9IiGFBCgMtILcxUemjsY=,0oigIDl3gJTIIdKRlKFH2yGWlYo=
68,1,V7VAh0F9IiGFBCgMtILcxUemjsY=,0oigIDl3gJTIIdKRlKFH2yGWlYo=
68,2,V7VAh0F9IiGFBCgMtILcxUemjsY=,4ouT7s6kFtQqI2/blvtU8E0jUgU=
67,1,V7VAh0F9IiGFBCgMtILcxUemjsY=,qpFeWFNIsYChWt1gUC4aHfAx7aU=
67,2,V7VAh0F9IiGFBCgMtILcxUemjsY=,jJGMLU/Y3Qxm39R5AcW2H64AoKc=
67,4,V7VAh0F9IiGFBCgMtILcxUemjsY=,gSclITO/gd5esPf2QrVxZJb7l78=
67,3,V7VAh0F9IiGFBCgMtILcxUemjsY=,jJGMLU/Y3Qxm39R5AcW2H64AoKc=
68,3,V7VAh0F9IiGFBCgMtILcxUemjsY=,4ouT7s6kFtQqI2/blvtU8E0jUgU=
68,4,V7VAh0F9IiGFBCgMtILcxUemjsY=,fI9FbWhHqYPJYgakG/ok7oLJtQw=
68,6,V7VAh0F9IiGFBCgMtILcxUemjsY=,YqrhfJmWqsKeVCcWQ8Aoyqh9N6o=
68,5,V7VAh0F9IiGFBCgMtILcxUemjsY=,fI9FbWhHqYPJYgakG/ok7oLJtQw=
67,5,V7VAh0F9IiGFBCgMtILcxUemjsY=,gSclITO/gd5esPf2QrVxZJb7l78=
67,6,V7VAh0F9IiGFBCgMtILcxUemjsY=,o8D1G6lT5BiRrd2/SP+XvH+R8V0=
67,7,V7VAh0F9IiGFBCgMtILcxUemjsY=,o8D1G6lT5BiRrd2/SP+XvH+R8V0=
68,8,V7VAh0F9IiGFBCgMtILcxUemjsY=,DTnyTE8plyVs/yCdV6vLDFFaGG0=
68,7,V7VAh0F9IiGFBCgMtILcxUemjsY=,YqrhfJmWqsKeVCcWQ8Aoyqh9N6o=
67,8,V7VAh0F9IiGFBCgMtILcxUemjsY=,bRHQXMAXM7TXv+w4MC5IGMBbPCM=
67,9,p8tMwhjmOHxXu0VGpMIPZGKZ2qI=,bRHQXMAXM7TXv+w4MC5IGMBbPCM=
67,11,p8tMwhjmOHxXu0VGpMIPZGKZ2qI=,HHvEI8TTvPcb9X27B/WN/4E/jUM=
68,9,p8tMwhjmOHxXu0VGpMIPZGKZ2qI=,DTnyTE8plyVs/yCdV6vLDFFaGG0=
68,11,p8tMwhjmOHxXu0VGpMIPZGKZ2qI=,IAhx3DSZyWzqtM/jhyAflllZxmM=
67,10,p8tMwhjmOHxXu0VGpMIPZGKZ2qI=,HHvEI8TTvPcb9X27B/WN/4E/jUM=
68,10,p8tMwhjmOHxXu0VGpMIPZGKZ2qI=,IAhx3DSZyWzqtM/jhyAflllZxmM=
68,12,p8tMwhjmOHxXu0VGpMIPZGKZ2qI=,kbw1hUozHLioRll/f2/AADk2YrM=
67,12,p8tMwhjmOHxXu0VGpMIPZGKZ2qI=,yV8T3k5D+3OYet99xOgtRYwXwy0=
68,14,p8tMwhjmOHxXu0VGpMIPZGKZ2qI=,xeVRSeXpIWetr9BIZDTi4nu1vmA=
67,14,p8tMwhjmOHxXu0VGpMIPZGKZ2qI=,bWJP4Og6qzH8kDHlUu7jOBWcTSw=
67,13,p8tMwhjmOHxXu0VGpMIPZGKZ2qI=,yV8T3k5D+3OYet99xOgtRYwXwy0=
68,13,p8tMwhjmOHxXu0VGpMIPZGKZ2qI=,kbw1hUozHLioRll/f2/AADk2YrM=
73,15,p8tMwhjmOHxXu0VGpMIPZGKZ2qI=,L3HLzrazx0uj0KrPAbbWdGaaniQ=
74,15,p8tMwhjmOHxXu0VGpMIPZGKZ2qI=,B8tsiCpd3atjc2GuZvNvRoV8/QQ=
72,9,p8tMwhjmOHxXu0VGpMIPZGKZ2qI=,rqGqoRRw1n6D6jj7MHKV/Raf4YQ=
72,10,p8tMwhjmOHxXu0VGpMIPZGKZ2qI=,3+pcbT/Yhsdh5Rl2gGziwFbcV8I=
70,10,p8tMwhjmOHxXu0VGpMIPZGKZ2qI=,c0JNgF3LKzHEV9UZC1X0NPf7DCE=
69,10,p8tMwhjmOHxXu0VGpMIPZGKZ2qI=,IAhx3DSZyWzqtM/jhyAflllZxmM=
71,9,p8tMwhjmOHxXu0VGpMIPZGKZ2qI=,Ri5NPbLZbCon+hUBRdQ7TZ/ChBk=
69,9,p8tMwhjmOHxXu0VGpMIPZGKZ2qI=,DTnyTE8plyVs/yCdV6vLDFFaGG0=
71,10,p8tMwhjmOHxXu0VGpMIPZGKZ2qI=,c0JNgF3LKzHEV9UZC1X0NPf7DCE=
70,9,p8tMwhjmOHxXu0VGpMIPZGKZ2qI=,Ri5NPbLZbCon+hUBRdQ7TZ/ChBk=
75,15,p8tMwhjmOHxXu0VGpMIPZGKZ2qI=,B8tsiCpd3atjc2GuZvNvRoV8/QQ=
76,15,p8tMwhjmOHxXu0VGpMIPZGKZ2qI=,hnActxnSBqh6rmRpvgaqat+bmZM=
78,15,p8tMwhjmOHxXu0VGpMIPZGKZ2qI=,ylbznyPxzU7ykCw5FvmQlvRWmyQ=
77,15,p8tMwhjmOHxXu0VGpMIPZGKZ2qI=,hnActxnSBqh6rmRpvgaqat+bmZM=
67,15,p8tMwhjmOHxXu0VGpMIPZGKZ2qI=,bWJP4Og6qzH8kDHlUu7jOBWcTSw=
68,15,p8tMwhjmOHxXu0VGpMIPZGKZ2qI=,xeVRSeXpIWetr9BIZDTi4nu1vmA=
72,11,p8tMwhjmOHxXu0VGpMIPZGKZ2qI=,3+pcbT/Yhsdh5Rl2gGziwFbcV8I=
71,12,p8tMwhjmOHxXu0VGpMIPZGKZ2qI=,u3SK2KRESYfAKox9GRCJbHyWNqQ=
70,12,p8tMwhjmOHxXu0VGpMIPZGKZ2qI=,u3SK2KRESYfAKox9GRCJbHyWNqQ=
70,11,p8tMwhjmOHxXu0VGpMIPZGKZ2qI=,c0JNgF3LKzHEV9UZC1X0NPf7DCE=
72,14,p8tMwhjmOHxXu0VGpMIPZGKZ2qI=,L3HLzrazx0uj0KrPAbbWdGaaniQ=
69,11,p8tMwhjmOHxXu0VGpMIPZGKZ2qI=,IAhx3DSZyWzqtM/jhyAflllZxmM=
72,12,p8tMwhjmOHxXu0VGpMIPZGKZ2qI=,5QdOfF/GvXmkzSiMYe5R1AgbczU=
69,15,p8tMwhjmOHxXu0VGpMIPZGKZ2qI=,xeVRSeXpIWetr9BIZDTi4nu1vmA=
69,12,p8tMwhjmOHxXu0VGpMIPZGKZ2qI=,kbw1hUozHLioRll/f2/AADk2YrM=
69,14,p8tMwhjmOHxXu0VGpMIPZGKZ2qI=,xeVRSeXpIWetr9BIZDTi4nu1vmA=
69,13,p8tMwhjmOHxXu0VGpMIPZGKZ2qI=,kbw1hUozHLioRll/f2/AADk2YrM=
71,13,p8tMwhjmOHxXu0VGpMIPZGKZ2qI=,u3SK2KRESYfAKox9GRCJbHyWNqQ=
70,13,p8tMwhjmOHxXu0VGpMIPZGKZ2qI=,u3SK2KRESYfAKox9GRCJbHyWNqQ=
72,13,p8tMwhjmOHxXu0VGpMIPZGKZ2qI=,5QdOfF/GvXmkzSiMYe5R1AgbczU=
70,14,p8tMwhjmOHxXu0VGpMIPZGKZ2qI=,NU56mfhlwlUsJl8WMJMMtKFBE60=
71,11,p8tMwhjmOHxXu0VGpMIPZGKZ2qI=,c0JNgF3LKzHEV9UZC1X0NPf7DCE=
71,15,p8tMwhjmOHxXu0VGpMIPZGKZ2qI=,NU56mfhlwlUsJl8WMJMMtKFBE60=
71,14,p8tMwhjmOHxXu0VGpMIPZGKZ2qI=,NU56mfhlwlUsJl8WMJMMtKFBE60=
72,15,p8tMwhjmOHxXu0VGpMIPZGKZ2qI=,L3HLzrazx0uj0KrPAbbWdGaaniQ=
70,15,p8tMwhjmOHxXu0VGpMIPZGKZ2qI=,NU56mfhlwlUsJl8WMJMMtKFBE60=
65,14,p8tMwhjmOHxXu0VGpMIPZGKZ2qI=,KyuCXptNGNXxAVEttv70oJG6eHw=
65,13,p8tMwhjmOHxXu0VGpMIPZGKZ2qI=,4Q1tgtxJfbIZqDZJ4AD13FRZahY=
66,13,p8tMwhjmOHxXu0VGpMIPZGKZ2qI=,yV8T3k5D+3OYet99xOgtRYwXwy0=
66,14,p8tMwhjmOHxXu0VGpMIPZGKZ2qI=,bWJP4Og6qzH8kDHlUu7jOBWcTSw=
66,12,p8tMwhjmOHxXu0VGpMIPZGKZ2qI=,yV8T3k5D+3OYet99xOgtRYwXwy0=
65,12,p8tMwhjmOHxXu0VGpMIPZGKZ2qI=,4Q1tgtxJfbIZqDZJ4AD13FRZahY=
65,11,p8tMwhjmOHxXu0VGpMIPZGKZ2qI=,oQMqdux/CbP9r3CDRsYOXnTusi8=
66,11,p8tMwhjmOHxXu0VGpMIPZGKZ2qI=,HHvEI8TTvPcb9X27B/WN/4E/jUM=
66,10,p8tMwhjmOHxXu0VGpMIPZGKZ2qI=,HHvEI8TTvPcb9X27B/WN/4E/jUM=
66,9,p8tMwhjmOHxXu0VGpMIPZGKZ2qI=,bRHQXMAXM7TXv+w4MC5IGMBbPCM=
65,10,p8tMwhjmOHxXu0VGpMIPZGKZ2qI=,oQMqdux/CbP9r3CDRsYOXnTusi8=
65,9,p8tMwhjmOHxXu0VGpMIPZGKZ2qI=,mid1CW7fhlX1q7xeH1i2s2Nm0r0=
66,7,p8tMwhjmOHxXu0VGpMIPZGKZ2qI=,o8D1G6lT5BiRrd2/SP+XvH+R8V0=
66,8,p8tMwhjmOHxXu0VGpMIPZGKZ2qI=,bRHQXMAXM7TXv+w4MC5IGMBbPCM=
65,8,p8tMwhjmOHxXu0VGpMIPZGKZ2qI=,mid1CW7fhlX1q7xeH1i2s2Nm0r0=
65,7,p8tMwhjmOHxXu0VGpMIPZGKZ2qI=,m4Hly7YRBdqXYYOA7rquL1hh/p4=
66,6,p8tMwhjmOHxXu0VGpMIPZGKZ2qI=,o8D1G6lT5BiRrd2/SP+XvH+R8V0=
65,5,p8tMwhjmOHxXu0VGpMIPZGKZ2qI=,9vN6y53Mf7uqRDo631hfSdWwbiI=
66,5,p8tMwhjmOHxXu0VGpMIPZGKZ2qI=,gSclITO/gd5esPf2QrVxZJb7l78=
65,6,p8tMwhjmOHxXu0VGpMIPZGKZ2qI=,m4Hly7YRBdqXYYOA7rquL1hh/p4=
66,4,p8tMwhjmOHxXu0VGpMIPZGKZ2qI=,gSclITO/gd5esPf2QrVxZJb7l78=
66,3,p8tMwhjmOHxXu0VGpMIPZGKZ2qI=,jJGMLU/Y3Qxm39R5AcW2H64AoKc=
65,3,p8tMwhjmOHxXu0VGpMIPZGKZ2qI=,OIw1cdBzNnb4Ubg4qyTTFIu3B2o=
65,4,p8tMwhjmOHxXu0VGpMIPZGKZ2qI=,9vN6y53Mf7uqRDo631hfSdWwbiI=
64,4,p8tMwhjmOHxXu0VGpMIPZGKZ2qI=,9vN6y53Mf7uqRDo631hfSdWwbiI=
64,5,p8tMwhjmOHxXu0VGpMIPZGKZ2qI=,9vN6y53Mf7uqRDo631hfSdWwbiI=
66,0,p8tMwhjmOHxXu0VGpMIPZGKZ2qI=,qpFeWFNIsYChWt1gUC4aHfAx7aU=
64,3,p8tMwhjmOHxXu0VGpMIPZGKZ2qI=,OIw1cdBzNnb4Ubg4qyTTFIu3B2o=
64,1,p8tMwhjmOHxXu0VGpMIPZGKZ2qI=,otJt9lrCZGnTf6DiU50QdjIXkUE=
65,2,p8tMwhjmOHxXu0VGpMIPZGKZ2qI=,OIw1cdBzNnb4Ubg4qyTTFIu3B2o=
66,2,p8tMwhjmOHxXu0VGpMIPZGKZ2qI=,jJGMLU/Y3Qxm39R5AcW2H64AoKc=
64,6,p8tMwhjmOHxXu0VGpMIPZGKZ2qI=,m4Hly7YRBdqXYYOA7rquL1hh/p4=
65,0,p8tMwhjmOHxXu0VGpMIPZGKZ2qI=,otJt9lrCZGnTf6DiU50QdjIXkUE=
65,1,p8tMwhjmOHxXu0VGpMIPZGKZ2qI=,otJt9lrCZGnTf6DiU50QdjIXkUE=
64,2,p8tMwhjmOHxXu0VGpMIPZGKZ2qI=,OIw1cdBzNnb4Ubg4qyTTFIu3B2o=
66,1,p8tMwhjmOHxXu0VGpMIPZGKZ2qI=,qpFeWFNIsYChWt1gUC4aHfAx7aU=
64,0,p8tMwhjmOHxXu0VGpMIPZGKZ2qI=,otJt9lrCZGnTf6DiU50QdjIXkUE=
79,9,p8tMwhjmOHxXu0VGpMIPZGKZ2qI=,w4Tx9xZQtC1F4P1CjiJkGNQPj3M=
79,15,p8tMwhjmOHxXu0VGpMIPZGKZ2qI=,ylbznyPxzU7ykCw5FvmQlvRWmyQ=
79,10,p8tMwhjmOHxXu0VGpMIPZGKZ2qI=,s/PPbIgmud0OYs0gYNgZVtihIWE=
79,14,p8tMwhjmOHxXu0VGpMIPZGKZ2qI=,ylbznyPxzU7ykCw5FvmQlvRWmyQ=
64,8,p8tMwhjmOHxXu0VGpMIPZGKZ2qI=,mid1CW7fhlX1q7xeH1i2s2Nm0r0=
64,7,p8tMwhjmOHxXu0VGpMIPZGKZ2qI=,m4Hly7YRBdqXYYOA7rquL1hh/p4=
64,10,p8tMwhjmOHxXu0VGpMIPZGKZ2qI=,oQMqdux/CbP9r3CDRsYOXnTusi8=
64,9,p8tMwhjmOHxXu0VGpMIPZGKZ2qI=,mid1CW7fhlX1q7xeH1i2s2Nm0r0=
79,12,p8tMwhjmOHxXu0VGpMIPZGKZ2qI=,Ima5ez8fVRAASZVYVQIcgp0150c=
79,11,p8tMwhjmOHxXu0VGpMIPZGKZ2qI=,s/PPbIgmud0OYs0gYNgZVtihIWE=
64,11,p8tMwhjmOHxXu0VGpMIPZGKZ2qI=,oQMqdux/CbP9r3CDRsYOXnTusi8=
64,12,p8tMwhjmOHxXu0VGpMIPZGKZ2qI=,4Q1tgtxJfbIZqDZJ4AD13FRZahY=
79,13,p8tMwhjmOHxXu0VGpMIPZGKZ2qI=,Ima5ez8fVRAASZVYVQIcgp0150c=
64,13,p8tMwhjmOHxXu0VGpMIPZGKZ2qI=,4Q1tgtxJfbIZqDZJ4AD13FRZahY=
64,14,p8tMwhjmOHxXu0VGpMIPZGKZ2qI=,KyuCXptNGNXxAVEttv70oJG6eHw=
79,0,p8tMwhjmOHxXu0VGpMIPZGKZ2qI=,XFalvM4bwcC5BBE9MZUQ/xkzSD8=
64,15,p8tMwhjmOHxXu0VGpMIPZGKZ2qI=,KyuCXptNGNXxAVEttv70oJG6eHw=
65,15,p8tMwhjmOHxXu0VGpMIPZGKZ2qI=,KyuCXptNGNXxAVEttv70oJG6eHw=
66,15,p8tMwhjmOHxXu0VGpMIPZGKZ2qI=,bWJP4Og6qzH8kDHlUu7jOBWcTSw=
74,30,Y79sTj4jZOQiD0PDjQ6hpffLoms=,QYen9MJPiW4cLGIUfLqhCjjO6ak=
74,29,Y79sTj4jZOQiD0PDjQ6hpffLoms=,Md+VmxKYhKhHsC8Ch2hSCjtWdE8=
73,30,Y79sTj4jZOQiD0PDjQ6hpffLoms=,GNbR7Txwalocm2Yu18V+5fBSX3I=
73,29,Y79sTj4jZOQiD0PDjQ6hpffLoms=,7tZ4YBYsE+LR2mHGfDerikqzhEQ=
72,30,Y79sTj4jZOQiD0PDjQ6hpffLoms=,GNbR7Txwalocm2Yu18V+5fBSX3I=
72,29,Y79sTj4jZOQiD0PDjQ6hpffLoms=,7tZ4YBYsE+LR2mHGfDerikqzhEQ=
71,30,Y79sTj4jZOQiD0PDjQ6hpffLoms=,skdCdoAd6x1iZXyC3bQhgX17ebo=
71,29,Y79sTj4jZOQiD0PDjQ6hpffLoms=,T50UcCgKaPMSebH7TcERONcfK78=
70,28,Y79sTj4jZOQiD0PDjQ6hpffLoms=,T50UcCgKaPMSebH7TcERONcfK78=
69,30,Y79sTj4jZOQiD0PDjQ6hpffLoms=,Xe5BDr0a0/AajHXlzdSCmS7qAmA=
69,27,Y79sTj4jZOQiD0PDjQ6hpffLoms=,Bbn2dSsKE9uY9CvLlraHJZR8rRI=
70,27,Y79sTj4jZOQiD0PDjQ6hpffLoms=,KVetU1OY/cogMw922Z+1h/sbgQI=
69,28,Y79sTj4jZOQiD0PDjQ6hpffLoms=,F4+NhomkPeZZeejI9T21DbQ9zuQ=
70,30,Y79sTj4jZOQiD0PDjQ6hpffLoms=,skdCdoAd6x1iZXyC3bQhgX17ebo=
69,29,Y79sTj4jZOQiD0PDjQ6hpffLoms=,F4+NhomkPeZZeejI9T21DbQ9zuQ=
70,29,Y79sTj4jZOQiD0PDjQ6hpffLoms=,T50UcCgKaPMSebH7TcERONcfK78=
68,27,Y79sTj4jZOQiD0PDjQ6hpffLoms=,Bbn2dSsKE9uY9CvLlraHJZR8rRI=
67,27,Y79sTj4jZOQiD0PDjQ6hpffLoms=,SwovbN/h6XHIEDRzgRwF9UbxE7I=
68,28,Y79sTj4jZOQiD0PDjQ6hpffLoms=,F4+NhomkPeZZeejI9T21DbQ9zuQ=
67,28,Y79sTj4jZOQiD0PDjQ6hpffLoms=,XYo8EdIHZbdsC1wpf7qgonUJ2pU=
68,30,Y79sTj4jZOQiD0PDjQ6hpffLoms=,Xe5BDr0a0/AajHXlzdSCmS7qAmA=
67,29,Y79sTj4jZOQiD0PDjQ6hpffLoms=,XYo8EdIHZbdsC1wpf7qgonUJ2pU=
67,30,Y79sTj4jZOQiD0PDjQ6hpffLoms=,ciGKGqcB9CsZkMcW7wjMSMdrX8c=
68,29,Y79sTj4jZOQiD0PDjQ6hpffLoms=,F4+NhomkPeZZeejI9T21DbQ9zuQ=
68,22,Gds3sL4S4oqz9DXeDrpeAEWxtNY=,pbuXWFhEtn6csiF1PrQ/sHFonVk=
67,22,Gds3sL4S4oqz9DXeDrpeAEWxtNY=,GtzC3tN6vHjAvOlpx4/sBGdgf/A=
67,21,Gds3sL4S4oqz9DXeDrpeAEWxtNY=,wJ54wvPjEHyJduSMux3vJGuajBo=
68,21,Gds3sL4S4oqz9DXeDrpeAEWxtNY=,/EQxNEMiDrG2CMBjrZtuGLUcgsc=
69,21,Gds3sL4S4oqz9DXeDrpeAEWxtNY=,/EQxNEMiDrG2CMBjrZtuGLUcgsc=
70,21,Gds3sL4S4oqz9DXeDrpeAEWxtNY=,fcAn6D6jS5cpWfYwkJKQUYYuOnU=
70,22,Gds3sL4S4oqz9DXeDrpeAEWxtNY=,N2ZB3yqnnSQzrosFcsZ2306Q1Zo=
69,22,Gds3sL4S4oqz9DXeDrpeAEWxtNY=,pbuXWFhEtn6csiF1PrQ/sHFonVk=
72,21,Gds3sL4S4oqz9DXeDrpeAEWxtNY=,Ts+8QiAeGZRUZm0S+EcY6+c9v/0=
71,21,Gds3sL4S4oqz9DXeDrpeAEWxtNY=,fcAn6D6jS5cpWfYwkJKQUYYuOnU=
71,22,Gds3sL4S4oqz9DXeDrpeAEWxtNY=,N2ZB3yqnnSQzrosFcsZ2306Q1Zo=
73,21,Gds3sL4S4oqz9DXeDrpeAEWxtNY=,Ts+8QiAeGZRUZm0S+EcY6+c9v/0=
72,22,Gds3sL4S4oqz9DXeDrpeAEWxtNY=,rQIA1lKBvEWXjwsoJJx2YNBtCDA=
74,22,Gds3sL4S4oqz9DXeDrpeAEWxtNY=,9Gcc6GFS/A0tyonytxgCtBMw2yE=
74,21,Gds3sL4S4oqz9DXeDrpeAEWxtNY=,JLVoRiXpvzKK8sMP8jrU3P5cN+M=
73,22,Gds3sL4S4oqz9DXeDrpeAEWxtNY=,rQIA1lKBvEWXjwsoJJx2YNBtCDA=
76,21,Gds3sL4S4oqz9DXeDrpeAEWxtNY=,m7qdbQ8FYIFfV0Oac1HNcbctyl4=
75,21,Gds3sL4S4oqz9DXeDrpeAEWxtNY=,JLVoRiXpvzKK8sMP8jrU3P5cN+M=
75,22,Gds3sL4S4oqz9DXeDrpeAEWxtNY=,9Gcc6GFS/A0tyonytxgCtBMw2yE=
76,22,Gds3sL4S4oqz9DXeDrpeAEWxtNY=,AtvMWkK9bGozYaJfmAmt8eKcOnw=
76,20,Gds3sL4S4oqz9DXeDrpeAEWxtNY=,m7qdbQ8FYIFfV0Oac1HNcbctyl4=
75,20,Gds3sL4S4oqz9DXeDrpeAEWxtNY=,JLVoRiXpvzKK8sMP8jrU3P5cN+M=
76,19,Gds3sL4S4oqz9DXeDrpeAEWxtNY=,lBQIiMdgYgaPf0+Tnui1PuEhVro=
75,19,Gds3sL4S4oqz9DXeDrpeAEWxtNY=,E5kZrGYhjMuKYGwu/sezE1WO6EE=
76,17,Gds3sL4S4oqz9DXeDrpeAEWxtNY=,O0J0UXQSwa7q53kkf+2CkxDU7wY=
76,18,Gds3sL4S4oqz9DXeDrpeAEWxtNY=,lBQIiMdgYgaPf0+Tnui1PuEhVro=
75,18,Gds3sL4S4oqz9DXeDrpeAEWxtNY=,E5kZrGYhjMuKYGwu/sezE1WO6EE=
75,17,Gds3sL4S4oqz9DXeDrpeAEWxtNY=,b2qArQFASeOlTG+EDsHGhsnm/vo=
74,20,Gds3sL4S4oqz9DXeDrpeAEWxtNY=,JLVoRiXpvzKK8sMP8jrU3P5cN+M=
74,19,Gds3sL4S4oqz9DXeDrpeAEWxtNY=,E5kZrGYhjMuKYGwu/sezE1WO6EE=
73,20,Gds3sL4S4oqz9DXeDrpeAEWxtNY=,Ts+8QiAeGZRUZm0S+EcY6+c9v/0=
74,18,Gds3sL4S4oqz9DXeDrpeAEWxtNY=,E5kZrGYhjMuKYGwu/sezE1WO6EE=
74,17,Gds3sL4S4oqz9DXeDrpeAEWxtNY=,b2qArQFASeOlTG+EDsHGhsnm/vo=
73,19,Gds3sL4S4oqz9DXeDrpeAEWxtNY=,lZSZ03XTuck8Puj8FCHi4QdvTFc=
73,18,Gds3sL4S4oqz9DXeDrpeAEWxtNY=,lZSZ03XTuck8Puj8FCHi4QdvTFc=
73,17,Gds3sL4S4oqz9DXeDrpeAEWxtNY=,jEJYcc+1NAqsCZRotfROFaC6HwE=
71,19,Gds3sL4S4oqz9DXeDrpeAEWxtNY=,luD2x6mCwBXubr5MpuWTFPfPbIE=
72,19,Gds3sL4S4oqz9DXeDrpeAEWxtNY=,lZSZ03XTuck8Puj8FCHi4QdvTFc=
71,20,Gds3sL4S4oqz9DXeDrpeAEWxtNY=,fcAn6D6jS5cpWfYwkJKQUYYuOnU=
72,18,Gds3sL4S4oqz9DXeDrpeAEWxtNY=,lZSZ03XTuck8Puj8FCHi4QdvTFc=
72,20,Gds3sL4S4oqz9DXeDrpeAEWxtNY=,Ts+8QiAeGZRUZm0S+EcY6+c9v/0=
72,17,Gds3sL4S4oqz9DXeDrpeAEWxtNY=,jEJYcc+1NAqsCZRotfROFaC6HwE=
71,18,Gds3sL4S4oqz9DXeDrpeAEWxtNY=,luD2x6mCwBXubr5MpuWTFPfPbIE=
71,17,Gds3sL4S4oqz9DXeDrpeAEWxtNY=,wKNz6a85sDytj3HFUOeJZLpxdnQ=
69,20,Gds3sL4S4oqz9DXeDrpeAEWxtNY=,/EQxNEMiDrG2CMBjrZtuGLUcgsc=
69,19,Gds3sL4S4oqz9DXeDrpeAEWxtNY=,8v7p75MSp8vJF9bB+7BGnL/LLpQ=
70,19,Gds3sL4S4oqz9DXeDrpeAEWxtNY=,luD2x6mCwBXubr5MpuWTFPfPbIE=
70,17,Gds3sL4S4oqz9DXeDrpeAEWxtNY=,wKNz6a85sDytj3HFUOeJZLpxdnQ=
70,18,Gds3sL4S4oqz9DXeDrpeAEWxtNY=,luD2x6mCwBXubr5MpuWTFPfPbIE=
70,20,Gds3sL4S4oqz9DXeDrpeAEWxtNY=,fcAn6D6jS5cpWfYwkJKQUYYuOnU=
69,18,Gds3sL4S4oqz9DXeDrpeAEWxtNY=,8v7p75MSp8vJF9bB+7BGnL/LLpQ=
69,17,Gds3sL4S4oqz9DXeDrpeAEWxtNY=,wxVcZ7tQBQ9uipIM01YBgb8rB5Y=
68,19,DFYzvOUQUtwFovxfp9BDddVtBXc=,8v7p75MSp8vJF9bB+7BGnL/LLpQ=
68,18,DFYzvOUQUtwFovxfp9BDddVtBXc=,8v7p75MSp8vJF9bB+7BGnL/LLpQ=
67,19,DFYzvOUQUtwFovxfp9BDddVtBXc=,20fhGG0/MbW0HQHnbnxbgWWPn8k=
68,20,DFYzvOUQUtwFovxfp9BDddVtBXc=,/EQxNEMiDrG2CMBjrZtuGLUcgsc=
68,17,DFYzvOUQUtwFovxfp9BDddVtBXc=,wxVcZ7tQBQ9uipIM01YBgb8rB5Y=
67,18,DFYzvOUQUtwFovxfp9BDddVtBXc=,20fhGG0/MbW0HQHnbnxbgWWPn8k=
67,20,DFYzvOUQUtwFovxfp9BDddVtBXc=,wJ54wvPjEHyJduSMux3vJGuajBo=
67,17,DFYzvOUQUtwFovxfp9BDddVtBXc=,IBq0h/bKC3WmrdUOWby+YTvK2aQ=
66,18,DFYzvOUQUtwFovxfp9BDddVtBXc=,20fhGG0/MbW0HQHnbnxbgWWPn8k=
66,17,DFYzvOUQUtwFovxfp9BDddVtBXc=,IBq0h/bKC3WmrdUOWby+YTvK2aQ=
65,18,DFYzvOUQUtwFovxfp9BDddVtBXc=,5bbpDoPU4uVqyeP7Jf4nojWixeg=
65,17,DFYzvOUQUtwFovxfp9BDddVtBXc=,/CfkbdjwnWXJPpBjzQpbyaPZHB8=
66,26,DFYzvOUQUtwFovxfp9BDddVtBXc=,SwovbN/h6XHIEDRzgRwF9UbxE7I=
66,24,DFYzvOUQUtwFovxfp9BDddVtBXc=,h+YLC4WffQwL8WBknUm7nOF8DFA=
66,19,DFYzvOUQUtwFovxfp9BDddVtBXc=,20fhGG0/MbW0HQHnbnxbgWWPn8k=
66,20,DFYzvOUQUtwFovxfp9BDddVtBXc=,wJ54wvPjEHyJduSMux3vJGuajBo=
66,22,DFYzvOUQUtwFovxfp9BDddVtBXc=,GtzC3tN6vHjAvOlpx4/sBGdgf/A=
66,25,DFYzvOUQUtwFovxfp9BDddVtBXc=,h+YLC4WffQwL8WBknUm7nOF8DFA=
65,20,DFYzvOUQUtwFovxfp9BDddVtBXc=,F0q4puo3jTIhH9EduyHGwr0PBds=
66,21,DFYzvOUQUtwFovxfp9BDddVtBXc=,wJ54wvPjEHyJduSMux3vJGuajBo=
65,26,DFYzvOUQUtwFovxfp9BDddVtBXc=,87qFpT5IRxBqzqP3BURgaFNIWOY=
65,21,DFYzvOUQUtwFovxfp9BDddVtBXc=,F0q4puo3jTIhH9EduyHGwr0PBds=
65,22,DFYzvOUQUtwFovxfp9BDddVtBXc=,yeyYhiYQjN9tWhPoQT2O2I1BWpQ=
65,25,DFYzvOUQUtwFovxfp9BDddVtBXc=,4kVZ01Yz8PyqA8pLHMuXBTXX6Nc=
66,23,DFYzvOUQUtwFovxfp9BDddVtBXc=,GtzC3tN6vHjAvOlpx4/sBGdgf/A=
65,19,DFYzvOUQUtwFovxfp9BDddVtBXc=,5bbpDoPU4uVqyeP7Jf4nojWixeg=
65,24,DFYzvOUQUtwFovxfp9BDddVtBXc=,4kVZ01Yz8PyqA8pLHMuXBTXX6Nc=
65,23,DFYzvOUQUtwFovxfp9BDddVtBXc=,yeyYhiYQjN9tWhPoQT2O2I1BWpQ=
64,25,DFYzvOUQUtwFovxfp9BDddVtBXc=,4kVZ01Yz8PyqA8pLHMuXBTXX6Nc=
64,26,DFYzvOUQUtwFovxfp9BDddVtBXc=,87qFpT5IRxBqzqP3BURgaFNIWOY=
64,23,DFYzvOUQUtwFovxfp9BDddVtBXc=,yeyYhiYQjN9tWhPoQT2O2I1BWpQ=
64,24,DFYzvOUQUtwFovxfp9BDddVtBXc=,4kVZ01Yz8PyqA8pLHMuXBTXX6Nc=
64,21,DFYzvOUQUtwFovxfp9BDddVtBXc=,F0q4puo3jTIhH9EduyHGwr0PBds=
64,22,DFYzvOUQUtwFovxfp9BDddVtBXc=,yeyYhiYQjN9tWhPoQT2O2I1BWpQ=
64,20,DFYzvOUQUtwFovxfp9BDddVtBXc=,F0q4puo3jTIhH9EduyHGwr0PBds=
64,19,DFYzvOUQUtwFovxfp9BDddVtBXc=,5bbpDoPU4uVqyeP7Jf4nojWixeg=
64,18,DFYzvOUQUtwFovxfp9BDddVtBXc=,5bbpDoPU4uVqyeP7Jf4nojWixeg=
64,16,DFYzvOUQUtwFovxfp9BDddVtBXc=,/CfkbdjwnWXJPpBjzQpbyaPZHB8=
64,17,DFYzvOUQUtwFovxfp9BDddVtBXc=,/CfkbdjwnWXJPpBjzQpbyaPZHB8=
68,16,DFYzvOUQUtwFovxfp9BDddVtBXc=,wxVcZ7tQBQ9uipIM01YBgb8rB5Y=
66,16,DFYzvOUQUtwFovxfp9BDddVtBXc=,IBq0h/bKC3WmrdUOWby+YTvK2aQ=
67,16,DFYzvOUQUtwFovxfp9BDddVtBXc=,IBq0h/bKC3WmrdUOWby+YTvK2aQ=
70,16,DFYzvOUQUtwFovxfp9BDddVtBXc=,wKNz6a85sDytj3HFUOeJZLpxdnQ=
69,16,DFYzvOUQUtwFovxfp9BDddVtBXc=,wxVcZ7tQBQ9uipIM01YBgb8rB5Y=
71,16,DFYzvOUQUtwFovxfp9BDddVtBXc=,wKNz6a85sDytj3HFUOeJZLpxdnQ=
65,16,DFYzvOUQUtwFovxfp9BDddVtBXc=,/CfkbdjwnWXJPpBjzQpbyaPZHB8=
72,16,DFYzvOUQUtwFovxfp9BDddVtBXc=,jEJYcc+1NAqsCZRotfROFaC6HwE=
74,16,DFYzvOUQUtwFovxfp9BDddVtBXc=,b2qArQFASeOlTG+EDsHGhsnm/vo=
75,16,DFYzvOUQUtwFovxfp9BDddVtBXc=,b2qArQFASeOlTG+EDsHGhsnm/vo=
76,16,DFYzvOUQUtwFovxfp9BDddVtBXc=,O0J0UXQSwa7q53kkf+2CkxDU7wY=
73,16,DFYzvOUQUtwFovxfp9BDddVtBXc=,jEJYcc+1NAqsCZRotfROFaC6HwE=
65,28,DFYzvOUQUtwFovxfp9BDddVtBXc=,8XE8drVnGTiS/0t+tj0VZBE6RVY=
65,27,DFYzvOUQUtwFovxfp9BDddVtBXc=,87qFpT5IRxBqzqP3BURgaFNIWOY=
66,27,DFYzvOUQUtwFovxfp9BDddVtBXc=,SwovbN/h6XHIEDRzgRwF9UbxE7I=
66,28,DFYzvOUQUtwFovxfp9BDddVtBXc=,XYo8EdIHZbdsC1wpf7qgonUJ2pU=
64,28,DFYzvOUQUtwFovxfp9BDddVtBXc=,8XE8drVnGTiS/0t+tj0VZBE6RVY=
66,30,DFYzvOUQUtwFovxfp9BDddVtBXc=,ciGKGqcB9CsZkMcW7wjMSMdrX8c=
65,29,DFYzvOUQUtwFovxfp9BDddVtBXc=,8XE8drVnGTiS/0t+tj0VZBE6RVY=
64,27,DFYzvOUQUtwFovxfp9BDddVtBXc=,87qFpT5IRxBqzqP3BURgaFNIWOY=
66,31,DFYzvOUQUtwFovxfp9BDddVtBXc=,ciGKGqcB9CsZkMcW7wjMSMdrX8c=
66,29,DFYzvOUQUtwFovxfp9BDddVtBXc=,XYo8EdIHZbdsC1wpf7qgonUJ2pU=
65,30,DFYzvOUQUtwFovxfp9BDddVtBXc=,UslBC+qEwvn8G0HFsOBAc1xXykQ=
65,31,DFYzvOUQUtwFovxfp9BDddVtBXc=,UslBC+qEwvn8G0HFsOBAc1xXykQ=
64,29,DFYzvOUQUtwFovxfp9BDddVtBXc=,8XE8drVnGTiS/0t+tj0VZBE6RVY=
64,30,DFYzvOUQUtwFovxfp9BDddVtBXc=,UslBC+qEwvn8G0HFsOBAc1xXykQ=
77,18,DFYzvOUQUtwFovxfp9BDddVtBXc=,lBQIiMdgYgaPf0+Tnui1PuEhVro=
77,17,DFYzvOUQUtwFovxfp9BDddVtBXc=,O0J0UXQSwa7q53kkf+2CkxDU7wY=
78,18,DFYzvOUQUtwFovxfp9BDddVtBXc=,DC+CZfY/xGM8Uypei+EpgXwyIPM=
78,17,DFYzvOUQUtwFovxfp9BDddVtBXc=,s8Uvnd0OoP1a6h7UKD2f5dhIn7k=
77,20,DFYzvOUQUtwFovxfp9BDddVtBXc=,m7qdbQ8FYIFfV0Oac1HNcbctyl4=
77,19,DFYzvOUQUtwFovxfp9BDddVtBXc=,lBQIiMdgYgaPf0+Tnui1PuEhVro=
78,19,DFYzvOUQUtwFovxfp9BDddVtBXc=,DC+CZfY/xGM8Uypei+EpgXwyIPM=
78,20,DFYzvOUQUtwFovxfp9BDddVtBXc=,rINmCZgsIsXL1E4xPPdreAcevoA=
77,21,DFYzvOUQUtwFovxfp9BDddVtBXc=,m7qdbQ8FYIFfV0Oac1HNcbctyl4=
77,22,DFYzvOUQUtwFovxfp9BDddVtBXc=,AtvMWkK9bGozYaJfmAmt8eKcOnw=
78,21,DFYzvOUQUtwFovxfp9BDddVtBXc=,rINmCZgsIsXL1E4xPPdreAcevoA=
78,22,DFYzvOUQUtwFovxfp9BDddVtBXc=,TWfFFcfI0lIoILQHv5alpJOsCNY=
77,23,DFYzvOUQUtwFovxfp9BDddVtBXc=,AtvMWkK9bGozYaJfmAmt8eKcOnw=
78,23,DFYzvOUQUtwFovxfp9BDddVtBXc=,TWfFFcfI0lIoILQHv5alpJOsCNY=
78,24,DFYzvOUQUtwFovxfp9BDddVtBXc=,j6TUNHouWL7oyBpQo+km0j4ULoY=
77,24,DFYzvOUQUtwFovxfp9BDddVtBXc=,IN69emnBHXVcXYpLXRoRjgSLA20=
76,24,DFYzvOUQUtwFovxfp9BDddVtBXc=,IN69emnBHXVcXYpLXRoRjgSLA20=
75,23,DFYzvOUQUtwFovxfp9BDddVtBXc=,9Gcc6GFS/A0tyonytxgCtBMw2yE=
76,23,DFYzvOUQUtwFovxfp9BDddVtBXc=,AtvMWkK9bGozYaJfmAmt8eKcOnw=
75,24,DFYzvOUQUtwFovxfp9BDddVtBXc=,MjN6jRXM10TIsEeff1hO5mTwxv4=
75,25,YEy1KhHMcGr+6ANiygEoct6dclA=,MjN6jRXM10TIsEeff1hO5mTwxv4=
75,26,YEy1KhHMcGr+6ANiygEoct6dclA=,+09r23EZH2kOuxd93ccPPeruwq4=
76,25,YEy1KhHMcGr+6ANiygEoct6dclA=,IN69emnBHXVcXYpLXRoRjgSLA20=
76,26,YEy1KhHMcGr+6ANiygEoct6dclA=,TBowIaZ5A2hHcz8uJAhndbftwIs=
75,27,YEy1KhHMcGr+6ANiygEoct6dclA=,+09r23EZH2kOuxd93ccPPeruwq4=
76,28,YEy1KhHMcGr+6ANiygEoct6dclA=,5gg7/5UPOvkPvsi7GUGKpQTewRg=
75,28,YEy1KhHMcGr+6ANiygEoct6dclA=,Md+VmxKYhKhHsC8Ch2hSCjtWdE8=
76,27,YEy1KhHMcGr+6ANiygEoct6dclA=,TBowIaZ5A2hHcz8uJAhndbftwIs=
77,27,YEy1KhHMcGr+6ANiygEoct6dclA=,TBowIaZ5A2hHcz8uJAhndbftwIs=
77,25,YEy1KhHMcGr+6ANiygEoct6dclA=,IN69emnBHXVcXYpLXRoRjgSLA20=
77,28,YEy1KhHMcGr+6ANiygEoct6dclA=,5gg7/5UPOvkPvsi7GUGKpQTewRg=
78,26,YEy1KhHMcGr+6ANiygEoct6dclA=,nBYHLdufHTfSIhZpzLUceoCVqa0=
77,26,YEy1KhHMcGr+6ANiygEoct6dclA=,TBowIaZ5A2hHcz8uJAhndbftwIs=
78,25,YEy1KhHMcGr+6ANiygEoct6dclA=,j6TUNHouWL7oyBpQo+km0j4ULoY=
78,27,YEy1KhHMcGr+6ANiygEoct6dclA=,nBYHLdufHTfSIhZpzLUceoCVqa0=
78,28,YEy1KhHMcGr+6ANiygEoct6dclA=,KENoJTd6SwZaSxbYwIYaW5nTJgI=
74,31,YEy1KhHMcGr+6ANiygEoct6dclA=,QYen9MJPiW4cLGIUfLqhCjjO6ak=
73,31,YEy1KhHMcGr+6ANiygEoct6dclA=,GNbR7Txwalocm2Yu18V+5fBSX3I=
72,31,YEy1KhHMcGr+6ANiygEoct6dclA=,GNbR7Txwalocm2Yu18V+5fBSX3I=
71,31,YEy1KhHMcGr+6ANiygEoct6dclA=,skdCdoAd6x1iZXyC3bQhgX17ebo=
70,31,YEy1KhHMcGr+6ANiygEoct6dclA=,skdCdoAd6x1iZXyC3bQhgX17ebo=
69,31,YEy1KhHMcGr+6ANiygEoct6dclA=,Xe5BDr0a0/AajHXlzdSCmS7qAmA=
68,31,YEy1KhHMcGr+6ANiygEoct6dclA=,Xe5BDr0a0/AajHXlzdSCmS7qAmA=
67,31,YEy1KhHMcGr+6ANiygEoct6dclA=,ciGKGqcB9CsZkMcW7wjMSMdrX8c=
79,18,YEy1KhHMcGr+6ANiygEoct6dclA=,DC+CZfY/xGM8Uypei+EpgXwyIPM=
79,17,YEy1KhHMcGr+6ANiygEoct6dclA=,s8Uvnd0OoP1a6h7UKD2f5dhIn7k=
79,20,YEy1KhHMcGr+6ANiygEoct6dclA=,rINmCZgsIsXL1E4xPPdreAcevoA=
79,19,YEy1KhHMcGr+6ANiygEoct6dclA=,DC+CZfY/xGM8Uypei+EpgXwyIPM=
79,22,YEy1KhHMcGr+6ANiygEoct6dclA=,TWfFFcfI0lIoILQHv5alpJOsCNY=
79,21,YEy1KhHMcGr+6ANiygEoct6dclA=,rINmCZgsIsXL1E4xPPdreAcevoA=
79,25,YEy1KhHMcGr+6ANiygEoct6dclA=,j6TUNHouWL7oyBpQo+km0j4ULoY=
79,28,YEy1KhHMcGr+6ANiygEoct6dclA=,KENoJTd6SwZaSxbYwIYaW5nTJgI=
79,27,YEy1KhHMcGr+6ANiygEoct6dclA=,nBYHLdufHTfSIhZpzLUceoCVqa0=
79,26,YEy1KhHMcGr+6ANiygEoct6dclA=,nBYHLdufHTfSIhZpzLUceoCVqa0=
79,24,YEy1KhHMcGr+6ANiygEoct6dclA=,j6TUNHouWL7oyBpQo+km0j4ULoY=
79,23,YEy1KhHMcGr+6ANiygEoct6dclA=,TWfFFcfI0lIoILQHv5alpJOsCNY=
76,30,YEy1KhHMcGr+6ANiygEoct6dclA=,Vz4y80xJYZJgYD+/UDrk1G/8b4Y=
75,29,YEy1KhHMcGr+6ANiygEoct6dclA=,Md+VmxKYhKhHsC8Ch2hSCjtWdE8=
75,31,YEy1KhHMcGr+6ANiygEoct6dclA=,QYen9MJPiW4cLGIUfLqhCjjO6ak=
76,29,YEy1KhHMcGr+6ANiygEoct6dclA=,5gg7/5UPOvkPvsi7GUGKpQTewRg=
76,31,YEy1KhHMcGr+6ANiygEoct6dclA=,Vz4y80xJYZJgYD+/UDrk1G/8b4Y=
75,30,YEy1KhHMcGr+6ANiygEoct6dclA=,QYen9MJPiW4cLGIUfLqhCjjO6ak=
78,30,YEy1KhHMcGr+6ANiygEoct6dclA=,lDpTd0n4GxJ0pDelLFZmBJvSTt4=
77,31,YEy1KhHMcGr+6ANiygEoct6dclA=,Vz4y80xJYZJgYD+/UDrk1G/8b4Y=
77,29,YEy1KhHMcGr+6ANiygEoct6dclA=,5gg7/5UPOvkPvsi7GUGKpQTewRg=
78,29,YEy1KhHMcGr+6ANiygEoct6dclA=,KENoJTd6SwZaSxbYwIYaW5nTJgI=
77,30,YEy1KhHMcGr+6ANiygEoct6dclA=,Vz4y80xJYZJgYD+/UDrk1G/8b4Y=
79,30,YEy1KhHMcGr+6ANiygEoct6dclA=,lDpTd0n4GxJ0pDelLFZmBJvSTt4=
79,29,YEy1KhHMcGr+6ANiygEoct6dclA=,KENoJTd6SwZaSxbYwIYaW5nTJgI=
79,31,YEy1KhHMcGr+6ANiygEoct6dclA=,lDpTd0n4GxJ0pDelLFZmBJvSTt4=
78,31,YEy1KhHMcGr+6ANiygEoct6dclA=,lDpTd0n4GxJ0pDelLFZmBJvSTt4=
74,23,YEy1KhHMcGr+6ANiygEoct6dclA=,9Gcc6GFS/A0tyonytxgCtBMw2yE=
74,24,YEy1KhHMcGr+6ANiygEoct6dclA=,MjN6jRXM10TIsEeff1hO5mTwxv4=
73,24,YEy1KhHMcGr+6ANiygEoct6dclA=,pCNHqip1KwPTv/BgmYQyU4saBVs=
73,25,YEy1KhHMcGr+6ANiygEoct6dclA=,pCNHqip1KwPTv/BgmYQyU4saBVs=
73,23,YEy1KhHMcGr+6ANiygEoct6dclA=,rQIA1lKBvEWXjwsoJJx2YNBtCDA=
64,31,YEy1KhHMcGr+6ANiygEoct6dclA=,UslBC+qEwvn8G0HFsOBAc1xXykQ=
72,28,YEy1KhHMcGr+6ANiygEoct6dclA=,7tZ4YBYsE+LR2mHGfDerikqzhEQ=
74,27,YEy1KhHMcGr+6ANiygEoct6dclA=,+09r23EZH2kOuxd93ccPPeruwq4=
73,27,YEy1KhHMcGr+6ANiygEoct6dclA=,rOgbGuwldVRGGsSWRc5b/+nCSUI=
73,28,YEy1KhHMcGr+6ANiygEoct6dclA=,7tZ4YBYsE+LR2mHGfDerikqzhEQ=
74,28,YEy1KhHMcGr+6ANiygEoct6dclA=,Md+VmxKYhKhHsC8Ch2hSCjtWdE8=
74,25,YEy1KhHMcGr+6ANiygEoct6dclA=,MjN6jRXM10TIsEeff1hO5mTwxv4=
73,26,YEy1KhHMcGr+6ANiygEoct6dclA=,rOgbGuwldVRGGsSWRc5b/+nCSUI=
72,27,YEy1KhHMcGr+6ANiygEoct6dclA=,rOgbGuwldVRGGsSWRc5b/+nCSUI=
71,28,YEy1KhHMcGr+6ANiygEoct6dclA=,T50UcCgKaPMSebH7TcERONcfK78=
74,26,YEy1KhHMcGr+6ANiygEoct6dclA=,+09r23EZH2kOuxd93ccPPeruwq4=
71,27,YEy1KhHMcGr+6ANiygEoct6dclA=,KVetU1OY/cogMw922Z+1h/sbgQI=
79,16,YEy1KhHMcGr+6ANiygEoct6dclA=,s8Uvnd0OoP1a6h7UKD2f5dhIn7k=
78,16,YEy1KhHMcGr+6ANiygEoct6dclA=,s8Uvnd0OoP1a6h7UKD2f5dhIn7k=
77,16,YEy1KhHMcGr+6ANiygEoct6dclA=,O0J0UXQSwa7q53kkf+2CkxDU7wY=
72,25,YEy1KhHMcGr+6ANiygEoct6dclA=,pCNHqip1KwPTv/BgmYQyU4saBVs=
72,23,YEy1KhHMcGr+6ANiygEoct6dclA=,rQIA1lKBvEWXjwsoJJx2YNBtCDA=
72,24,YEy1KhHMcGr+6ANiygEoct6dclA=,pCNHqip1KwPTv/BgmYQyU4saBVs=
71,24,YEy1KhHMcGr+6ANiygEoct6dclA=,SP0eQS8JY4ihf70Gs8DvWrj+kFs=
71,26,YEy1KhHMcGr+6ANiygEoct6dclA=,KVetU1OY/cogMw922Z+1h/sbgQI=
72,26,YEy1KhHMcGr+6ANiygEoct6dclA=,rOgbGuwldVRGGsSWRc5b/+nCSUI=
71,23,YEy1KhHMcGr+6ANiygEoct6dclA=,N2ZB3yqnnSQzrosFcsZ2306Q1Zo=
71,25,YEy1KhHMcGr+6ANiygEoct6dclA=,SP0eQS8JY4ihf70Gs8DvWrj+kFs=
67,25,YEy1KhHMcGr+6ANiygEoct6dclA=,h+YLC4WffQwL8WBknUm7nOF8DFA=
68,23,YEy1KhHMcGr+6ANiygEoct6dclA=,pbuXWFhEtn6csiF1PrQ/sHFonVk=
67,23,YEy1KhHMcGr+6ANiygEoct6dclA=,GtzC3tN6vHjAvOlpx4/sBGdgf/A=
67,26,YEy1KhHMcGr+6ANiygEoct6dclA=,SwovbN/h6XHIEDRzgRwF9UbxE7I=
69,25,YEy1KhHMcGr+6ANiygEoct6dclA=,llkASovs3ZxLTshea3B1CCh0PHc=
68,24,YEy1KhHMcGr+6ANiygEoct6dclA=,llkASovs3ZxLTshea3B1CCh0PHc=
69,23,YEy1KhHMcGr+6ANiygEoct6dclA=,pbuXWFhEtn6csiF1PrQ/sHFonVk=
70,24,YEy1KhHMcGr+6ANiygEoct6dclA=,SP0eQS8JY4ihf70Gs8DvWrj+kFs=
69,26,YEy1KhHMcGr+6ANiygEoct6dclA=,Bbn2dSsKE9uY9CvLlraHJZR8rRI=
70,26,YEy1KhHMcGr+6ANiygEoct6dclA=,KVetU1OY/cogMw922Z+1h/sbgQI=
70,23,YEy1KhHMcGr+6ANiygEoct6dclA=,N2ZB3yqnnSQzrosFcsZ2306Q1Zo=
67,24,YEy1KhHMcGr+6ANiygEoct6dclA=,h+YLC4WffQwL8WBknUm7nOF8DFA=
68,25,YEy1KhHMcGr+6ANiygEoct6dclA=,llkASovs3ZxLTshea3B1CCh0PHc=
68,26,YEy1KhHMcGr+6ANiygEoct6dclA=,Bbn2dSsKE9uY9CvLlraHJZR8rRI=
70,25,YEy1KhHMcGr+6ANiygEoct6dclA=,SP0eQS8JY4ihf70Gs8DvWrj+kFs=
69,24,YEy1KhHMcGr+6ANiygEoct6dclA=,llkASovs3ZxLTshea3B1CCh0PHc=
93,18,epYmaQPwNpHju/ZM7+LYEyh02d4=,oPulrHWN8Nfw4CyxJv/kTsMRrrY=
94,18,epYmaQPwNpHju/ZM7+LYEyh02d4=,jZ/QH8OpkAjSxVRDqP5z6XSNfaQ=
93,17,epYmaQPwNpHju/ZM7+LYEyh02d4=,b8FvWBHJJBopGwnq0gvg8Bg7+lM=
94,17,epYmaQPwNpHju/ZM7+LYEyh02d4=,Kgk2L4dXTMiRyMYuSWjd73NSKqo=
93,19,epYmaQPwNpHju/ZM7+LYEyh02d4=,oPulrHWN8Nfw4CyxJv/kTsMRrrY=
94,20,epYmaQPwNpHju/ZM7+LYEyh02d4=,yVf2b/MIvu+WB9qz6nru+D1Ox+Y=
94,19,epYmaQPwNpHju/ZM7+LYEyh02d4=,jZ/QH8OpkAjSxVRDqP5z6XSNfaQ=
93,20,epYmaQPwNpHju/ZM7+LYEyh02d4=,0R2J3AUlfa50TeD/fG94UynALC8=
90,22,epYmaQPwNpHju/ZM7+LYEyh02d4=,YOXayZi0WUVzOueB/mkuP6eOd6o=
89,21,epYmaQPwNpHju/ZM7+LYEyh02d4=,HvjKIQ0+i6C6dFw/UPywwoOf0kk=
90,21,epYmaQPwNpHju/ZM7+LYEyh02d4=,66UNkwPkmFLeZNEqXrhm/c5A/yk=
89,22,epYmaQPwNpHju/ZM7+LYEyh02d4=,1nyHDVSfod8a6O4fdBvROehGNCI=
91,22,epYmaQPwNpHju/ZM7+LYEyh02d4=,YOXayZi0WUVzOueB/mkuP6eOd6o=
91,21,epYmaQPwNpHju/ZM7+LYEyh02d4=,66UNkwPkmFLeZNEqXrhm/c5A/yk=
92,22,epYmaQPwNpHju/ZM7+LYEyh02d4=,YI1G4g56H+BO1p3R+kYEKeIG5b0=
92,21,epYmaQPwNpHju/ZM7+LYEyh02d4=,0R2J3AUlfa50TeD/fG94UynALC8=
91,23,j4nOuF3ucMhRC46ILBpfM+pkr1Q=,YOXayZi0WUVzOueB/mkuP6eOd6o=
92,23,j4nOuF3ucMhRC46ILBpfM+pkr1Q=,YI1G4g56H+BO1p3R+kYEKeIG5b0=
92,24,j4nOuF3ucMhRC46ILBpfM+pkr1Q=,AllBw29V2/IoLeTBBqayeXa0XsI=
91,24,j4nOuF3ucMhRC46ILBpfM+pkr1Q=,Ak8PNUTvFG9rMZOHjgKJ104EduM=
94,21,j4nOuF3ucMhRC46ILBpfM+pkr1Q=,yVf2b/MIvu+WB9qz6nru+D1Ox+Y=
93,22,j4nOuF3ucMhRC46ILBpfM+pkr1Q=,YI1G4g56H+BO1p3R+kYEKeIG5b0=
94,22,j4nOuF3ucMhRC46ILBpfM+pkr1Q=,eYq+ztP4/Q9cua19Id/DiZjwqDs=
93,21,j4nOuF3ucMhRC46ILBpfM+pkr1Q=,0R2J3AUlfa50TeD/fG94UynALC8=
94,24,j4nOuF3ucMhRC46ILBpfM+pkr1Q=,ZEKwAICa5sR85G8MS3cpyKpphX8=
93,23,j4nOuF3ucMhRC46ILBpfM+pkr1Q=,YI1G4g56H+BO1p3R+kYEKeIG5b0=
94,23,j4nOuF3ucMhRC46ILBpfM+pkr1Q=,eYq+ztP4/Q9cua19Id/DiZjwqDs=
93,24,j4nOuF3ucMhRC46ILBpfM+pkr1Q=,AllBw29V2/IoLeTBBqayeXa0XsI=
93,25,j4nOuF3ucMhRC46ILBpfM+pkr1Q=,AllBw29V2/IoLeTBBqayeXa0XsI=
94,25,j4nOuF3ucMhRC46ILBpfM+pkr1Q=,ZEKwAICa5sR85G8MS3cpyKpphX8=
94,26,j4nOuF3ucMhRC46ILBpfM+pkr1Q=,VUAU/JK46aL2X2WnXMTyTYxQ5m8=
93,26,j4nOuF3ucMhRC46ILBpfM+pkr1Q=,9l0SBF1xPZ4UHx1AQGNr3iGwx5w=
93,27,j4nOuF3ucMhRC46ILBpfM+pkr1Q=,9l0SBF1xPZ4UHx1AQGNr3iGwx5w=
94,27,j4nOuF3ucMhRC46ILBpfM+pkr1Q=,VUAU/JK46aL2X2WnXMTyTYxQ5m8=
94,28,j4nOuF3ucMhRC46ILBpfM+pkr1Q=,BVL6g5ldn9J+wCRMhoueQYBtg/U=
93,28,j4nOuF3ucMhRC46ILBpfM+pkr1Q=,d9n9CEXuITwb7JBbeZUnj2no4uM=
92,30,j4nOuF3ucMhRC46ILBpfM+pkr1Q=,UGZe4w6nCZzC2AxN79jxdZOmLHk=
91,29,j4nOuF3ucMhRC46ILBpfM+pkr1Q=,u+6uOmWzUFXcja/hNFld6KZ8xXQ=
92,29,j4nOuF3ucMhRC46ILBpfM+pkr1Q=,d9n9CEXuITwb7JBbeZUnj2no4uM=
91,30,j4nOuF3ucMhRC46ILBpfM+pkr1Q=,7wuEtDlRqMdX9R+M1sUYj5HfV6A=
92,26,j4nOuF3ucMhRC46ILBpfM+pkr1Q=,9l0SBF1xPZ4UHx1AQGNr3iGwx5w=
94,30,j4nOuF3ucMhRC46ILBpfM+pkr1Q=,fbMEnZ6B98EivUmGCJ8F9HSomD0=
93,30,j4nOuF3ucMhRC46ILBpfM+pkr1Q=,UGZe4w6nCZzC2AxN79jxdZOmLHk=
94,29,j4nOuF3ucMhRC46ILBpfM+pkr1Q=,BVL6g5ldn9J+wCRMhoueQYBtg/U=
93,29,j4nOuF3ucMhRC46ILBpfM+pkr1Q=,d9n9CEXuITwb7JBbeZUnj2no4uM=
92,27,j4nOuF3ucMhRC46ILBpfM+pkr1Q=,9l0SBF1xPZ4UHx1AQGNr3iGwx5w=
92,25,j4nOuF3ucMhRC46ILBpfM+pkr1Q=,AllBw29V2/IoLeTBBqayeXa0XsI=
91,28,j4nOuF3ucMhRC46ILBpfM+pkr1Q=,u+6uOmWzUFXcja/hNFld6KZ8xXQ=
91,25,j4nOuF3ucMhRC46ILBpfM+pkr1Q=,Ak8PNUTvFG9rMZOHjgKJ104EduM=
91,27,j4nOuF3ucMhRC46ILBpfM+pkr1Q=,dBV+KI37AHgeov0iPwlDwke+0PA=
92,28,j4nOuF3ucMhRC46ILBpfM+pkr1Q=,d9n9CEXuITwb7JBbeZUnj2no4uM=
91,26,j4nOuF3ucMhRC46ILBpfM+pkr1Q=,dBV+KI37AHgeov0iPwlDwke+0PA=
89,27,j4nOuF3ucMhRC46ILBpfM+pkr1Q=,55lGBCuQiJKaRjP7Y/m7CfPixgo=
90,27,j4nOuF3ucMhRC46ILBpfM+pkr1Q=,dBV+KI37AHgeov0iPwlDwke+0PA=
89,28,j4nOuF3ucMhRC46ILBpfM+pkr1Q=,xl73dm/xwho6jgH82NwD8tFR2vA=
90,28,j4nOuF3ucMhRC46ILBpfM+pkr1Q=,u+6uOmWzUFXcja/hNFld6KZ8xXQ=
90,30,j4nOuF3ucMhRC46ILBpfM+pkr1Q=,7wuEtDlRqMdX9R+M1sUYj5HfV6A=
89,30,j4nOuF3ucMhRC46ILBpfM+pkr1Q=,WcqM+2poCx/lbKvY4qOcLBanIcU=
89,29,j4nOuF3ucMhRC46ILBpfM+pkr1Q=,xl73dm/xwho6jgH82NwD8tFR2vA=
90,29,j4nOuF3ucMhRC46ILBpfM+pkr1Q=,u+6uOmWzUFXcja/hNFld6KZ8xXQ=
89,23,j4nOuF3ucMhRC46ILBpfM+pkr1Q=,1nyHDVSfod8a6O4fdBvROehGNCI=
89,25,j4nOuF3ucMhRC46ILBpfM+pkr1Q=,99IBEP0Fg7Wh6gbDPSx0FBRsSZw=
89,26,j4nOuF3ucMhRC46ILBpfM+pkr1Q=,55lGBCuQiJKaRjP7Y/m7CfPixgo=
90,25,j4nOuF3ucMhRC46ILBpfM+pkr1Q=,Ak8PNUTvFG9rMZOHjgKJ104EduM=
90,23,j4nOuF3ucMhRC46ILBpfM+pkr1Q=,YOXayZi0WUVzOueB/mkuP6eOd6o=
90,26,j4nOuF3ucMhRC46ILBpfM+pkr1Q=,dBV+KI37AHgeov0iPwlDwke+0PA=
89,24,j4nOuF3ucMhRC46ILBpfM+pkr1Q=,99IBEP0Fg7Wh6gbDPSx0FBRsSZw=
90,24,j4nOuF3ucMhRC46ILBpfM+pkr1Q=,Ak8PNUTvFG9rMZOHjgKJ104EduM=
88,28,j4nOuF3ucMhRC46ILBpfM+pkr1Q=,xl73dm/xwho6jgH82NwD8tFR2vA=
87,28,j4nOuF3ucMhRC46ILBpfM+pkr1Q=,WMwNjl9pGxjSmXfRr63tCP/xlEo=
88,27,j4nOuF3ucMhRC46ILBpfM+pkr1Q=,55lGBCuQiJKaRjP7Y/m7CfPixgo=
87,27,j4nOuF3ucMhRC46ILBpfM+pkr1Q=,7au20IeXv7ngatHkam0Lev7FvO8=
88,25,j4nOuF3ucMhRC46ILBpfM+pkr1Q=,99IBEP0Fg7Wh6gbDPSx0FBRsSZw=
88,26,j4nOuF3ucMhRC46ILBpfM+pkr1Q=,55lGBCuQiJKaRjP7Y/m7CfPixgo=
87,25,j4nOuF3ucMhRC46ILBpfM+pkr1Q=,PbpDRKbu+FB4m2aDJjLftjdMUzo=
87,26,j4nOuF3ucMhRC46ILBpfM+pkr1Q=,7au20IeXv7ngatHkam0Lev7FvO8=
88,23,j4nOuF3ucMhRC46ILBpfM+pkr1Q=,1nyHDVSfod8a6O4fdBvROehGNCI=
87,24,j4nOuF3ucMhRC46ILBpfM+pkr1Q=,PbpDRKbu+FB4m2aDJjLftjdMUzo=
88,24,j4nOuF3ucMhRC46ILBpfM+pkr1Q=,99IBEP0Fg7Wh6gbDPSx0FBRsSZw=
87,23,j4nOuF3ucMhRC46ILBpfM+pkr1Q=,nkhzt5zGZE7RY9qy6iYD2Ftsk4g=
88,21,khIfhx3O33b85z57PKr3hB0hkFM=,HvjKIQ0+i6C6dFw/UPywwoOf0kk=
87,21,khIfhx3O33b85z57PKr3hB0hkFM=,O2rrSjMNClrMmdvKURtywNZqCRc=
88,22,khIfhx3O33b85z57PKr3hB0hkFM=,1nyHDVSfod8a6O4fdBvROehGNCI=
87,22,khIfhx3O33b85z57PKr3hB0hkFM=,nkhzt5zGZE7RY9qy6iYD2Ftsk4g=
86,21,khIfhx3O33b85z57PKr3hB0hkFM=,O2rrSjMNClrMmdvKURtywNZqCRc=
85,22,khIfhx3O33b85z57PKr3hB0hkFM=,hzbs+i/4t3Cmn+ZEHXQXW13HAhU=
86,22,khIfhx3O33b85z57PKr3hB0hkFM=,nkhzt5zGZE7RY9qy6iYD2Ftsk4g=
85,21,khIfhx3O33b85z57PKr3hB0hkFM=,hFFt6XuuAoL9bowtJ2oX36Nntpg=
85,19,khIfhx3O33b85z57PKr3hB0hkFM=,bMrDgGBRwJxfQivM6SP8Z+wOArM=
85,20,khIfhx3O33b85z57PKr3hB0hkFM=,hFFt6XuuAoL9bowtJ2oX36Nntpg=
86,20,khIfhx3O33b85z57PKr3hB0hkFM=,O2rrSjMNClrMmdvKURtywNZqCRc=
86,19,khIfhx3O33b85z57PKr3hB0hkFM=,snqDz/CEUnwNoscwjrYkmJBR5QE=
87,19,khIfhx3O33b85z57PKr3hB0hkFM=,snqDz/CEUnwNoscwjrYkmJBR5QE=
88,20,khIfhx3O33b85z57PKr3hB0hkFM=,HvjKIQ0+i6C6dFw/UPywwoOf0kk=
88,19,khIfhx3O33b85z57PKr3hB0hkFM=,/Xk7aR7rCKDM23UPMr9KHcggJ2k=
87,20,khIfhx3O33b85z57PKr3hB0hkFM=,O2rrSjMNClrMmdvKURtywNZqCRc=
91,19,khIfhx3O33b85z57PKr3hB0hkFM=,Hn75n5Smz9tUpsEy0vfoxc5ZirQ=
92,19,khIfhx3O33b85z57PKr3hB0hkFM=,oPulrHWN8Nfw4CyxJv/kTsMRrrY=
89,19,khIfhx3O33b85z57PKr3hB0hkFM=,/Xk7aR7rCKDM23UPMr9KHcggJ2k=
91,20,khIfhx3O33b85z57PKr3hB0hkFM=,66UNkwPkmFLeZNEqXrhm/c5A/yk=
90,19,khIfhx3O33b85z57PKr3hB0hkFM=,Hn75n5Smz9tUpsEy0vfoxc5ZirQ=
92,20,khIfhx3O33b85z57PKr3hB0hkFM=,0R2J3AUlfa50TeD/fG94UynALC8=
89,20,khIfhx3O33b85z57PKr3hB0hkFM=,HvjKIQ0+i6C6dFw/UPywwoOf0kk=
90,20,khIfhx3O33b85z57PKr3hB0hkFM=,66UNkwPkmFLeZNEqXrhm/c5A/yk=
90,17,khIfhx3O33b85z57PKr3hB0hkFM=,Wmdj5p24x9ttjIxq9uvSQ1ulG+g=
91,17,khIfhx3O33b85z57PKr3hB0hkFM=,Wmdj5p24x9ttjIxq9uvSQ1ulG+g=
89,17,khIfhx3O33b85z57PKr3hB0hkFM=,qrNQpLOWDHdCtWEJ3ohT6JpJg9U=
92,18,khIfhx3O33b85z57PKr3hB0hkFM=,oPulrHWN8Nfw4CyxJv/kTsMRrrY=
90,18,khIfhx3O33b85z57PKr3hB0hkFM=,Hn75n5Smz9tUpsEy0vfoxc5ZirQ=
92,17,khIfhx3O33b85z57PKr3hB0hkFM=,b8FvWBHJJBopGwnq0gvg8Bg7+lM=
89,18,khIfhx3O33b85z57PKr3hB0hkFM=,/Xk7aR7rCKDM23UPMr9KHcggJ2k=
91,18,khIfhx3O33b85z57PKr3hB0hkFM=,Hn75n5Smz9tUpsEy0vfoxc5ZirQ=
88,18,khIfhx3O33b85z57PKr3hB0hkFM=,/Xk7aR7rCKDM23UPMr9KHcggJ2k=
87,18,khIfhx3O33b85z57PKr3hB0hkFM=,snqDz/CEUnwNoscwjrYkmJBR5QE=
88,17,khIfhx3O33b85z57PKr3hB0hkFM=,qrNQpLOWDHdCtWEJ3ohT6JpJg9U=
87,17,khIfhx3O33b85z57PKr3hB0hkFM=,MjJ9Qi2I9o6n+HR5Uc8PyWATJaY=
85,18,khIfhx3O33b85z57PKr3hB0hkFM=,bMrDgGBRwJxfQivM6SP8Z+wOArM=
86,17,khIfhx3O33b85z57PKr3hB0hkFM=,MjJ9Qi2I9o6n+HR5Uc8PyWATJaY=
86,18,khIfhx3O33b85z57PKr3hB0hkFM=,snqDz/CEUnwNoscwjrYkmJBR5QE=
85,17,khIfhx3O33b85z57PKr3hB0hkFM=,wbR/owW05dnE4xG7iACzehS6FOo=
84,17,khIfhx3O33b85z57PKr3hB0hkFM=,wbR/owW05dnE4xG7iACzehS6FOo=
83,18,khIfhx3O33b85z57PKr3hB0hkFM=,DkwCvfKh88eJy9MfvsZQQMmAg6M=
83,17,khIfhx3O33b85z57PKr3hB0hkFM=,FKXzvxDdOe0A28SYtN/WdLpw6NU=
84,18,khIfhx3O33b85z57PKr3hB0hkFM=,bMrDgGBRwJxfQivM6SP8Z+wOArM=
84,19,khIfhx3O33b85z57PKr3hB0hkFM=,bMrDgGBRwJxfQivM6SP8Z+wOArM=
83,19,khIfhx3O33b85z57PKr3hB0hkFM=,DkwCvfKh88eJy9MfvsZQQMmAg6M=
84,20,khIfhx3O33b85z57PKr3hB0hkFM=,hFFt6XuuAoL9bowtJ2oX36Nntpg=
83,20,khIfhx3O33b85z57PKr3hB0hkFM=,jAd6b0aFFfRwDE4wz6ieZ5SNsV8=
83,21,khIfhx3O33b85z57PKr3hB0hkFM=,jAd6b0aFFfRwDE4wz6ieZ5SNsV8=
84,21,khIfhx3O33b85z57PKr3hB0hkFM=,hFFt6XuuAoL9bowtJ2oX36Nntpg=
84,22,khIfhx3O33b85z57PKr3hB0hkFM=,hzbs+i/4t3Cmn+ZEHXQXW13HAhU=
83,22,khIfhx3O33b85z57PKr3hB0hkFM=,OV6q6ODhU4oiF+uwvb9Sdo1J0Yo=
81,22,khIfhx3O33b85z57PKr3hB0hkFM=,tF4mgYUivdQSvq13yUHHBRtI4QQ=
82,22,khIfhx3O33b85z57PKr3hB0hkFM=,OV6q6ODhU4oiF+uwvb9Sdo1J0Yo=
82,21,khIfhx3O33b85z57PKr3hB0hkFM=,jAd6b0aFFfRwDE4wz6ieZ5SNsV8=
81,21,khIfhx3O33b85z57PKr3hB0hkFM=,CwvQvY0Y7U6S+XequQnjGe7CFyQ=
81,23,2JvabaOMpI82j4WBpRhlgOHqQNk=,tF4mgYUivdQSvq13yUHHBRtI4QQ=
81,24,2JvabaOMpI82j4WBpRhlgOHqQNk=,iGkmsMX9g2vJagFOegclR80ehQI=
82,23,2JvabaOMpI82j4WBpRhlgOHqQNk=,OV6q6ODhU4oiF+uwvb9Sdo1J0Yo=
82,24,2JvabaOMpI82j4WBpRhlgOHqQNk=,uq2Vq0YY0pzkRPfem+9TqCbsAXc=
81,26,2JvabaOMpI82j4WBpRhlgOHqQNk=,csG39oSjXtRoxMAHx6c7R7gz3OE=
81,25,2JvabaOMpI82j4WBpRhlgOHqQNk=,iGkmsMX9g2vJagFOegclR80ehQI=
82,25,2JvabaOMpI82j4WBpRhlgOHqQNk=,uq2Vq0YY0pzkRPfem+9TqCbsAXc=
82,26,2JvabaOMpI82j4WBpRhlgOHqQNk=,bTV+ULe+2ztCTtoGPUkWC8Ik43k=
82,28,2JvabaOMpI82j4WBpRhlgOHqQNk=,4QLTDbuS20KZpxT6JhybwRQB30g=
82,27,2JvabaOMpI82j4WBpRhlgOHqQNk=,bTV+ULe+2ztCTtoGPUkWC8Ik43k=
81,27,2JvabaOMpI82j4WBpRhlgOHqQNk=,csG39oSjXtRoxMAHx6c7R7gz3OE=
81,28,2JvabaOMpI82j4WBpRhlgOHqQNk=,j3ZBxIAxvGGvfDtRnKY8cntjjqM=
81,29,2JvabaOMpI82j4WBpRhlgOHqQNk=,j3ZBxIAxvGGvfDtRnKY8cntjjqM=
82,29,2JvabaOMpI82j4WBpRhlgOHqQNk=,4QLTDbuS20KZpxT6JhybwRQB30g=
81,30,2JvabaOMpI82j4WBpRhlgOHqQNk=,DFb8maXycX+/PP+CIrnfgtGm5v8=
82,30,2JvabaOMpI82j4WBpRhlgOHqQNk=,i2pqbKSiinpxzYLG+da+VpiqRwc=
84,29,2JvabaOMpI82j4WBpRhlgOHqQNk=,GWBWYhQlQuhPYM4JozNFVuikuUw=
83,29,2JvabaOMpI82j4WBpRhlgOHqQNk=,4QLTDbuS20KZpxT6JhybwRQB30g=
86,28,2JvabaOMpI82j4WBpRhlgOHqQNk=,WMwNjl9pGxjSmXfRr63tCP/xlEo=
83,30,2JvabaOMpI82j4WBpRhlgOHqQNk=,i2pqbKSiinpxzYLG+da+VpiqRwc=
83,27,2JvabaOMpI82j4WBpRhlgOHqQNk=,bTV+ULe+2ztCTtoGPUkWC8Ik43k=
84,30,2JvabaOMpI82j4WBpRhlgOHqQNk=,H7wHmiQ3wsaxkZkCaae39JaBotg=
85,27,2JvabaOMpI82j4WBpRhlgOHqQNk=,deceXArKXSkwFAF9A875yQz+FT0=
85,28,2JvabaOMpI82j4WBpRhlgOHqQNk=,GWBWYhQlQuhPYM4JozNFVuikuUw=
83,28,2JvabaOMpI82j4WBpRhlgOHqQNk=,4QLTDbuS20KZpxT6JhybwRQB30g=
84,28,2JvabaOMpI82j4WBpRhlgOHqQNk=,GWBWYhQlQuhPYM4JozNFVuikuUw=
84,27,2JvabaOMpI82j4WBpRhlgOHqQNk=,deceXArKXSkwFAF9A875yQz+FT0=
86,27,2JvabaOMpI82j4WBpRhlgOHqQNk=,7au20IeXv7ngatHkam0Lev7FvO8=
89,31,2JvabaOMpI82j4WBpRhlgOHqQNk=,WcqM+2poCx/lbKvY4qOcLBanIcU=
90,31,2JvabaOMpI82j4WBpRhlgOHqQNk=,7wuEtDlRqMdX9R+M1sUYj5HfV6A=
92,31,2JvabaOMpI82j4WBpRhlgOHqQNk=,UGZe4w6nCZzC2AxN79jxdZOmLHk=
91,31,2JvabaOMpI82j4WBpRhlgOHqQNk=,7wuEtDlRqMdX9R+M1sUYj5HfV6A=
94,31,2JvabaOMpI82j4WBpRhlgOHqQNk=,fbMEnZ6B98EivUmGCJ8F9HSomD0=
93,31,2JvabaOMpI82j4WBpRhlgOHqQNk=,UGZe4w6nCZzC2AxN79jxdZOmLHk=
84,31,2JvabaOMpI82j4WBpRhlgOHqQNk=,H7wHmiQ3wsaxkZkCaae39JaBotg=
83,31,2JvabaOMpI82j4WBpRhlgOHqQNk=,i2pqbKSiinpxzYLG+da+VpiqRwc=
81,31,2JvabaOMpI82j4WBpRhlgOHqQNk=,DFb8maXycX+/PP+CIrnfgtGm5v8=
82,31,2JvabaOMpI82j4WBpRhlgOHqQNk=,i2pqbKSiinpxzYLG+da+VpiqRwc=
80,29,2JvabaOMpI82j4WBpRhlgOHqQNk=,j3ZBxIAxvGGvfDtRnKY8cntjjqM=
80,30,2JvabaOMpI82j4WBpRhlgOHqQNk=,DFb8maXycX+/PP+CIrnfgtGm5v8=
80,28,2JvabaOMpI82j4WBpRhlgOHqQNk=,j3ZBxIAxvGGvfDtRnKY8cntjjqM=
80,27,2JvabaOMpI82j4WBpRhlgOHqQNk=,csG39oSjXtRoxMAHx6c7R7gz3OE=
80,25,2JvabaOMpI82j4WBpRhlgOHqQNk=,iGkmsMX9g2vJagFOegclR80ehQI=
80,26,2JvabaOMpI82j4WBpRhlgOHqQNk=,csG39oSjXtRoxMAHx6c7R7gz3OE=
80,23,2JvabaOMpI82j4WBpRhlgOHqQNk=,tF4mgYUivdQSvq13yUHHBRtI4QQ=
80,24,2JvabaOMpI82j4WBpRhlgOHqQNk=,iGkmsMX9g2vJagFOegclR80ehQI=
80,22,2JvabaOMpI82j4WBpRhlgOHqQNk=,tF4mgYUivdQSvq13yUHHBRtI4QQ=
80,21,2JvabaOMpI82j4WBpRhlgOHqQNk=,CwvQvY0Y7U6S+XequQnjGe7CFyQ=
86,26,2JvabaOMpI82j4WBpRhlgOHqQNk=,7au20IeXv7ngatHkam0Lev7FvO8=
85,24,2JvabaOMpI82j4WBpRhlgOHqQNk=,gElezhIqifuvV2mOxT+o1xTGvdc=
84,24,2JvabaOMpI82j4WBpRhlgOHqQNk=,gElezhIqifuvV2mOxT+o1xTGvdc=
85,26,2JvabaOMpI82j4WBpRhlgOHqQNk=,deceXArKXSkwFAF9A875yQz+FT0=
86,25,2JvabaOMpI82j4WBpRhlgOHqQNk=,PbpDRKbu+FB4m2aDJjLftjdMUzo=
84,26,2JvabaOMpI82j4WBpRhlgOHqQNk=,deceXArKXSkwFAF9A875yQz+FT0=
83,25,2JvabaOMpI82j4WBpRhlgOHqQNk=,uq2Vq0YY0pzkRPfem+9TqCbsAXc=
85,25,2JvabaOMpI82j4WBpRhlgOHqQNk=,gElezhIqifuvV2mOxT+o1xTGvdc=
84,25,2JvabaOMpI82j4WBpRhlgOHqQNk=,gElezhIqifuvV2mOxT+o1xTGvdc=
83,23,2JvabaOMpI82j4WBpRhlgOHqQNk=,OV6q6ODhU4oiF+uwvb9Sdo1J0Yo=
83,24,2JvabaOMpI82j4WBpRhlgOHqQNk=,uq2Vq0YY0pzkRPfem+9TqCbsAXc=
86,24,2JvabaOMpI82j4WBpRhlgOHqQNk=,PbpDRKbu+FB4m2aDJjLftjdMUzo=
86,23,2JvabaOMpI82j4WBpRhlgOHqQNk=,nkhzt5zGZE7RY9qy6iYD2Ftsk4g=
85,23,2JvabaOMpI82j4WBpRhlgOHqQNk=,hzbs+i/4t3Cmn+ZEHXQXW13HAhU=
84,23,2JvabaOMpI82j4WBpRhlgOHqQNk=,hzbs+i/4t3Cmn+ZEHXQXW13HAhU=
83,26,2JvabaOMpI82j4WBpRhlgOHqQNk=,bTV+ULe+2ztCTtoGPUkWC8Ik43k=
87,30,2JvabaOMpI82j4WBpRhlgOHqQNk=,cj/Gdc1S3kV31m5hctF+ciHLdE8=
87,31,2JvabaOMpI82j4WBpRhlgOHqQNk=,cj/Gdc1S3kV31m5hctF+ciHLdE8=
86,30,2JvabaOMpI82j4WBpRhlgOHqQNk=,cj/Gdc1S3kV31m5hctF+ciHLdE8=
88,30,2JvabaOMpI82j4WBpRhlgOHqQNk=,WcqM+2poCx/lbKvY4qOcLBanIcU=
85,31,2JvabaOMpI82j4WBpRhlgOHqQNk=,H7wHmiQ3wsaxkZkCaae39JaBotg=
88,31,2JvabaOMpI82j4WBpRhlgOHqQNk=,WcqM+2poCx/lbKvY4qOcLBanIcU=
87,29,2JvabaOMpI82j4WBpRhlgOHqQNk=,WMwNjl9pGxjSmXfRr63tCP/xlEo=
85,29,2JvabaOMpI82j4WBpRhlgOHqQNk=,GWBWYhQlQuhPYM4JozNFVuikuUw=
85,30,2JvabaOMpI82j4WBpRhlgOHqQNk=,H7wHmiQ3wsaxkZkCaae39JaBotg=
88,29,2JvabaOMpI82j4WBpRhlgOHqQNk=,xl73dm/xwho6jgH82NwD8tFR2vA=
86,29,2JvabaOMpI82j4WBpRhlgOHqQNk=,WMwNjl9pGxjSmXfRr63tCP/xlEo=
86,31,2JvabaOMpI82j4WBpRhlgOHqQNk=,cj/Gdc1S3kV31m5hctF+ciHLdE8=
84,16,2JvabaOMpI82j4WBpRhlgOHqQNk=,wbR/owW05dnE4xG7iACzehS6FOo=
83,16,2JvabaOMpI82j4WBpRhlgOHqQNk=,FKXzvxDdOe0A28SYtN/WdLpw6NU=
86,16,2JvabaOMpI82j4WBpRhlgOHqQNk=,MjJ9Qi2I9o6n+HR5Uc8PyWATJaY=
85,16,2JvabaOMpI82j4WBpRhlgOHqQNk=,wbR/owW05dnE4xG7iACzehS6FOo=
87,16,2JvabaOMpI82j4WBpRhlgOHqQNk=,MjJ9Qi2I9o6n+HR5Uc8PyWATJaY=
88,16,2JvabaOMpI82j4WBpRhlgOHqQNk=,qrNQpLOWDHdCtWEJ3ohT6JpJg9U=
89,16,2JvabaOMpI82j4WBpRhlgOHqQNk=,qrNQpLOWDHdCtWEJ3ohT6JpJg9U=
90,16,2JvabaOMpI82j4WBpRhlgOHqQNk=,Wmdj5p24x9ttjIxq9uvSQ1ulG+g=
91,16,2JvabaOMpI82j4WBpRhlgOHqQNk=,Wmdj5p24x9ttjIxq9uvSQ1ulG+g=
92,16,2JvabaOMpI82j4WBpRhlgOHqQNk=,b8FvWBHJJBopGwnq0gvg8Bg7+lM=
93,16,2JvabaOMpI82j4WBpRhlgOHqQNk=,b8FvWBHJJBopGwnq0gvg8Bg7+lM=
94,16,2JvabaOMpI82j4WBpRhlgOHqQNk=,Kgk2L4dXTMiRyMYuSWjd73NSKqo=
95,17,2JvabaOMpI82j4WBpRhlgOHqQNk=,Kgk2L4dXTMiRyMYuSWjd73NSKqo=
95,18,2JvabaOMpI82j4WBpRhlgOHqQNk=,jZ/QH8OpkAjSxVRDqP5z6XSNfaQ=
95,20,2JvabaOMpI82j4WBpRhlgOHqQNk=,yVf2b/MIvu+WB9qz6nru+D1Ox+Y=
95,19,2JvabaOMpI82j4WBpRhlgOHqQNk=,jZ/QH8OpkAjSxVRDqP5z6XSNfaQ=
95,21,2JvabaOMpI82j4WBpRhlgOHqQNk=,yVf2b/MIvu+WB9qz6nru+D1Ox+Y=
95,22,2JvabaOMpI82j4WBpRhlgOHqQNk=,eYq+ztP4/Q9cua19Id/DiZjwqDs=
82,19,2JvabaOMpI82j4WBpRhlgOHqQNk=,DkwCvfKh88eJy9MfvsZQQMmAg6M=
82,20,2JvabaOMpI82j4WBpRhlgOHqQNk=,jAd6b0aFFfRwDE4wz6ieZ5SNsV8=
82,17,2JvabaOMpI82j4WBpRhlgOHqQNk=,FKXzvxDdOe0A28SYtN/WdLpw6NU=
82,18,2JvabaOMpI82j4WBpRhlgOHqQNk=,DkwCvfKh88eJy9MfvsZQQMmAg6M=
95,24,2JvabaOMpI82j4WBpRhlgOHqQNk=,ZEKwAICa5sR85G8MS3cpyKpphX8=
82,16,2JvabaOMpI82j4WBpRhlgOHqQNk=,FKXzvxDdOe0A28SYtN/WdLpw6NU=
81,17,2JvabaOMpI82j4WBpRhlgOHqQNk=,mqO4IQgoh63QXdY/uXxvlJiGZNg=
81,16,2JvabaOMpI82j4WBpRhlgOHqQNk=,mqO4IQgoh63QXdY/uXxvlJiGZNg=
95,23,2JvabaOMpI82j4WBpRhlgOHqQNk=,eYq+ztP4/Q9cua19Id/DiZjwqDs=
81,19,2JvabaOMpI82j4WBpRhlgOHqQNk=,KvkdBslAY9YmDkpu3vhv0fiG8AY=
80,17,2JvabaOMpI82j4WBpRhlgOHqQNk=,mqO4IQgoh63QXdY/uXxvlJiGZNg=
81,20,2JvabaOMpI82j4WBpRhlgOHqQNk=,CwvQvY0Y7U6S+XequQnjGe7CFyQ=
81,18,2JvabaOMpI82j4WBpRhlgOHqQNk=,KvkdBslAY9YmDkpu3vhv0fiG8AY=
80,20,2JvabaOMpI82j4WBpRhlgOHqQNk=,CwvQvY0Y7U6S+XequQnjGe7CFyQ=
80,18,2JvabaOMpI82j4WBpRhlgOHqQNk=,KvkdBslAY9YmDkpu3vhv0fiG8AY=
95,26,2JvabaOMpI82j4WBpRhlgOHqQNk=,VUAU/JK46aL2X2WnXMTyTYxQ5m8=
95,25,2JvabaOMpI82j4WBpRhlgOHqQNk=,ZEKwAICa5sR85G8MS3cpyKpphX8=
95,28,2JvabaOMpI82j4WBpRhlgOHqQNk=,BVL6g5ldn9J+wCRMhoueQYBtg/U=
80,19,2JvabaOMpI82j4WBpRhlgOHqQNk=,KvkdBslAY9YmDkpu3vhv0fiG8AY=
95,27,2JvabaOMpI82j4WBpRhlgOHqQNk=,VUAU/JK46aL2X2WnXMTyTYxQ5m8=
95,30,2JvabaOMpI82j4WBpRhlgOHqQNk=,fbMEnZ6B98EivUmGCJ8F9HSomD0=
95,16,2JvabaOMpI82j4WBpRhlgOHqQNk=,Kgk2L4dXTMiRyMYuSWjd73NSKqo=
95,31,2JvabaOMpI82j4WBpRhlgOHqQNk=,fbMEnZ6B98EivUmGCJ8F9HSomD0=
80,16,2JvabaOMpI82j4WBpRhlgOHqQNk=,mqO4IQgoh63QXdY/uXxvlJiGZNg=
95,29,2JvabaOMpI82j4WBpRhlgOHqQNk=,BVL6g5ldn9J+wCRMhoueQYBtg/U=
80,31,2JvabaOMpI82j4WBpRhlgOHqQNk=,DFb8maXycX+/PP+CIrnfgtGm5v8=
82,8,2JvabaOMpI82j4WBpRhlgOHqQNk=,2IqGCRQ4HkfPuSsJnVP7SJyg3kc=
81,7,2JvabaOMpI82j4WBpRhlgOHqQNk=,haHQJNnUb9e93Mvj+fYpdMt0FWU=
82,7,2JvabaOMpI82j4WBpRhlgOHqQNk=,aiIBR+PIhcSoDI04dPqgwD+/txA=
81,8,2JvabaOMpI82j4WBpRhlgOHqQNk=,WBouNbluPCIAyWvhoT+SLLkQhDw=
84,5,7zoPjMzERKZl/jQWMbCHg+i83as=,oE8XPAruBDA5ZlFx90t5r3JZZUQ=
84,6,7zoPjMzERKZl/jQWMbCHg+i83as=,qKU7m7tyNVyWjiGRln26uffH5c4=
83,5,7zoPjMzERKZl/jQWMbCHg+i83as=,hz3RtolTOmf4G+7+bZOMpLtdCOo=
83,6,7zoPjMzERKZl/jQWMbCHg+i83as=,aiIBR+PIhcSoDI04dPqgwD+/txA=
83,4,7zoPjMzERKZl/jQWMbCHg+i83as=,hz3RtolTOmf4G+7+bZOMpLtdCOo=
84,4,7zoPjMzERKZl/jQWMbCHg+i83as=,oE8XPAruBDA5ZlFx90t5r3JZZUQ=
83,3,7zoPjMzERKZl/jQWMbCHg+i83as=,gR/OAnAYxVAofTLOepnFguLuYFI=
84,3,7zoPjMzERKZl/jQWMbCHg+i83as=,g5A5+JrXT2fkAf9PbaSdQU7LcRI=
86,4,7zoPjMzERKZl/jQWMbCHg+i83as=,MilUPhnfC/BfEtOgipVB94uhcz0=
85,4,7zoPjMzERKZl/jQWMbCHg+i83as=,oE8XPAruBDA5ZlFx90t5r3JZZUQ=
85,3,7zoPjMzERKZl/jQWMbCHg+i83as=,g5A5+JrXT2fkAf9PbaSdQU7LcRI=
86,3,7zoPjMzERKZl/jQWMbCHg+i83as=,ba4XyOK3bd1fS4jL5goMAKqCR/E=
87,3,7zoPjMzERKZl/jQWMbCHg+i83as=,ba4XyOK3bd1fS4jL5goMAKqCR/E=
88,3,7zoPjMzERKZl/jQWMbCHg+i83as=,GBfbprsj0UcBdFsW4rbCJUIY/nc=
87,4,7zoPjMzERKZl/jQWMbCHg+i83as=,MilUPhnfC/BfEtOgipVB94uhcz0=
88,4,7zoPjMzERKZl/jQWMbCHg+i83as=,vcifNiLHUzd6/ndgIHsR4gIugac=
85,6,7zoPjMzERKZl/jQWMbCHg+i83as=,qKU7m7tyNVyWjiGRln26uffH5c4=
86,6,7zoPjMzERKZl/jQWMbCHg+i83as=,wpQ3XvZSjVEoqY/FXTN/p7fbNEY=
87,6,7zoPjMzERKZl/jQWMbCHg+i83as=,wpQ3XvZSjVEoqY/FXTN/p7fbNEY=
88,6,7zoPjMzERKZl/jQWMbCHg+i83as=,4zdJHusylZztrUtAgbLBT/mJkAk=
85,5,7zoPjMzERKZl/jQWMbCHg+i83as=,oE8XPAruBDA5ZlFx90t5r3JZZUQ=
87,5,7zoPjMzERKZl/jQWMbCHg+i83as=,MilUPhnfC/BfEtOgipVB94uhcz0=
88,5,7zoPjMzERKZl/jQWMbCHg+i83as=,vcifNiLHUzd6/ndgIHsR4gIugac=
86,5,7zoPjMzERKZl/jQWMbCHg+i83as=,MilUPhnfC/BfEtOgipVB94uhcz0=
89,6,7zoPjMzERKZl/jQWMbCHg+i83as=,4zdJHusylZztrUtAgbLBT/mJkAk=
89,5,7zoPjMzERKZl/jQWMbCHg+i83as=,vcifNiLHUzd6/ndgIHsR4gIugac=
90,6,7zoPjMzERKZl/jQWMbCHg+i83as=,G5GnBo4l86NJX0j5WT71imacVLg=
90,5,7zoPjMzERKZl/jQWMbCHg+i83as=,dKgaYSzMpFRabSH34K5jja9zHtk=
89,7,7zoPjMzERKZl/jQWMbCHg+i83as=,4zdJHusylZztrUtAgbLBT/mJkAk=
90,8,7zoPjMzERKZl/jQWMbCHg+i83as=,XevvyH8BE6eDjAuHxLKlWgYcabc=
90,7,7zoPjMzERKZl/jQWMbCHg+i83as=,G5GnBo4l86NJX0j5WT71imacVLg=
89,8,7zoPjMzERKZl/jQWMbCHg+i83as=,NoHzaJHpkejZ0HPpQ3K7+eEAZ5s=
88,8,7zoPjMzERKZl/jQWMbCHg+i83as=,NoHzaJHpkejZ0HPpQ3K7+eEAZ5s=
87,7,7zoPjMzERKZl/jQWMbCHg+i83as=,wpQ3XvZSjVEoqY/FXTN/p7fbNEY=
88,7,7zoPjMzERKZl/jQWMbCHg+i83as=,4zdJHusylZztrUtAgbLBT/mJkAk=
87,8,7zoPjMzERKZl/jQWMbCHg+i83as=,GH1A383yrqYn+J/Rwdnq2MV5fWI=
89,4,zEspOkbCOx6xmd12nMrfRMESD+s=,vcifNiLHUzd6/ndgIHsR4gIugac=
89,3,zEspOkbCOx6xmd12nMrfRMESD+s=,GBfbprsj0UcBdFsW4rbCJUIY/nc=
90,4,zEspOkbCOx6xmd12nMrfRMESD+s=,dKgaYSzMpFRabSH34K5jja9zHtk=
90,3,zEspOkbCOx6xmd12nMrfRMESD+s=,H1l0b+DtnMEvRS2ozhcHki/wnDY=
91,2,zEspOkbCOx6xmd12nMrfRMESD+s=,H1l0b+DtnMEvRS2ozhcHki/wnDY=
91,1,zEspOkbCOx6xmd12nMrfRMESD+s=,cKGVDxSfjMPpyInI/72TiVO8K1w=
92,2,zEspOkbCOx6xmd12nMrfRMESD+s=,tkjsRm+iGwPlb6sPRKe9h1sBcLE=
92,1,zEspOkbCOx6xmd12nMrfRMESD+s=,duKbnfy5UMIZJwOrO7rDr8L/+ws=
94,1,zEspOkbCOx6xmd12nMrfRMESD+s=,jduA4fjt1UBeAHh1XkeTFQ9qHWc=
93,1,zEspOkbCOx6xmd12nMrfRMESD+s=,duKbnfy5UMIZJwOrO7rDr8L/+ws=
94,2,zEspOkbCOx6xmd12nMrfRMESD+s=,5MErzqz8uw6BDs5tWBjU5z2tCLU=
93,2,zEspOkbCOx6xmd12nMrfRMESD+s=,tkjsRm+iGwPlb6sPRKe9h1sBcLE=
94,3,zEspOkbCOx6xmd12nMrfRMESD+s=,5MErzqz8uw6BDs5tWBjU5z2tCLU=
94,4,zEspOkbCOx6xmd12nMrfRMESD+s=,OV34womYWE+LBYeHE4/DjQscVMU=
92,3,zEspOkbCOx6xmd12nMrfRMESD+s=,tkjsRm+iGwPlb6sPRKe9h1sBcLE=
93,4,zEspOkbCOx6xmd12nMrfRMESD+s=,U7VUfKFosObM6dAFkKgchfpR66M=
92,4,zEspOkbCOx6xmd12nMrfRMESD+s=,U7VUfKFosObM6dAFkKgchfpR66M=
91,3,zEspOkbCOx6xmd12nMrfRMESD+s=,H1l0b+DtnMEvRS2ozhcHki/wnDY=
93,3,zEspOkbCOx6xmd12nMrfRMESD+s=,tkjsRm+iGwPlb6sPRKe9h1sBcLE=
91,4,zEspOkbCOx6xmd12nMrfRMESD+s=,dKgaYSzMpFRabSH34K5jja9zHtk=
91,5,zEspOkbCOx6xmd12nMrfRMESD+s=,dKgaYSzMpFRabSH34K5jja9zHtk=
92,5,zEspOkbCOx6xmd12nMrfRMESD+s=,U7VUfKFosObM6dAFkKgchfpR66M=
91,6,zEspOkbCOx6xmd12nMrfRMESD+s=,G5GnBo4l86NJX0j5WT71imacVLg=
92,6,zEspOkbCOx6xmd12nMrfRMESD+s=,YInR6KB/ht/5lmXDfZwOWSSm5XA=
93,5,zEspOkbCOx6xmd12nMrfRMESD+s=,U7VUfKFosObM6dAFkKgchfpR66M=
94,5,zEspOkbCOx6xmd12nMrfRMESD+s=,OV34womYWE+LBYeHE4/DjQscVMU=
94,6,zEspOkbCOx6xmd12nMrfRMESD+s=,eTyAGNergjlMKk66ec68+hX5U3M=
93,6,zEspOkbCOx6xmd12nMrfRMESD+s=,YInR6KB/ht/5lmXDfZwOWSSm5XA=
91,7,zEspOkbCOx6xmd12nMrfRMESD+s=,G5GnBo4l86NJX0j5WT71imacVLg=
92,8,zEspOkbCOx6xmd12nMrfRMESD+s=,SxwTE23dTGanL850SvtDh8ei+oE=
92,7,zEspOkbCOx6xmd12nMrfRMESD+s=,YInR6KB/ht/5lmXDfZwOWSSm5XA=
91,8,zEspOkbCOx6xmd12nMrfRMESD+s=,XevvyH8BE6eDjAuHxLKlWgYcabc=
94,7,zEspOkbCOx6xmd12nMrfRMESD+s=,eTyAGNergjlMKk66ec68+hX5U3M=
93,8,zEspOkbCOx6xmd12nMrfRMESD+s=,SxwTE23dTGanL850SvtDh8ei+oE=
94,8,zEspOkbCOx6xmd12nMrfRMESD+s=,ngBW2tIyDMXOccSCUbQbZUp9WbE=
93,7,zEspOkbCOx6xmd12nMrfRMESD+s=,YInR6KB/ht/5lmXDfZwOWSSm5XA=
93,10,zEspOkbCOx6xmd12nMrfRMESD+s=,zJsoOqfxI0eINtuAT1ZLmSIE4AY=
94,10,zEspOkbCOx6xmd12nMrfRMESD+s=,GqPAOxx87Lri3ldgXjuEwrrswRI=
93,9,zEspOkbCOx6xmd12nMrfRMESD+s=,SxwTE23dTGanL850SvtDh8ei+oE=
94,9,zEspOkbCOx6xmd12nMrfRMESD+s=,ngBW2tIyDMXOccSCUbQbZUp9WbE=
92,10,zEspOkbCOx6xmd12nMrfRMESD+s=,zJsoOqfxI0eINtuAT1ZLmSIE4AY=
92,9,zEspOkbCOx6xmd12nMrfRMESD+s=,SxwTE23dTGanL850SvtDh8ei+oE=
91,9,zEspOkbCOx6xmd12nMrfRMESD+s=,XevvyH8BE6eDjAuHxLKlWgYcabc=
91,10,zEspOkbCOx6xmd12nMrfRMESD+s=,0lCB3iWDIkJNS7RxcIgvJJq/L4k=
91,12,zEspOkbCOx6xmd12nMrfRMESD+s=,LcWXbZa3xKa6vDi+zplEn1I9SlU=
92,11,zEspOkbCOx6xmd12nMrfRMESD+s=,zJsoOqfxI0eINtuAT1ZLmSIE4AY=
91,11,zEspOkbCOx6xmd12nMrfRMESD+s=,0lCB3iWDIkJNS7RxcIgvJJq/L4k=
92,12,zEspOkbCOx6xmd12nMrfRMESD+s=,VECME/RY2HxjAqbaCvMVD6GBSz0=
93,11,zEspOkbCOx6xmd12nMrfRMESD+s=,zJsoOqfxI0eINtuAT1ZLmSIE4AY=
94,11,zEspOkbCOx6xmd12nMrfRMESD+s=,GqPAOxx87Lri3ldgXjuEwrrswRI=
93,12,zEspOkbCOx6xmd12nMrfRMESD+s=,VECME/RY2HxjAqbaCvMVD6GBSz0=
94,12,zEspOkbCOx6xmd12nMrfRMESD+s=,lvzxQuwNw+VGDOBA9vGzmWZHun0=
92,13,zEspOkbCOx6xmd12nMrfRMESD+s=,VECME/RY2HxjAqbaCvMVD6GBSz0=
91,14,zEspOkbCOx6xmd12nMrfRMESD+s=,WBkb+TnIfmizucyfSqHPWK/Qf+U=
91,13,zEspOkbCOx6xmd12nMrfRMESD+s=,LcWXbZa3xKa6vDi+zplEn1I9SlU=
92,14,zEspOkbCOx6xmd12nMrfRMESD+s=,S5kSTdJozpIM4LgwTv/aBXjU4fo=
93,13,xlhFpFe8/bC7yzPiBGkfZG6p4tE=,VECME/RY2HxjAqbaCvMVD6GBSz0=
93,14,xlhFpFe8/bC7yzPiBGkfZG6p4tE=,S5kSTdJozpIM4LgwTv/aBXjU4fo=
94,13,xlhFpFe8/bC7yzPiBGkfZG6p4tE=,lvzxQuwNw+VGDOBA9vGzmWZHun0=
94,14,xlhFpFe8/bC7yzPiBGkfZG6p4tE=,keXnHUG/d+3pSmSH8GnZpdoSCuo=
90,14,xlhFpFe8/bC7yzPiBGkfZG6p4tE=,WBkb+TnIfmizucyfSqHPWK/Qf+U=
90,13,xlhFpFe8/bC7yzPiBGkfZG6p4tE=,LcWXbZa3xKa6vDi+zplEn1I9SlU=
89,13,xlhFpFe8/bC7yzPiBGkfZG6p4tE=,FNhLUF/xXhlHbbH0Oo+AR1/AFpc=
89,14,xlhFpFe8/bC7yzPiBGkfZG6p4tE=,vLbYaD8kRhYe0Bu7ent0qcKxZJg=
89,9,xlhFpFe8/bC7yzPiBGkfZG6p4tE=,NoHzaJHpkejZ0HPpQ3K7+eEAZ5s=
89,12,xlhFpFe8/bC7yzPiBGkfZG6p4tE=,FNhLUF/xXhlHbbH0Oo+AR1/AFpc=
90,9,xlhFpFe8/bC7yzPiBGkfZG6p4tE=,XevvyH8BE6eDjAuHxLKlWgYcabc=
89,10,xlhFpFe8/bC7yzPiBGkfZG6p4tE=,rV6RvfBKoRvVOwzZyIh1eqFZiiM=
90,10,xlhFpFe8/bC7yzPiBGkfZG6p4tE=,0lCB3iWDIkJNS7RxcIgvJJq/L4k=
90,11,xlhFpFe8/bC7yzPiBGkfZG6p4tE=,0lCB3iWDIkJNS7RxcIgvJJq/L4k=
90,12,xlhFpFe8/bC7yzPiBGkfZG6p4tE=,LcWXbZa3xKa6vDi+zplEn1I9SlU=
89,11,xlhFpFe8/bC7yzPiBGkfZG6p4tE=,rV6RvfBKoRvVOwzZyIh1eqFZiiM=
87,9,xlhFpFe8/bC7yzPiBGkfZG6p4tE=,GH1A383yrqYn+J/Rwdnq2MV5fWI=
88,9,xlhFpFe8/bC7yzPiBGkfZG6p4tE=,NoHzaJHpkejZ0HPpQ3K7+eEAZ5s=
88,10,xlhFpFe8/bC7yzPiBGkfZG6p4tE=,rV6RvfBKoRvVOwzZyIh1eqFZiiM=
88,11,xlhFpFe8/bC7yzPiBGkfZG6p4tE=,rV6RvfBKoRvVOwzZyIh1eqFZiiM=
87,10,xlhFpFe8/bC7yzPiBGkfZG6p4tE=,MPWikm1QTKJfGt/5faWuGUEO2/c=
87,11,xlhFpFe8/bC7yzPiBGkfZG6p4tE=,MPWikm1QTKJfGt/5faWuGUEO2/c=
87,12,xlhFpFe8/bC7yzPiBGkfZG6p4tE=,eWTizNyE6GqocwamoG70kjnsX3g=
88,12,xlhFpFe8/bC7yzPiBGkfZG6p4tE=,FNhLUF/xXhlHbbH0Oo+AR1/AFpc=
88,13,xlhFpFe8/bC7yzPiBGkfZG6p4tE=,FNhLUF/xXhlHbbH0Oo+AR1/AFpc=
87,14,xlhFpFe8/bC7yzPiBGkfZG6p4tE=,QAkw+fxw12UttL+CIUDQYdlDLoo=
87,13,xlhFpFe8/bC7yzPiBGkfZG6p4tE=,eWTizNyE6GqocwamoG70kjnsX3g=
88,14,xlhFpFe8/bC7yzPiBGkfZG6p4tE=,vLbYaD8kRhYe0Bu7ent0qcKxZJg=
85,11,xlhFpFe8/bC7yzPiBGkfZG6p4tE=,up4XgOU5dqUkneb5yATwLG1d+hc=
86,11,xlhFpFe8/bC7yzPiBGkfZG6p4tE=,MPWikm1QTKJfGt/5faWuGUEO2/c=
86,12,xlhFpFe8/bC7yzPiBGkfZG6p4tE=,eWTizNyE6GqocwamoG70kjnsX3g=
86,14,xlhFpFe8/bC7yzPiBGkfZG6p4tE=,QAkw+fxw12UttL+CIUDQYdlDLoo=
85,12,xlhFpFe8/bC7yzPiBGkfZG6p4tE=,pP+7XJ6NPgUd91oWAn7j/g+ozoM=
85,13,xlhFpFe8/bC7yzPiBGkfZG6p4tE=,pP+7XJ6NPgUd91oWAn7j/g+ozoM=
86,13,xlhFpFe8/bC7yzPiBGkfZG6p4tE=,eWTizNyE6GqocwamoG70kjnsX3g=
85,14,xlhFpFe8/bC7yzPiBGkfZG6p4tE=,C6oaYwbIYDxFBrchB9rGvTvIgU4=
84,11,xlhFpFe8/bC7yzPiBGkfZG6p4tE=,up4XgOU5dqUkneb5yATwLG1d+hc=
84,12,xlhFpFe8/bC7yzPiBGkfZG6p4tE=,pP+7XJ6NPgUd91oWAn7j/g+ozoM=
83,11,xlhFpFe8/bC7yzPiBGkfZG6p4tE=,O1jGiTxEn/PKijzrqoZesFRp6zo=
83,12,xlhFpFe8/bC7yzPiBGkfZG6p4tE=,U2x/hPDjcSlTSjQM5Zx4PL06tWk=
84,13,xlhFpFe8/bC7yzPiBGkfZG6p4tE=,pP+7XJ6NPgUd91oWAn7j/g+ozoM=
84,14,xlhFpFe8/bC7yzPiBGkfZG6p4tE=,C6oaYwbIYDxFBrchB9rGvTvIgU4=
83,13,xlhFpFe8/bC7yzPiBGkfZG6p4tE=,U2x/hPDjcSlTSjQM5Zx4PL06tWk=
83,14,xlhFpFe8/bC7yzPiBGkfZG6p4tE=,d9qKtKF7WuIG92QHz3SzL4NdveM=
81,9,xlhFpFe8/bC7yzPiBGkfZG6p4tE=,WBouNbluPCIAyWvhoT+SLLkQhDw=
82,10,xlhFpFe8/bC7yzPiBGkfZG6p4tE=,O1jGiTxEn/PKijzrqoZesFRp6zo=
82,9,xlhFpFe8/bC7yzPiBGkfZG6p4tE=,2IqGCRQ4HkfPuSsJnVP7SJyg3kc=
81,11,xlhFpFe8/bC7yzPiBGkfZG6p4tE=,HpnKctWtgQkeGHEM9TfpHfSlMGY=
81,10,xlhFpFe8/bC7yzPiBGkfZG6p4tE=,HpnKctWtgQkeGHEM9TfpHfSlMGY=
81,12,xlhFpFe8/bC7yzPiBGkfZG6p4tE=,hsHYaBbdA3EXsAWHCKhXLyc6bEs=
82,11,xlhFpFe8/bC7yzPiBGkfZG6p4tE=,O1jGiTxEn/PKijzrqoZesFRp6zo=
82,12,xlhFpFe8/bC7yzPiBGkfZG6p4tE=,U2x/hPDjcSlTSjQM5Zx4PL06tWk=
80,15,xlhFpFe8/bC7yzPiBGkfZG6p4tE=,t4zfMfuGvEUboe+yjMGtBwyMUl0=
81,15,xlhFpFe8/bC7yzPiBGkfZG6p4tE=,t4zfMfuGvEUboe+yjMGtBwyMUl0=
80,14,xlhFpFe8/bC7yzPiBGkfZG6p4tE=,t4zfMfuGvEUboe+yjMGtBwyMUl0=
80,13,xlhFpFe8/bC7yzPiBGkfZG6p4tE=,hsHYaBbdA3EXsAWHCKhXLyc6bEs=
82,15,xlhFpFe8/bC7yzPiBGkfZG6p4tE=,d9qKtKF7WuIG92QHz3SzL4NdveM=
81,13,xlhFpFe8/bC7yzPiBGkfZG6p4tE=,hsHYaBbdA3EXsAWHCKhXLyc6bEs=
81,14,xlhFpFe8/bC7yzPiBGkfZG6p4tE=,t4zfMfuGvEUboe+yjMGtBwyMUl0=
82,13,xlhFpFe8/bC7yzPiBGkfZG6p4tE=,U2x/hPDjcSlTSjQM5Zx4PL06tWk=
95,5,xlhFpFe8/bC7yzPiBGkfZG6p4tE=,OV34womYWE+LBYeHE4/DjQscVMU=
82,14,xlhFpFe8/bC7yzPiBGkfZG6p4tE=,d9qKtKF7WuIG92QHz3SzL4NdveM=
95,6,xlhFpFe8/bC7yzPiBGkfZG6p4tE=,eTyAGNergjlMKk66ec68+hX5U3M=
95,10,xlhFpFe8/bC7yzPiBGkfZG6p4tE=,GqPAOxx87Lri3ldgXjuEwrrswRI=
95,3,xlhFpFe8/bC7yzPiBGkfZG6p4tE=,5MErzqz8uw6BDs5tWBjU5z2tCLU=
95,7,xlhFpFe8/bC7yzPiBGkfZG6p4tE=,eTyAGNergjlMKk66ec68+hX5U3M=
95,4,xlhFpFe8/bC7yzPiBGkfZG6p4tE=,OV34womYWE+LBYeHE4/DjQscVMU=
95,9,xlhFpFe8/bC7yzPiBGkfZG6p4tE=,ngBW2tIyDMXOccSCUbQbZUp9WbE=
95,12,xlhFpFe8/bC7yzPiBGkfZG6p4tE=,lvzxQuwNw+VGDOBA9vGzmWZHun0=
95,8,xlhFpFe8/bC7yzPiBGkfZG6p4tE=,ngBW2tIyDMXOccSCUbQbZUp9WbE=
95,11,xlhFpFe8/bC7yzPiBGkfZG6p4tE=,GqPAOxx87Lri3ldgXjuEwrrswRI=
95,2,xlhFpFe8/bC7yzPiBGkfZG6p4tE=,5MErzqz8uw6BDs5tWBjU5z2tCLU=
95,14,xlhFpFe8/bC7yzPiBGkfZG6p4tE=,keXnHUG/d+3pSmSH8GnZpdoSCuo=
95,1,xlhFpFe8/bC7yzPiBGkfZG6p4tE=,jduA4fjt1UBeAHh1XkeTFQ9qHWc=
93,15,xlhFpFe8/bC7yzPiBGkfZG6p4tE=,S5kSTdJozpIM4LgwTv/aBXjU4fo=
94,15,xlhFpFe8/bC7yzPiBGkfZG6p4tE=,keXnHUG/d+3pSmSH8GnZpdoSCuo=
95,13,xlhFpFe8/bC7yzPiBGkfZG6p4tE=,lvzxQuwNw+VGDOBA9vGzmWZHun0=
92,15,xlhFpFe8/bC7yzPiBGkfZG6p4tE=,S5kSTdJozpIM4LgwTv/aBXjU4fo=
90,15,xlhFpFe8/bC7yzPiBGkfZG6p4tE=,WBkb+TnIfmizucyfSqHPWK/Qf+U=
91,15,xlhFpFe8/bC7yzPiBGkfZG6p4tE=,WBkb+TnIfmizucyfSqHPWK/Qf+U=
89,15,xlhFpFe8/bC7yzPiBGkfZG6p4tE=,vLbYaD8kRhYe0Bu7ent0qcKxZJg=
85,15,xlhFpFe8/bC7yzPiBGkfZG6p4tE=,C6oaYwbIYDxFBrchB9rGvTvIgU4=
86,15,xlhFpFe8/bC7yzPiBGkfZG6p4tE=,QAkw+fxw12UttL+CIUDQYdlDLoo=
84,15,xlhFpFe8/bC7yzPiBGkfZG6p4tE=,C6oaYwbIYDxFBrchB9rGvTvIgU4=
87,15,xlhFpFe8/bC7yzPiBGkfZG6p4tE=,QAkw+fxw12UttL+CIUDQYdlDLoo=
83,15,xlhFpFe8/bC7yzPiBGkfZG6p4tE=,d9qKtKF7WuIG92QHz3SzL4NdveM=
88,15,xlhFpFe8/bC7yzPiBGkfZG6p4tE=,vLbYaD8kRhYe0Bu7ent0qcKxZJg=
82,5,xlhFpFe8/bC7yzPiBGkfZG6p4tE=,hz3RtolTOmf4G+7+bZOMpLtdCOo=
81,5,xlhFpFe8/bC7yzPiBGkfZG6p4tE=,Ar3oGNlo0zcAVXg8hkgbIk2r+4U=
81,6,xlhFpFe8/bC7yzPiBGkfZG6p4tE=,haHQJNnUb9e93Mvj+fYpdMt0FWU=
82,6,xlhFpFe8/bC7yzPiBGkfZG6p4tE=,aiIBR+PIhcSoDI04dPqgwD+/txA=
81,3,xlhFpFe8/bC7yzPiBGkfZG6p4tE=,25eEs22ohxw3buCxPZuOf1IvSx4=
82,3,xlhFpFe8/bC7yzPiBGkfZG6p4tE=,gR/OAnAYxVAofTLOepnFguLuYFI=
81,2,xlhFpFe8/bC7yzPiBGkfZG6p4tE=,25eEs22ohxw3buCxPZuOf1IvSx4=
81,4,xlhFpFe8/bC7yzPiBGkfZG6p4tE=,Ar3oGNlo0zcAVXg8hkgbIk2r+4U=
82,2,xlhFpFe8/bC7yzPiBGkfZG6p4tE=,gR/OAnAYxVAofTLOepnFguLuYFI=
82,4,xlhFpFe8/bC7yzPiBGkfZG6p4tE=,hz3RtolTOmf4G+7+bZOMpLtdCOo=
81,1,xlhFpFe8/bC7yzPiBGkfZG6p4tE=,i+b2+e7/HW56fGiCWgQekUMtFJk=
82,1,xlhFpFe8/bC7yzPiBGkfZG6p4tE=,uPOfpnF+0HulIHetSshC5399rRw=
92,0,AQUlMDCEjnwME9R7dHXpy+xHdkQ=,duKbnfy5UMIZJwOrO7rDr8L/+ws=
91,0,AQUlMDCEjnwME9R7dHXpy+xHdkQ=,cKGVDxSfjMPpyInI/72TiVO8K1w=
94,0,AQUlMDCEjnwME9R7dHXpy+xHdkQ=,jduA4fjt1UBeAHh1XkeTFQ9qHWc=
93,0,AQUlMDCEjnwME9R7dHXpy+xHdkQ=,duKbnfy5UMIZJwOrO7rDr8L/+ws=
95,0,AQUlMDCEjnwME9R7dHXpy+xHdkQ=,jduA4fjt1UBeAHh1XkeTFQ9qHWc=
95,15,AQUlMDCEjnwME9R7dHXpy+xHdkQ=,keXnHUG/d+3pSmSH8GnZpdoSCuo=
84,0,AQUlMDCEjnwME9R7dHXpy+xHdkQ=,DYnMtoKlBEgUC6PCBQnMgHjpigg=
83,0,AQUlMDCEjnwME9R7dHXpy+xHdkQ=,uPOfpnF+0HulIHetSshC5399rRw=
84,2,AQUlMDCEjnwME9R7dHXpy+xHdkQ=,g5A5+JrXT2fkAf9PbaSdQU7LcRI=
83,1,AQUlMDCEjnwME9R7dHXpy+xHdkQ=,uPOfpnF+0HulIHetSshC5399rRw=
83,2,AQUlMDCEjnwME9R7dHXpy+xHdkQ=,gR/OAnAYxVAofTLOepnFguLuYFI=
84,1,AQUlMDCEjnwME9R7dHXpy+xHdkQ=,DYnMtoKlBEgUC6PCBQnMgHjpigg=
85,2,AQUlMDCEjnwME9R7dHXpy+xHdkQ=,g5A5+JrXT2fkAf9PbaSdQU7LcRI=
90,0,AQUlMDCEjnwME9R7dHXpy+xHdkQ=,cKGVDxSfjMPpyInI/72TiVO8K1w=
90,1,AQUlMDCEjnwME9R7dHXpy+xHdkQ=,cKGVDxSfjMPpyInI/72TiVO8K1w=
87,0,AQUlMDCEjnwME9R7dHXpy+xHdkQ=,okkMxWVQXLhGnSk6vMluiOADHOo=
89,1,AQUlMDCEjnwME9R7dHXpy+xHdkQ=,FmtJwvoGOVhqXHF4mUHyyiy6ebM=
89,2,AQUlMDCEjnwME9R7dHXpy+xHdkQ=,GBfbprsj0UcBdFsW4rbCJUIY/nc=
88,1,AQUlMDCEjnwME9R7dHXpy+xHdkQ=,FmtJwvoGOVhqXHF4mUHyyiy6ebM=
87,2,AQUlMDCEjnwME9R7dHXpy+xHdkQ=,ba4XyOK3bd1fS4jL5goMAKqCR/E=
90,2,AQUlMDCEjnwME9R7dHXpy+xHdkQ=,H1l0b+DtnMEvRS2ozhcHki/wnDY=
86,0,AQUlMDCEjnwME9R7dHXpy+xHdkQ=,okkMxWVQXLhGnSk6vMluiOADHOo=
87,1,AQUlMDCEjnwME9R7dHXpy+xHdkQ=,okkMxWVQXLhGnSk6vMluiOADHOo=
88,0,AQUlMDCEjnwME9R7dHXpy+xHdkQ=,FmtJwvoGOVhqXHF4mUHyyiy6ebM=
88,2,AQUlMDCEjnwME9R7dHXpy+xHdkQ=,GBfbprsj0UcBdFsW4rbCJUIY/nc=
85,1,AQUlMDCEjnwME9R7dHXpy+xHdkQ=,DYnMtoKlBEgUC6PCBQnMgHjpigg=
86,1,AQUlMDCEjnwME9R7dHXpy+xHdkQ=,okkMxWVQXLhGnSk6vMluiOADHOo=
89,0,AQUlMDCEjnwME9R7dHXpy+xHdkQ=,FmtJwvoGOVhqXHF4mUHyyiy6ebM=
86,2,AQUlMDCEjnwME9R7dHXpy+xHdkQ=,ba4XyOK3bd1fS4jL5goMAKqCR/E=
85,0,AQUlMDCEjnwME9R7dHXpy+xHdkQ=,DYnMtoKlBEgUC6PCBQnMgHjpigg=
80,1,AQUlMDCEjnwME9R7dHXpy+xHdkQ=,i+b2+e7/HW56fGiCWgQekUMtFJk=
80,2,AQUlMDCEjnwME9R7dHXpy+xHdkQ=,25eEs22ohxw3buCxPZuOf1IvSx4=
80,3,AQUlMDCEjnwME9R7dHXpy+xHdkQ=,25eEs22ohxw3buCxPZuOf1IvSx4=
80,6,AQUlMDCEjnwME9R7dHXpy+xHdkQ=,haHQJNnUb9e93Mvj+fYpdMt0FWU=
80,4,AQUlMDCEjnwME9R7dHXpy+xHdkQ=,Ar3oGNlo0zcAVXg8hkgbIk2r+4U=
80,5,AQUlMDCEjnwME9R7dHXpy+xHdkQ=,Ar3oGNlo0zcAVXg8hkgbIk2r+4U=
80,7,AQUlMDCEjnwME9R7dHXpy+xHdkQ=,haHQJNnUb9e93Mvj+fYpdMt0FWU=
80,9,AQUlMDCEjnwME9R7dHXpy+xHdkQ=,WBouNbluPCIAyWvhoT+SLLkQhDw=
80,8,AQUlMDCEjnwME9R7dHXpy+xHdkQ=,WBouNbluPCIAyWvhoT+SLLkQhDw=
80,10,AQUlMDCEjnwME9R7dHXpy+xHdkQ=,HpnKctWtgQkeGHEM9TfpHfSlMGY=
82,0,AQUlMDCEjnwME9R7dHXpy+xHdkQ=,uPOfpnF+0HulIHetSshC5399rRw=
80,0,AQUlMDCEjnwME9R7dHXpy+xHdkQ=,i+b2+e7/HW56fGiCWgQekUMtFJk=
81,0,AQUlMDCEjnwME9R7dHXpy+xHdkQ=,i+b2+e7/HW56fGiCWgQekUMtFJk=
80,11,AQUlMDCEjnwME9R7dHXpy+xHdkQ=,HpnKctWtgQkeGHEM9TfpHfSlMGY=
80,12,AQUlMDCEjnwME9R7dHXpy+xHdkQ=,hsHYaBbdA3EXsAWHCKhXLyc6bEs=
86,7,AQUlMDCEjnwME9R7dHXpy+xHdkQ=,wpQ3XvZSjVEoqY/FXTN/p7fbNEY=
84,10,AQUlMDCEjnwME9R7dHXpy+xHdkQ=,up4XgOU5dqUkneb5yATwLG1d+hc=
83,7,AQUlMDCEjnwME9R7dHXpy+xHdkQ=,aiIBR+PIhcSoDI04dPqgwD+/txA=
83,10,AQUlMDCEjnwME9R7dHXpy+xHdkQ=,O1jGiTxEn/PKijzrqoZesFRp6zo=
84,9,AQUlMDCEjnwME9R7dHXpy+xHdkQ=,13YMWrbDmcGe+YhVcStccVaNoVY=
83,8,AQUlMDCEjnwME9R7dHXpy+xHdkQ=,2IqGCRQ4HkfPuSsJnVP7SJyg3kc=
83,9,AQUlMDCEjnwME9R7dHXpy+xHdkQ=,2IqGCRQ4HkfPuSsJnVP7SJyg3kc=
85,9,AQUlMDCEjnwME9R7dHXpy+xHdkQ=,13YMWrbDmcGe+YhVcStccVaNoVY=
86,10,AQUlMDCEjnwME9R7dHXpy+xHdkQ=,MPWikm1QTKJfGt/5faWuGUEO2/c=
86,8,AQUlMDCEjnwME9R7dHXpy+xHdkQ=,GH1A383yrqYn+J/Rwdnq2MV5fWI=
84,7,AQUlMDCEjnwME9R7dHXpy+xHdkQ=,qKU7m7tyNVyWjiGRln26uffH5c4=
84,8,AQUlMDCEjnwME9R7dHXpy+xHdkQ=,13YMWrbDmcGe+YhVcStccVaNoVY=
85,7,AQUlMDCEjnwME9R7dHXpy+xHdkQ=,qKU7m7tyNVyWjiGRln26uffH5c4=
86,9,AQUlMDCEjnwME9R7dHXpy+xHdkQ=,GH1A383yrqYn+J/Rwdnq2MV5fWI=
85,10,AQUlMDCEjnwME9R7dHXpy+xHdkQ=,up4XgOU5dqUkneb5yATwLG1d+hc=
85,8,AQUlMDCEjnwME9R7dHXpy+xHdkQ=,13YMWrbDmcGe+YhVcStccVaNoVY=
