209,-66,JwU0hDpFvYetcAau8Lks0s+CkMI=,aS3WHZa5lCb052+lqGkQQcmTg3M=
210,-66,JwU0hDpFvYetcAau8Lks0s+CkMI=,rba9H67VeqezS58nItloycv7YTQ=
209,-67,JwU0hDpFvYetcAau8Lks0s+CkMI=,uQxIoK23oYfwhwgCd/tbsBQyFSM=
210,-67,JwU0hDpFvYetcAau8Lks0s+CkMI=,kNDcthHFZEMvT+OGnr/zZbcuMHo=
210,-68,RRK7OZ8DOTLV+GBNV/91+To0avY=,kNDcthHFZEMvT+OGnr/zZbcuMHo=
209,-68,RRK7OZ8DOTLV+GBNV/91+To0avY=,uQxIoK23oYfwhwgCd/tbsBQyFSM=
210,-69,RRK7OZ8DOTLV+GBNV/91+To0avY=,0AbpTAv6yRIS3J+uQpQ0DuAxtpA=
209,-69,RRK7OZ8DOTLV+GBNV/91+To0avY=,WVY6d4eU8Ttf6pZrfyNhoyiw6X0=
210,-71,RRK7OZ8DOTLV+GBNV/91+To0avY=,BcjuF83Br0eWACprkex06VMzRM0=
209,-70,RRK7OZ8DOTLV+GBNV/91+To0avY=,WVY6d4eU8Ttf6pZrfyNhoyiw6X0=
210,-70,RRK7OZ8DOTLV+GBNV/91+To0avY=,0AbpTAv6yRIS3J+uQpQ0DuAxtpA=
209,-71,RRK7OZ8DOTLV+GBNV/91+To0avY=,nEE2zTtY91c6Z1anPcHZ0A75/D8=
209,-72,RRK7OZ8DOTLV+GBNV/91+To0avY=,nEE2zTtY91c6Z1anPcHZ0A75/D8=
210,-72,RRK7OZ8DOTLV+GBNV/91+To0avY=,BcjuF83Br0eWACprkex06VMzRM0=
210,-73,RRK7OZ8DOTLV+GBNV/91+To0avY=,lRhsJPAZ5+cAiU9QMRvhYVLNAsY=
209,-73,RRK7OZ8DOTLV+GBNV/91+To0avY=,c1n1LxoKj4AF5XjCyvTDo7YnZwA=
212,-74,RRK7OZ8DOTLV+GBNV/91+To0avY=,bk+zJA5gMrHx8WxbW7+2N2yWm9s=
212,-75,RRK7OZ8DOTLV+GBNV/91+To0avY=,12nnEvWtKvhKSC0ySqhgsrQIHgQ=
211,-74,RRK7OZ8DOTLV+GBNV/91+To0avY=,lRhsJPAZ5+cAiU9QMRvhYVLNAsY=
211,-75,RRK7OZ8DOTLV+GBNV/91+To0avY=,Yi5WvevgCHGB2/YgZ0xomuG9Sfs=
209,-75,RRK7OZ8DOTLV+GBNV/91+To0avY=,lsM1MsJm6iFE39Kui/K+BTfjC60=
210,-75,RRK7OZ8DOTLV+GBNV/91+To0avY=,Yi5WvevgCHGB2/YgZ0xomuG9Sfs=
209,-74,RRK7OZ8DOTLV+GBNV/91+To0avY=,c1n1LxoKj4AF5XjCyvTDo7YnZwA=
213,-74,RRK7OZ8DOTLV+GBNV/91+To0avY=,bk+zJA5gMrHx8WxbW7+2N2yWm9s=
210,-74,RRK7OZ8DOTLV+GBNV/91+To0avY=,lRhsJPAZ5+cAiU9QMRvhYVLNAsY=
213,-75,RRK7OZ8DOTLV+GBNV/91+To0avY=,12nnEvWtKvhKSC0ySqhgsrQIHgQ=
214,-75,RRK7OZ8DOTLV+GBNV/91+To0avY=,jaSh2skIlNUUWiwJ8/IdU+KJ+XQ=
214,-74,RRK7OZ8DOTLV+GBNV/91+To0avY=,TOiUSLdIWYiHgAFgZsTqvoKkXm4=
213,-77,RRK7OZ8DOTLV+GBNV/91+To0avY=,ukoqXCAlx4kBeoQ+WgMLTaiW7OM=
213,-76,RRK7OZ8DOTLV+GBNV/91+To0avY=,12nnEvWtKvhKSC0ySqhgsrQIHgQ=
214,-76,RRK7OZ8DOTLV+GBNV/91+To0avY=,jaSh2skIlNUUWiwJ8/IdU+KJ+XQ=
214,-77,RRK7OZ8DOTLV+GBNV/91+To0avY=,2uIaYXqesuVfP41oq6DcU+lONgw=
215,-76,RRK7OZ8DOTLV+GBNV/91+To0avY=,jaSh2skIlNUUWiwJ8/IdU+KJ+XQ=
215,-77,RRK7OZ8DOTLV+GBNV/91+To0avY=,2uIaYXqesuVfP41oq6DcU+lONgw=
216,-77,RRK7OZ8DOTLV+GBNV/91+To0avY=,nXGv/ZboUyOlvIingdLxwBU2Zqk=
216,-76,RRK7OZ8DOTLV+GBNV/91+To0avY=,X9xNJQuhlCWKcuwCwUYS4/Oztyg=
216,-74,7W3uXpuDTx3/147qJR/YpQBwEhQ=,JbWoIfeDXhnqrPHyqhjkNjTt+zA=
216,-75,7W3uXpuDTx3/147qJR/YpQBwEhQ=,X9xNJQuhlCWKcuwCwUYS4/Oztyg=
215,-75,7W3uXpuDTx3/147qJR/YpQBwEhQ=,jaSh2skIlNUUWiwJ8/IdU+KJ+XQ=
215,-74,7W3uXpuDTx3/147qJR/YpQBwEhQ=,TOiUSLdIWYiHgAFgZsTqvoKkXm4=
216,-72,7W3uXpuDTx3/147qJR/YpQBwEhQ=,NIOS7x2IUbROPnsTJLnL4K8QuFo=
215,-72,7W3uXpuDTx3/147qJR/YpQBwEhQ=,+pmwuyjIE+axMpOApupAstRkkmU=
216,-73,7W3uXpuDTx3/147qJR/YpQBwEhQ=,JbWoIfeDXhnqrPHyqhjkNjTt+zA=
215,-73,7W3uXpuDTx3/147qJR/YpQBwEhQ=,TOiUSLdIWYiHgAFgZsTqvoKkXm4=
215,-70,7W3uXpuDTx3/147qJR/YpQBwEhQ=,gHQxdSt2LpJ4jTyGGNkDZ0GJwms=
216,-70,7W3uXpuDTx3/147qJR/YpQBwEhQ=,8DrRTtk0cXKSQhyMB+kPn+A0CNs=
216,-71,7W3uXpuDTx3/147qJR/YpQBwEhQ=,NIOS7x2IUbROPnsTJLnL4K8QuFo=
215,-71,7W3uXpuDTx3/147qJR/YpQBwEhQ=,+pmwuyjIE+axMpOApupAstRkkmU=
214,-72,7W3uXpuDTx3/147qJR/YpQBwEhQ=,+pmwuyjIE+axMpOApupAstRkkmU=
214,-73,7W3uXpuDTx3/147qJR/YpQBwEhQ=,TOiUSLdIWYiHgAFgZsTqvoKkXm4=
213,-72,7W3uXpuDTx3/147qJR/YpQBwEhQ=,jq/i2n7oZEc9LDiVsZ75qHzdGaU=
213,-73,7W3uXpuDTx3/147qJR/YpQBwEhQ=,bk+zJA5gMrHx8WxbW7+2N2yWm9s=
211,-72,7W3uXpuDTx3/147qJR/YpQBwEhQ=,BcjuF83Br0eWACprkex06VMzRM0=
212,-73,7W3uXpuDTx3/147qJR/YpQBwEhQ=,bk+zJA5gMrHx8WxbW7+2N2yWm9s=
211,-73,7W3uXpuDTx3/147qJR/YpQBwEhQ=,lRhsJPAZ5+cAiU9QMRvhYVLNAsY=
212,-70,7W3uXpuDTx3/147qJR/YpQBwEhQ=,6c/43GZIEaRupt01SZw6OI03Bao=
213,-70,7W3uXpuDTx3/147qJR/YpQBwEhQ=,6c/43GZIEaRupt01SZw6OI03Bao=
212,-72,7W3uXpuDTx3/147qJR/YpQBwEhQ=,jq/i2n7oZEc9LDiVsZ75qHzdGaU=
214,-70,7W3uXpuDTx3/147qJR/YpQBwEhQ=,gHQxdSt2LpJ4jTyGGNkDZ0GJwms=
214,-71,7W3uXpuDTx3/147qJR/YpQBwEhQ=,+pmwuyjIE+axMpOApupAstRkkmU=
213,-71,7W3uXpuDTx3/147qJR/YpQBwEhQ=,jq/i2n7oZEc9LDiVsZ75qHzdGaU=
212,-71,7W3uXpuDTx3/147qJR/YpQBwEhQ=,jq/i2n7oZEc9LDiVsZ75qHzdGaU=
211,-70,7W3uXpuDTx3/147qJR/YpQBwEhQ=,0AbpTAv6yRIS3J+uQpQ0DuAxtpA=
211,-71,7W3uXpuDTx3/147qJR/YpQBwEhQ=,BcjuF83Br0eWACprkex06VMzRM0=
216,-69,7W3uXpuDTx3/147qJR/YpQBwEhQ=,8DrRTtk0cXKSQhyMB+kPn+A0CNs=
215,-69,7W3uXpuDTx3/147qJR/YpQBwEhQ=,gHQxdSt2LpJ4jTyGGNkDZ0GJwms=
216,-68,7W3uXpuDTx3/147qJR/YpQBwEhQ=,FsDzAparLjSA+XtdGh+PLbN1WcQ=
215,-68,7W3uXpuDTx3/147qJR/YpQBwEhQ=,iwDOJ6Wze/Pxv1iJ/++9I0ZpmUg=
213,-69,7W3uXpuDTx3/147qJR/YpQBwEhQ=,6c/43GZIEaRupt01SZw6OI03Bao=
214,-69,7W3uXpuDTx3/147qJR/YpQBwEhQ=,gHQxdSt2LpJ4jTyGGNkDZ0GJwms=
214,-68,7W3uXpuDTx3/147qJR/YpQBwEhQ=,iwDOJ6Wze/Pxv1iJ/++9I0ZpmUg=
211,-69,7W3uXpuDTx3/147qJR/YpQBwEhQ=,0AbpTAv6yRIS3J+uQpQ0DuAxtpA=
212,-69,7W3uXpuDTx3/147qJR/YpQBwEhQ=,6c/43GZIEaRupt01SZw6OI03Bao=
211,-68,7W3uXpuDTx3/147qJR/YpQBwEhQ=,kNDcthHFZEMvT+OGnr/zZbcuMHo=
213,-68,7W3uXpuDTx3/147qJR/YpQBwEhQ=,dWg1lwcMB4Sj1D4WYvDqfmFlYOE=
212,-68,7W3uXpuDTx3/147qJR/YpQBwEhQ=,dWg1lwcMB4Sj1D4WYvDqfmFlYOE=
220,-66,7W3uXpuDTx3/147qJR/YpQBwEhQ=,9vT+vCV84a1i2ywNqtpDKpebSgo=
219,-67,7W3uXpuDTx3/147qJR/YpQBwEhQ=,QlWepBpjmqEcCmknv8F3QQVz4/Q=
219,-66,7W3uXpuDTx3/147qJR/YpQBwEhQ=,KU9Duay3s/UsIuzA/uqdNjS5NUE=
220,-67,7W3uXpuDTx3/147qJR/YpQBwEhQ=,F+9N2e5z2iRZyxltXuDxdKM3nJs=
222,-68,7W3uXpuDTx3/147qJR/YpQBwEhQ=,UzfoCi4BH0gvQb0JwuX/F9kusI0=
221,-69,7W3uXpuDTx3/147qJR/YpQBwEhQ=,zKOqxnngL0w3Qv7sC+jZQapgdfc=
221,-68,7W3uXpuDTx3/147qJR/YpQBwEhQ=,F+9N2e5z2iRZyxltXuDxdKM3nJs=
222,-69,7W3uXpuDTx3/147qJR/YpQBwEhQ=,BBPiaVKj3fxE/XILoTROu36pDnw=
221,-70,7W3uXpuDTx3/147qJR/YpQBwEhQ=,zKOqxnngL0w3Qv7sC+jZQapgdfc=
222,-70,7W3uXpuDTx3/147qJR/YpQBwEhQ=,BBPiaVKj3fxE/XILoTROu36pDnw=
221,-71,7W3uXpuDTx3/147qJR/YpQBwEhQ=,eLiW9B0TInNQaIm0Y0vJM8NtAMo=
222,-71,7W3uXpuDTx3/147qJR/YpQBwEhQ=,EoUTY2ck8SS7UM7svGou62KT/m8=
218,-72,Mj9P3Gm0TrIbGESkkeMnEvA9T3Y=,a5fvI3LRStwUH++/gpqOtSmlCfk=
217,-73,Mj9P3Gm0TrIbGESkkeMnEvA9T3Y=,JbWoIfeDXhnqrPHyqhjkNjTt+zA=
217,-72,Mj9P3Gm0TrIbGESkkeMnEvA9T3Y=,NIOS7x2IUbROPnsTJLnL4K8QuFo=
221,-72,Mj9P3Gm0TrIbGESkkeMnEvA9T3Y=,eLiW9B0TInNQaIm0Y0vJM8NtAMo=
220,-73,Mj9P3Gm0TrIbGESkkeMnEvA9T3Y=,QqNDrCgWhP7eW4RZT6M3YFW4Og8=
218,-73,Mj9P3Gm0TrIbGESkkeMnEvA9T3Y=,Uj9RJbrf69BgfigzUfaVnDJs2K0=
220,-72,Mj9P3Gm0TrIbGESkkeMnEvA9T3Y=,eLiW9B0TInNQaIm0Y0vJM8NtAMo=
219,-73,Mj9P3Gm0TrIbGESkkeMnEvA9T3Y=,Uj9RJbrf69BgfigzUfaVnDJs2K0=
219,-72,Mj9P3Gm0TrIbGESkkeMnEvA9T3Y=,a5fvI3LRStwUH++/gpqOtSmlCfk=
221,-73,Mj9P3Gm0TrIbGESkkeMnEvA9T3Y=,QqNDrCgWhP7eW4RZT6M3YFW4Og8=
222,-72,Mj9P3Gm0TrIbGESkkeMnEvA9T3Y=,EoUTY2ck8SS7UM7svGou62KT/m8=
222,-73,Mj9P3Gm0TrIbGESkkeMnEvA9T3Y=,jrJjuz11xUXYsurqajLh1BWV4WQ=
217,-74,Mj9P3Gm0TrIbGESkkeMnEvA9T3Y=,JbWoIfeDXhnqrPHyqhjkNjTt+zA=
218,-75,Mj9P3Gm0TrIbGESkkeMnEvA9T3Y=,Dc3zhzvRjRO2Mt6ejmdCGSfiqPE=
218,-74,Mj9P3Gm0TrIbGESkkeMnEvA9T3Y=,Uj9RJbrf69BgfigzUfaVnDJs2K0=
217,-75,Mj9P3Gm0TrIbGESkkeMnEvA9T3Y=,X9xNJQuhlCWKcuwCwUYS4/Oztyg=
219,-75,Mj9P3Gm0TrIbGESkkeMnEvA9T3Y=,Dc3zhzvRjRO2Mt6ejmdCGSfiqPE=
219,-74,Mj9P3Gm0TrIbGESkkeMnEvA9T3Y=,Uj9RJbrf69BgfigzUfaVnDJs2K0=
220,-74,Mj9P3Gm0TrIbGESkkeMnEvA9T3Y=,QqNDrCgWhP7eW4RZT6M3YFW4Og8=
220,-75,Mj9P3Gm0TrIbGESkkeMnEvA9T3Y=,D/QUfq+jNvRwao9zT/icK8bACIM=
219,-76,Mj9P3Gm0TrIbGESkkeMnEvA9T3Y=,Dc3zhzvRjRO2Mt6ejmdCGSfiqPE=
220,-77,Mj9P3Gm0TrIbGESkkeMnEvA9T3Y=,LxTObABND6N4zKUrjrLP5cBJBV0=
220,-76,Mj9P3Gm0TrIbGESkkeMnEvA9T3Y=,D/QUfq+jNvRwao9zT/icK8bACIM=
218,-76,Mj9P3Gm0TrIbGESkkeMnEvA9T3Y=,Dc3zhzvRjRO2Mt6ejmdCGSfiqPE=
219,-77,Mj9P3Gm0TrIbGESkkeMnEvA9T3Y=,FyFYgs9Fa0vs//ICLU/CoxsmUm8=
218,-77,Mj9P3Gm0TrIbGESkkeMnEvA9T3Y=,FyFYgs9Fa0vs//ICLU/CoxsmUm8=
217,-77,Mj9P3Gm0TrIbGESkkeMnEvA9T3Y=,nXGv/ZboUyOlvIingdLxwBU2Zqk=
217,-76,Mj9P3Gm0TrIbGESkkeMnEvA9T3Y=,X9xNJQuhlCWKcuwCwUYS4/Oztyg=
219,-78,Mj9P3Gm0TrIbGESkkeMnEvA9T3Y=,FyFYgs9Fa0vs//ICLU/CoxsmUm8=
220,-78,Mj9P3Gm0TrIbGESkkeMnEvA9T3Y=,LxTObABND6N4zKUrjrLP5cBJBV0=
220,-79,Mj9P3Gm0TrIbGESkkeMnEvA9T3Y=,xrQOKBtfCd54mt0ij7atPZLHr5I=
218,-78,Mj9P3Gm0TrIbGESkkeMnEvA9T3Y=,FyFYgs9Fa0vs//ICLU/CoxsmUm8=
219,-79,Mj9P3Gm0TrIbGESkkeMnEvA9T3Y=,YgLGb2FzHBQJfAM4sip5U+20HkU=
218,-79,Mj9P3Gm0TrIbGESkkeMnEvA9T3Y=,YgLGb2FzHBQJfAM4sip5U+20HkU=
217,-78,Mj9P3Gm0TrIbGESkkeMnEvA9T3Y=,nXGv/ZboUyOlvIingdLxwBU2Zqk=
217,-79,Mj9P3Gm0TrIbGESkkeMnEvA9T3Y=,nlUKWOsks1G24zrIBG+AIu3O2l0=
215,-79,Mj9P3Gm0TrIbGESkkeMnEvA9T3Y=,S3lLturTa4gv/xq1hW40l47v72M=
215,-78,Mj9P3Gm0TrIbGESkkeMnEvA9T3Y=,2uIaYXqesuVfP41oq6DcU+lONgw=
216,-78,Mj9P3Gm0TrIbGESkkeMnEvA9T3Y=,nXGv/ZboUyOlvIingdLxwBU2Zqk=
216,-79,Mj9P3Gm0TrIbGESkkeMnEvA9T3Y=,nlUKWOsks1G24zrIBG+AIu3O2l0=
221,-78,Mj9P3Gm0TrIbGESkkeMnEvA9T3Y=,LxTObABND6N4zKUrjrLP5cBJBV0=
222,-78,Mj9P3Gm0TrIbGESkkeMnEvA9T3Y=,E01tH54r/APg+YUisGglF/OHuCU=
222,-79,Mj9P3Gm0TrIbGESkkeMnEvA9T3Y=,SJXXV4Pt1vXzsj5IhkNgbpUNfOs=
221,-79,Mj9P3Gm0TrIbGESkkeMnEvA9T3Y=,xrQOKBtfCd54mt0ij7atPZLHr5I=
213,-78,Mj9P3Gm0TrIbGESkkeMnEvA9T3Y=,ukoqXCAlx4kBeoQ+WgMLTaiW7OM=
214,-78,Mj9P3Gm0TrIbGESkkeMnEvA9T3Y=,2uIaYXqesuVfP41oq6DcU+lONgw=
214,-79,Mj9P3Gm0TrIbGESkkeMnEvA9T3Y=,S3lLturTa4gv/xq1hW40l47v72M=
213,-79,Mj9P3Gm0TrIbGESkkeMnEvA9T3Y=,gnr2Q+5JWxtVpfzqezFTR5ofPkk=
221,-77,Mj9P3Gm0TrIbGESkkeMnEvA9T3Y=,LxTObABND6N4zKUrjrLP5cBJBV0=
222,-77,Mj9P3Gm0TrIbGESkkeMnEvA9T3Y=,E01tH54r/APg+YUisGglF/OHuCU=
222,-75,Mj9P3Gm0TrIbGESkkeMnEvA9T3Y=,5pFAJe8bHY/jGe0UUs/zDLKnvPw=
222,-76,Mj9P3Gm0TrIbGESkkeMnEvA9T3Y=,5pFAJe8bHY/jGe0UUs/zDLKnvPw=
221,-75,Mj9P3Gm0TrIbGESkkeMnEvA9T3Y=,D/QUfq+jNvRwao9zT/icK8bACIM=
221,-76,Mj9P3Gm0TrIbGESkkeMnEvA9T3Y=,D/QUfq+jNvRwao9zT/icK8bACIM=
221,-74,Mj9P3Gm0TrIbGESkkeMnEvA9T3Y=,QqNDrCgWhP7eW4RZT6M3YFW4Og8=
222,-74,Mj9P3Gm0TrIbGESkkeMnEvA9T3Y=,jrJjuz11xUXYsurqajLh1BWV4WQ=
208,-74,Mj9P3Gm0TrIbGESkkeMnEvA9T3Y=,c1n1LxoKj4AF5XjCyvTDo7YnZwA=
208,-75,Mj9P3Gm0TrIbGESkkeMnEvA9T3Y=,lsM1MsJm6iFE39Kui/K+BTfjC60=
208,-73,Mj9P3Gm0TrIbGESkkeMnEvA9T3Y=,c1n1LxoKj4AF5XjCyvTDo7YnZwA=
208,-72,Mj9P3Gm0TrIbGESkkeMnEvA9T3Y=,nEE2zTtY91c6Z1anPcHZ0A75/D8=
208,-71,Mj9P3Gm0TrIbGESkkeMnEvA9T3Y=,nEE2zTtY91c6Z1anPcHZ0A75/D8=
208,-70,Mj9P3Gm0TrIbGESkkeMnEvA9T3Y=,WVY6d4eU8Ttf6pZrfyNhoyiw6X0=
208,-69,Mj9P3Gm0TrIbGESkkeMnEvA9T3Y=,WVY6d4eU8Ttf6pZrfyNhoyiw6X0=
208,-68,Mj9P3Gm0TrIbGESkkeMnEvA9T3Y=,uQxIoK23oYfwhwgCd/tbsBQyFSM=
208,-66,Mj9P3Gm0TrIbGESkkeMnEvA9T3Y=,aS3WHZa5lCb052+lqGkQQcmTg3M=
208,-67,Mj9P3Gm0TrIbGESkkeMnEvA9T3Y=,uQxIoK23oYfwhwgCd/tbsBQyFSM=
212,-80,Mj9P3Gm0TrIbGESkkeMnEvA9T3Y=,gnr2Q+5JWxtVpfzqezFTR5ofPkk=
211,-80,Mj9P3Gm0TrIbGESkkeMnEvA9T3Y=,NJCFC/94T6WLicjJbwkXhy6djzY=
213,-80,Mj9P3Gm0TrIbGESkkeMnEvA9T3Y=,gnr2Q+5JWxtVpfzqezFTR5ofPkk=
214,-80,Mj9P3Gm0TrIbGESkkeMnEvA9T3Y=,S3lLturTa4gv/xq1hW40l47v72M=
215,-80,Mj9P3Gm0TrIbGESkkeMnEvA9T3Y=,S3lLturTa4gv/xq1hW40l47v72M=
216,-80,Mj9P3Gm0TrIbGESkkeMnEvA9T3Y=,nlUKWOsks1G24zrIBG+AIu3O2l0=
217,-80,Mj9P3Gm0TrIbGESkkeMnEvA9T3Y=,nlUKWOsks1G24zrIBG+AIu3O2l0=
218,-80,Mj9P3Gm0TrIbGESkkeMnEvA9T3Y=,YgLGb2FzHBQJfAM4sip5U+20HkU=
220,-80,Mj9P3Gm0TrIbGESkkeMnEvA9T3Y=,xrQOKBtfCd54mt0ij7atPZLHr5I=
219,-80,Mj9P3Gm0TrIbGESkkeMnEvA9T3Y=,YgLGb2FzHBQJfAM4sip5U+20HkU=
222,-80,Mj9P3Gm0TrIbGESkkeMnEvA9T3Y=,SJXXV4Pt1vXzsj5IhkNgbpUNfOs=
221,-80,Mj9P3Gm0TrIbGESkkeMnEvA9T3Y=,xrQOKBtfCd54mt0ij7atPZLHr5I=
223,-79,Mj9P3Gm0TrIbGESkkeMnEvA9T3Y=,SJXXV4Pt1vXzsj5IhkNgbpUNfOs=
223,-76,Mj9P3Gm0TrIbGESkkeMnEvA9T3Y=,5pFAJe8bHY/jGe0UUs/zDLKnvPw=
223,-77,Mj9P3Gm0TrIbGESkkeMnEvA9T3Y=,E01tH54r/APg+YUisGglF/OHuCU=
223,-78,Mj9P3Gm0TrIbGESkkeMnEvA9T3Y=,E01tH54r/APg+YUisGglF/OHuCU=
210,-65,Mj9P3Gm0TrIbGESkkeMnEvA9T3Y=,rba9H67VeqezS58nItloycv7YTQ=
209,-65,Mj9P3Gm0TrIbGESkkeMnEvA9T3Y=,aS3WHZa5lCb052+lqGkQQcmTg3M=
212,-79,cpgdHpoVFscI0baTO6LHYmAIQxg=,gnr2Q+5JWxtVpfzqezFTR5ofPkk=
211,-76,cpgdHpoVFscI0baTO6LHYmAIQxg=,Yi5WvevgCHGB2/YgZ0xomuG9Sfs=
211,-77,cpgdHpoVFscI0baTO6LHYmAIQxg=,3gPuDJtNnmUa1/uPRQ6O7gVIcbg=
211,-79,cpgdHpoVFscI0baTO6LHYmAIQxg=,NJCFC/94T6WLicjJbwkXhy6djzY=
212,-76,cpgdHpoVFscI0baTO6LHYmAIQxg=,12nnEvWtKvhKSC0ySqhgsrQIHgQ=
212,-78,cpgdHpoVFscI0baTO6LHYmAIQxg=,ukoqXCAlx4kBeoQ+WgMLTaiW7OM=
211,-78,cpgdHpoVFscI0baTO6LHYmAIQxg=,3gPuDJtNnmUa1/uPRQ6O7gVIcbg=
208,-76,cpgdHpoVFscI0baTO6LHYmAIQxg=,lsM1MsJm6iFE39Kui/K+BTfjC60=
209,-77,cpgdHpoVFscI0baTO6LHYmAIQxg=,0+rS/I6kCd4zaFLpFJoN9sDcyTc=
210,-77,cpgdHpoVFscI0baTO6LHYmAIQxg=,3gPuDJtNnmUa1/uPRQ6O7gVIcbg=
210,-76,cpgdHpoVFscI0baTO6LHYmAIQxg=,Yi5WvevgCHGB2/YgZ0xomuG9Sfs=
212,-77,cpgdHpoVFscI0baTO6LHYmAIQxg=,ukoqXCAlx4kBeoQ+WgMLTaiW7OM=
210,-80,cpgdHpoVFscI0baTO6LHYmAIQxg=,NJCFC/94T6WLicjJbwkXhy6djzY=
208,-77,cpgdHpoVFscI0baTO6LHYmAIQxg=,0+rS/I6kCd4zaFLpFJoN9sDcyTc=
209,-80,cpgdHpoVFscI0baTO6LHYmAIQxg=,e2zIKhPnzdKxGMmZftJaIVbtepY=
209,-79,cpgdHpoVFscI0baTO6LHYmAIQxg=,e2zIKhPnzdKxGMmZftJaIVbtepY=
208,-79,cpgdHpoVFscI0baTO6LHYmAIQxg=,e2zIKhPnzdKxGMmZftJaIVbtepY=
209,-76,cpgdHpoVFscI0baTO6LHYmAIQxg=,lsM1MsJm6iFE39Kui/K+BTfjC60=
208,-78,cpgdHpoVFscI0baTO6LHYmAIQxg=,0+rS/I6kCd4zaFLpFJoN9sDcyTc=
210,-78,cpgdHpoVFscI0baTO6LHYmAIQxg=,3gPuDJtNnmUa1/uPRQ6O7gVIcbg=
208,-80,cpgdHpoVFscI0baTO6LHYmAIQxg=,e2zIKhPnzdKxGMmZftJaIVbtepY=
210,-79,cpgdHpoVFscI0baTO6LHYmAIQxg=,NJCFC/94T6WLicjJbwkXhy6djzY=
209,-78,cpgdHpoVFscI0baTO6LHYmAIQxg=,0+rS/I6kCd4zaFLpFJoN9sDcyTc=
219,-65,cpgdHpoVFscI0baTO6LHYmAIQxg=,KU9Duay3s/UsIuzA/uqdNjS5NUE=
220,-65,cpgdHpoVFscI0baTO6LHYmAIQxg=,9vT+vCV84a1i2ywNqtpDKpebSgo=
212,-66,cpgdHpoVFscI0baTO6LHYmAIQxg=,BhBC1iUAHzG3/vow2fhcYtbaDZI=
211,-65,cpgdHpoVFscI0baTO6LHYmAIQxg=,rba9H67VeqezS58nItloycv7YTQ=
211,-67,cpgdHpoVFscI0baTO6LHYmAIQxg=,kNDcthHFZEMvT+OGnr/zZbcuMHo=
212,-65,cpgdHpoVFscI0baTO6LHYmAIQxg=,BhBC1iUAHzG3/vow2fhcYtbaDZI=
212,-67,cpgdHpoVFscI0baTO6LHYmAIQxg=,dWg1lwcMB4Sj1D4WYvDqfmFlYOE=
211,-66,cpgdHpoVFscI0baTO6LHYmAIQxg=,rba9H67VeqezS58nItloycv7YTQ=
223,-69,cpgdHpoVFscI0baTO6LHYmAIQxg=,BBPiaVKj3fxE/XILoTROu36pDnw=
223,-68,cpgdHpoVFscI0baTO6LHYmAIQxg=,UzfoCi4BH0gvQb0JwuX/F9kusI0=
223,-71,cpgdHpoVFscI0baTO6LHYmAIQxg=,EoUTY2ck8SS7UM7svGou62KT/m8=
223,-70,cpgdHpoVFscI0baTO6LHYmAIQxg=,BBPiaVKj3fxE/XILoTROu36pDnw=
223,-75,cpgdHpoVFscI0baTO6LHYmAIQxg=,5pFAJe8bHY/jGe0UUs/zDLKnvPw=
223,-72,cpgdHpoVFscI0baTO6LHYmAIQxg=,EoUTY2ck8SS7UM7svGou62KT/m8=
223,-74,cpgdHpoVFscI0baTO6LHYmAIQxg=,jrJjuz11xUXYsurqajLh1BWV4WQ=
223,-73,cpgdHpoVFscI0baTO6LHYmAIQxg=,jrJjuz11xUXYsurqajLh1BWV4WQ=
213,-65,cpgdHpoVFscI0baTO6LHYmAIQxg=,BhBC1iUAHzG3/vow2fhcYtbaDZI=
213,-67,cpgdHpoVFscI0baTO6LHYmAIQxg=,dWg1lwcMB4Sj1D4WYvDqfmFlYOE=
214,-67,cpgdHpoVFscI0baTO6LHYmAIQxg=,iwDOJ6Wze/Pxv1iJ/++9I0ZpmUg=
213,-66,cpgdHpoVFscI0baTO6LHYmAIQxg=,BhBC1iUAHzG3/vow2fhcYtbaDZI=
214,-66,cpgdHpoVFscI0baTO6LHYmAIQxg=,taKc1hN+8zq65q7IwAN00Ong60E=
214,-65,cpgdHpoVFscI0baTO6LHYmAIQxg=,taKc1hN+8zq65q7IwAN00Ong60E=
208,-65,cpgdHpoVFscI0baTO6LHYmAIQxg=,aS3WHZa5lCb052+lqGkQQcmTg3M=
216,-66,cpgdHpoVFscI0baTO6LHYmAIQxg=,yQnYsqiX8dnRAiKW1wq5/jKIjbk=
215,-67,cpgdHpoVFscI0baTO6LHYmAIQxg=,iwDOJ6Wze/Pxv1iJ/++9I0ZpmUg=
218,-66,cpgdHpoVFscI0baTO6LHYmAIQxg=,KU9Duay3s/UsIuzA/uqdNjS5NUE=
215,-65,cpgdHpoVFscI0baTO6LHYmAIQxg=,taKc1hN+8zq65q7IwAN00Ong60E=
217,-67,cpgdHpoVFscI0baTO6LHYmAIQxg=,FsDzAparLjSA+XtdGh+PLbN1WcQ=
223,-80,cpgdHpoVFscI0baTO6LHYmAIQxg=,SJXXV4Pt1vXzsj5IhkNgbpUNfOs=
217,-65,cpgdHpoVFscI0baTO6LHYmAIQxg=,yQnYsqiX8dnRAiKW1wq5/jKIjbk=
216,-67,cpgdHpoVFscI0baTO6LHYmAIQxg=,FsDzAparLjSA+XtdGh+PLbN1WcQ=
218,-67,cpgdHpoVFscI0baTO6LHYmAIQxg=,QlWepBpjmqEcCmknv8F3QQVz4/Q=
217,-66,cpgdHpoVFscI0baTO6LHYmAIQxg=,yQnYsqiX8dnRAiKW1wq5/jKIjbk=
216,-65,cpgdHpoVFscI0baTO6LHYmAIQxg=,yQnYsqiX8dnRAiKW1wq5/jKIjbk=
215,-66,cpgdHpoVFscI0baTO6LHYmAIQxg=,taKc1hN+8zq65q7IwAN00Ong60E=
218,-65,cpgdHpoVFscI0baTO6LHYmAIQxg=,KU9Duay3s/UsIuzA/uqdNjS5NUE=
221,-66,cpgdHpoVFscI0baTO6LHYmAIQxg=,9vT+vCV84a1i2ywNqtpDKpebSgo=
221,-65,cpgdHpoVFscI0baTO6LHYmAIQxg=,9vT+vCV84a1i2ywNqtpDKpebSgo=
223,-67,cpgdHpoVFscI0baTO6LHYmAIQxg=,UzfoCi4BH0gvQb0JwuX/F9kusI0=
221,-67,cpgdHpoVFscI0baTO6LHYmAIQxg=,F+9N2e5z2iRZyxltXuDxdKM3nJs=
222,-67,cpgdHpoVFscI0baTO6LHYmAIQxg=,UzfoCi4BH0gvQb0JwuX/F9kusI0=
222,-65,cpgdHpoVFscI0baTO6LHYmAIQxg=,q62pe6VAtoeRSkZFaB3UyDdmFR0=
222,-66,cpgdHpoVFscI0baTO6LHYmAIQxg=,q62pe6VAtoeRSkZFaB3UyDdmFR0=
223,-66,cpgdHpoVFscI0baTO6LHYmAIQxg=,q62pe6VAtoeRSkZFaB3UyDdmFR0=
223,-65,cpgdHpoVFscI0baTO6LHYmAIQxg=,q62pe6VAtoeRSkZFaB3UyDdmFR0=
217,-70,cpgdHpoVFscI0baTO6LHYmAIQxg=,8DrRTtk0cXKSQhyMB+kPn+A0CNs=
220,-71,cpgdHpoVFscI0baTO6LHYmAIQxg=,eLiW9B0TInNQaIm0Y0vJM8NtAMo=
217,-69,cpgdHpoVFscI0baTO6LHYmAIQxg=,8DrRTtk0cXKSQhyMB+kPn+A0CNs=
218,-69,cpgdHpoVFscI0baTO6LHYmAIQxg=,SJ60hfDBSYoMGTOjpbRhaTLtjxU=
217,-68,cpgdHpoVFscI0baTO6LHYmAIQxg=,FsDzAparLjSA+XtdGh+PLbN1WcQ=
217,-71,cpgdHpoVFscI0baTO6LHYmAIQxg=,NIOS7x2IUbROPnsTJLnL4K8QuFo=
220,-69,cpgdHpoVFscI0baTO6LHYmAIQxg=,zKOqxnngL0w3Qv7sC+jZQapgdfc=
218,-70,cpgdHpoVFscI0baTO6LHYmAIQxg=,SJ60hfDBSYoMGTOjpbRhaTLtjxU=
220,-70,cpgdHpoVFscI0baTO6LHYmAIQxg=,zKOqxnngL0w3Qv7sC+jZQapgdfc=
218,-68,cpgdHpoVFscI0baTO6LHYmAIQxg=,QlWepBpjmqEcCmknv8F3QQVz4/Q=
218,-71,cpgdHpoVFscI0baTO6LHYmAIQxg=,a5fvI3LRStwUH++/gpqOtSmlCfk=
219,-71,cpgdHpoVFscI0baTO6LHYmAIQxg=,a5fvI3LRStwUH++/gpqOtSmlCfk=
219,-69,cpgdHpoVFscI0baTO6LHYmAIQxg=,SJ60hfDBSYoMGTOjpbRhaTLtjxU=
219,-70,cpgdHpoVFscI0baTO6LHYmAIQxg=,SJ60hfDBSYoMGTOjpbRhaTLtjxU=
220,-68,cpgdHpoVFscI0baTO6LHYmAIQxg=,F+9N2e5z2iRZyxltXuDxdKM3nJs=
219,-68,cpgdHpoVFscI0baTO6LHYmAIQxg=,QlWepBpjmqEcCmknv8F3QQVz4/Q=
209,-83,Wyuo/asIuh+vQY4UYIJKZTLWhlc=,htxOfd0jXJkJIHuoiBrrrlliXrU=
210,-83,Wyuo/asIuh+vQY4UYIJKZTLWhlc=,kR4Sa3ikFxGOOD7gIO1qoW77QeI=
210,-82,Wyuo/asIuh+vQY4UYIJKZTLWhlc=,t1R8aWWRNkO++a4KSECOv5FOFpo=
209,-82,Wyuo/asIuh+vQY4UYIJKZTLWhlc=,iFYAUN9Or3qr/8x1VsWS8q8OBNg=
212,-82,ksfEOFueV6/D61N2b0oF+K45Fg0=,meR/xLWiNKvN2Y+4aydnsPcHe5Q=
211,-83,ksfEOFueV6/D61N2b0oF+K45Fg0=,kR4Sa3ikFxGOOD7gIO1qoW77QeI=
211,-82,ksfEOFueV6/D61N2b0oF+K45Fg0=,t1R8aWWRNkO++a4KSECOv5FOFpo=
212,-83,ksfEOFueV6/D61N2b0oF+K45Fg0=,nSfuTO7k1BraH107LQQEb4UyZXg=
212,-85,ksfEOFueV6/D61N2b0oF+K45Fg0=,pyofxqt++vnTkYCj6bwKcN/azDY=
212,-84,ksfEOFueV6/D61N2b0oF+K45Fg0=,nSfuTO7k1BraH107LQQEb4UyZXg=
211,-85,ksfEOFueV6/D61N2b0oF+K45Fg0=,R03b5vThYUWnFQfrs6wI10hxSFU=
211,-84,ksfEOFueV6/D61N2b0oF+K45Fg0=,kR4Sa3ikFxGOOD7gIO1qoW77QeI=
213,-84,ksfEOFueV6/D61N2b0oF+K45Fg0=,nSfuTO7k1BraH107LQQEb4UyZXg=
213,-85,ksfEOFueV6/D61N2b0oF+K45Fg0=,pyofxqt++vnTkYCj6bwKcN/azDY=
214,-85,ksfEOFueV6/D61N2b0oF+K45Fg0=,kVSahAqq6u6KkJa0HJN5tzVoxjo=
214,-84,ksfEOFueV6/D61N2b0oF+K45Fg0=,CAG3bq+mPXT++U/bzFZriBSPHnc=
212,-86,ksfEOFueV6/D61N2b0oF+K45Fg0=,pyofxqt++vnTkYCj6bwKcN/azDY=
211,-86,ksfEOFueV6/D61N2b0oF+K45Fg0=,R03b5vThYUWnFQfrs6wI10hxSFU=
212,-87,ksfEOFueV6/D61N2b0oF+K45Fg0=,sIx69E67rXEfz3duAVzEYMIt6Fo=
211,-87,ksfEOFueV6/D61N2b0oF+K45Fg0=,Tp6hiEGOSwSEO2jpD6NG8LWjDX0=
214,-83,ksfEOFueV6/D61N2b0oF+K45Fg0=,CAG3bq+mPXT++U/bzFZriBSPHnc=
214,-86,ksfEOFueV6/D61N2b0oF+K45Fg0=,kVSahAqq6u6KkJa0HJN5tzVoxjo=
213,-82,ksfEOFueV6/D61N2b0oF+K45Fg0=,meR/xLWiNKvN2Y+4aydnsPcHe5Q=
213,-87,ksfEOFueV6/D61N2b0oF+K45Fg0=,sIx69E67rXEfz3duAVzEYMIt6Fo=
214,-87,ksfEOFueV6/D61N2b0oF+K45Fg0=,gbGRiWvki1SS/VLZAk46oOnDgBw=
213,-83,ksfEOFueV6/D61N2b0oF+K45Fg0=,nSfuTO7k1BraH107LQQEb4UyZXg=
213,-86,ksfEOFueV6/D61N2b0oF+K45Fg0=,pyofxqt++vnTkYCj6bwKcN/azDY=
214,-82,ksfEOFueV6/D61N2b0oF+K45Fg0=,LUkZhpYCZfyyUkFiir+aND901R4=
214,-89,ksfEOFueV6/D61N2b0oF+K45Fg0=,uZfgiBfxtsrcz6NfET4n5UkBE6M=
214,-88,ksfEOFueV6/D61N2b0oF+K45Fg0=,gbGRiWvki1SS/VLZAk46oOnDgBw=
213,-88,ksfEOFueV6/D61N2b0oF+K45Fg0=,sIx69E67rXEfz3duAVzEYMIt6Fo=
213,-89,ksfEOFueV6/D61N2b0oF+K45Fg0=,Rh38fsAFDVpItxztp5ckrxPYoAI=
214,-90,ksfEOFueV6/D61N2b0oF+K45Fg0=,uZfgiBfxtsrcz6NfET4n5UkBE6M=
213,-91,ksfEOFueV6/D61N2b0oF+K45Fg0=,wnKazznmTnQEkLCsrRAfDRO6A/w=
213,-90,ksfEOFueV6/D61N2b0oF+K45Fg0=,Rh38fsAFDVpItxztp5ckrxPYoAI=
214,-91,ksfEOFueV6/D61N2b0oF+K45Fg0=,COzVLhMhq171Art/nBYJcc2ub2o=
213,-93,ksfEOFueV6/D61N2b0oF+K45Fg0=,IwSdmMF4Y3QP/OX2esx0Zb9/8IU=
214,-93,ksfEOFueV6/D61N2b0oF+K45Fg0=,p9vJ/TpTgb7WoPmqF/cQ1NTEKjA=
213,-92,ksfEOFueV6/D61N2b0oF+K45Fg0=,wnKazznmTnQEkLCsrRAfDRO6A/w=
214,-92,ksfEOFueV6/D61N2b0oF+K45Fg0=,COzVLhMhq171Art/nBYJcc2ub2o=
216,-92,LTXkGTqpTwYEn9AW7PQucQdXjHs=,ntbN6lpj6A1MKgWu0/UGQu0UyWc=
215,-93,LTXkGTqpTwYEn9AW7PQucQdXjHs=,p9vJ/TpTgb7WoPmqF/cQ1NTEKjA=
216,-93,LTXkGTqpTwYEn9AW7PQucQdXjHs=,wTBQgnaSZvnydKhk+eBzHhmwmJQ=
215,-92,LTXkGTqpTwYEn9AW7PQucQdXjHs=,COzVLhMhq171Art/nBYJcc2ub2o=
216,-90,LTXkGTqpTwYEn9AW7PQucQdXjHs=,IsDkCVrAxUjMSM379svi4j9Q9Fg=
215,-91,LTXkGTqpTwYEn9AW7PQucQdXjHs=,COzVLhMhq171Art/nBYJcc2ub2o=
215,-89,LTXkGTqpTwYEn9AW7PQucQdXjHs=,uZfgiBfxtsrcz6NfET4n5UkBE6M=
216,-91,LTXkGTqpTwYEn9AW7PQucQdXjHs=,ntbN6lpj6A1MKgWu0/UGQu0UyWc=
216,-89,LTXkGTqpTwYEn9AW7PQucQdXjHs=,IsDkCVrAxUjMSM379svi4j9Q9Fg=
215,-88,LTXkGTqpTwYEn9AW7PQucQdXjHs=,gbGRiWvki1SS/VLZAk46oOnDgBw=
215,-90,LTXkGTqpTwYEn9AW7PQucQdXjHs=,uZfgiBfxtsrcz6NfET4n5UkBE6M=
216,-88,LTXkGTqpTwYEn9AW7PQucQdXjHs=,nmDFQrS/p/iDrYm5iO4oETVZp6c=
217,-89,LTXkGTqpTwYEn9AW7PQucQdXjHs=,IsDkCVrAxUjMSM379svi4j9Q9Fg=
217,-88,LTXkGTqpTwYEn9AW7PQucQdXjHs=,nmDFQrS/p/iDrYm5iO4oETVZp6c=
218,-88,LTXkGTqpTwYEn9AW7PQucQdXjHs=,PtVIIAmQGf+MqyLtCGxw6jv19Lk=
218,-89,LTXkGTqpTwYEn9AW7PQucQdXjHs=,BTfiMMHhkbTpRjFvUX60IwEgHJM=
218,-91,LTXkGTqpTwYEn9AW7PQucQdXjHs=,8VJG7bXlmCmqZdkVo6d7f7jS5ig=
218,-90,LTXkGTqpTwYEn9AW7PQucQdXjHs=,BTfiMMHhkbTpRjFvUX60IwEgHJM=
217,-91,LTXkGTqpTwYEn9AW7PQucQdXjHs=,ntbN6lpj6A1MKgWu0/UGQu0UyWc=
217,-90,LTXkGTqpTwYEn9AW7PQucQdXjHs=,IsDkCVrAxUjMSM379svi4j9Q9Fg=
216,-87,LTXkGTqpTwYEn9AW7PQucQdXjHs=,nmDFQrS/p/iDrYm5iO4oETVZp6c=
218,-87,LTXkGTqpTwYEn9AW7PQucQdXjHs=,PtVIIAmQGf+MqyLtCGxw6jv19Lk=
217,-87,LTXkGTqpTwYEn9AW7PQucQdXjHs=,nmDFQrS/p/iDrYm5iO4oETVZp6c=
218,-86,LTXkGTqpTwYEn9AW7PQucQdXjHs=,SgT1qE0njhP2CxcVFjTb42FnEKk=
217,-86,LTXkGTqpTwYEn9AW7PQucQdXjHs=,k0NnxziDuGIhz7osSvEWMPh3FT8=
215,-86,LTXkGTqpTwYEn9AW7PQucQdXjHs=,kVSahAqq6u6KkJa0HJN5tzVoxjo=
215,-87,LTXkGTqpTwYEn9AW7PQucQdXjHs=,gbGRiWvki1SS/VLZAk46oOnDgBw=
216,-86,LTXkGTqpTwYEn9AW7PQucQdXjHs=,k0NnxziDuGIhz7osSvEWMPh3FT8=
215,-85,LTXkGTqpTwYEn9AW7PQucQdXjHs=,kVSahAqq6u6KkJa0HJN5tzVoxjo=
215,-84,LTXkGTqpTwYEn9AW7PQucQdXjHs=,CAG3bq+mPXT++U/bzFZriBSPHnc=
216,-84,LTXkGTqpTwYEn9AW7PQucQdXjHs=,rS2svIDxQdTu/16yjwVBkd7DSMk=
216,-85,LTXkGTqpTwYEn9AW7PQucQdXjHs=,k0NnxziDuGIhz7osSvEWMPh3FT8=
218,-84,LTXkGTqpTwYEn9AW7PQucQdXjHs=,w9awQcrApex9qlRZQhLsgkq+R2w=
217,-85,LTXkGTqpTwYEn9AW7PQucQdXjHs=,k0NnxziDuGIhz7osSvEWMPh3FT8=
218,-85,LTXkGTqpTwYEn9AW7PQucQdXjHs=,SgT1qE0njhP2CxcVFjTb42FnEKk=
217,-84,LTXkGTqpTwYEn9AW7PQucQdXjHs=,rS2svIDxQdTu/16yjwVBkd7DSMk=
215,-83,LTXkGTqpTwYEn9AW7PQucQdXjHs=,CAG3bq+mPXT++U/bzFZriBSPHnc=
216,-82,LTXkGTqpTwYEn9AW7PQucQdXjHs=,2aE/sY2WyHdk0LIvpROEleAW02k=
216,-83,LTXkGTqpTwYEn9AW7PQucQdXjHs=,rS2svIDxQdTu/16yjwVBkd7DSMk=
215,-82,LTXkGTqpTwYEn9AW7PQucQdXjHs=,LUkZhpYCZfyyUkFiir+aND901R4=
218,-83,LTXkGTqpTwYEn9AW7PQucQdXjHs=,w9awQcrApex9qlRZQhLsgkq+R2w=
217,-82,LTXkGTqpTwYEn9AW7PQucQdXjHs=,2aE/sY2WyHdk0LIvpROEleAW02k=
218,-82,LTXkGTqpTwYEn9AW7PQucQdXjHs=,o16O60idOMOFndpbyA3aSv6AUYY=
217,-83,LTXkGTqpTwYEn9AW7PQucQdXjHs=,rS2svIDxQdTu/16yjwVBkd7DSMk=
219,-83,LTXkGTqpTwYEn9AW7PQucQdXjHs=,w9awQcrApex9qlRZQhLsgkq+R2w=
219,-82,LTXkGTqpTwYEn9AW7PQucQdXjHs=,o16O60idOMOFndpbyA3aSv6AUYY=
220,-83,LTXkGTqpTwYEn9AW7PQucQdXjHs=,ruUutz+cBUTsjdPsuRe4OKq6xZQ=
220,-82,LTXkGTqpTwYEn9AW7PQucQdXjHs=,sWoclkwXSLgsC5IhZ5PgS4RF0rY=
222,-83,LTXkGTqpTwYEn9AW7PQucQdXjHs=,6j4lZVuVsV2pP1duL+AhsQFSzA4=
222,-82,LTXkGTqpTwYEn9AW7PQucQdXjHs=,tiv6OEXwxm3MYfjGi53lPmkih4M=
221,-82,LTXkGTqpTwYEn9AW7PQucQdXjHs=,sWoclkwXSLgsC5IhZ5PgS4RF0rY=
221,-83,LTXkGTqpTwYEn9AW7PQucQdXjHs=,ruUutz+cBUTsjdPsuRe4OKq6xZQ=
220,-84,LTXkGTqpTwYEn9AW7PQucQdXjHs=,ruUutz+cBUTsjdPsuRe4OKq6xZQ=
220,-85,LTXkGTqpTwYEn9AW7PQucQdXjHs=,uwTxTXLRvpjIWaG7gGF8gxNEdko=
219,-85,LTXkGTqpTwYEn9AW7PQucQdXjHs=,SgT1qE0njhP2CxcVFjTb42FnEKk=
219,-84,LTXkGTqpTwYEn9AW7PQucQdXjHs=,w9awQcrApex9qlRZQhLsgkq+R2w=
220,-87,LTXkGTqpTwYEn9AW7PQucQdXjHs=,Pd6sRp+UrSqQntVw0AwbI0Wt7bc=
219,-87,LTXkGTqpTwYEn9AW7PQucQdXjHs=,PtVIIAmQGf+MqyLtCGxw6jv19Lk=
219,-86,LTXkGTqpTwYEn9AW7PQucQdXjHs=,SgT1qE0njhP2CxcVFjTb42FnEKk=
221,-85,LTXkGTqpTwYEn9AW7PQucQdXjHs=,uwTxTXLRvpjIWaG7gGF8gxNEdko=
220,-86,LTXkGTqpTwYEn9AW7PQucQdXjHs=,uwTxTXLRvpjIWaG7gGF8gxNEdko=
221,-84,LTXkGTqpTwYEn9AW7PQucQdXjHs=,ruUutz+cBUTsjdPsuRe4OKq6xZQ=
222,-84,LTXkGTqpTwYEn9AW7PQucQdXjHs=,6j4lZVuVsV2pP1duL+AhsQFSzA4=
222,-85,LTXkGTqpTwYEn9AW7PQucQdXjHs=,KiRSQZy6onuEy5T9UMBVf638y54=
222,-87,uAorVmCOHNYvR+b1AAZL2vCsHdk=,dIdgLKjLqUfLpQCU3yG4TnRL4QU=
222,-86,uAorVmCOHNYvR+b1AAZL2vCsHdk=,KiRSQZy6onuEy5T9UMBVf638y54=
221,-86,uAorVmCOHNYvR+b1AAZL2vCsHdk=,uwTxTXLRvpjIWaG7gGF8gxNEdko=
221,-87,uAorVmCOHNYvR+b1AAZL2vCsHdk=,Pd6sRp+UrSqQntVw0AwbI0Wt7bc=
219,-89,uAorVmCOHNYvR+b1AAZL2vCsHdk=,BTfiMMHhkbTpRjFvUX60IwEgHJM=
220,-88,uAorVmCOHNYvR+b1AAZL2vCsHdk=,Pd6sRp+UrSqQntVw0AwbI0Wt7bc=
219,-88,uAorVmCOHNYvR+b1AAZL2vCsHdk=,PtVIIAmQGf+MqyLtCGxw6jv19Lk=
220,-89,uAorVmCOHNYvR+b1AAZL2vCsHdk=,XQClwpS+DUWbqwu4qbmhcyldehM=
222,-89,uAorVmCOHNYvR+b1AAZL2vCsHdk=,l2BxQOQO5BaKJM7UR9voFSo1gBI=
221,-88,uAorVmCOHNYvR+b1AAZL2vCsHdk=,Pd6sRp+UrSqQntVw0AwbI0Wt7bc=
221,-89,uAorVmCOHNYvR+b1AAZL2vCsHdk=,XQClwpS+DUWbqwu4qbmhcyldehM=
222,-88,uAorVmCOHNYvR+b1AAZL2vCsHdk=,dIdgLKjLqUfLpQCU3yG4TnRL4QU=
220,-90,uAorVmCOHNYvR+b1AAZL2vCsHdk=,XQClwpS+DUWbqwu4qbmhcyldehM=
219,-91,uAorVmCOHNYvR+b1AAZL2vCsHdk=,8VJG7bXlmCmqZdkVo6d7f7jS5ig=
219,-90,uAorVmCOHNYvR+b1AAZL2vCsHdk=,BTfiMMHhkbTpRjFvUX60IwEgHJM=
220,-91,uAorVmCOHNYvR+b1AAZL2vCsHdk=,wXwvTR+TqxTflvZlAd3YTG43/1w=
221,-90,uAorVmCOHNYvR+b1AAZL2vCsHdk=,XQClwpS+DUWbqwu4qbmhcyldehM=
221,-91,uAorVmCOHNYvR+b1AAZL2vCsHdk=,wXwvTR+TqxTflvZlAd3YTG43/1w=
222,-90,uAorVmCOHNYvR+b1AAZL2vCsHdk=,l2BxQOQO5BaKJM7UR9voFSo1gBI=
222,-91,uAorVmCOHNYvR+b1AAZL2vCsHdk=,jRj4ZEo8bTdKzQ747Rfp1BTKkAY=
222,-93,uAorVmCOHNYvR+b1AAZL2vCsHdk=,FwfQqLfU4qhZtW9JUGCQzNA9r3Q=
222,-92,uAorVmCOHNYvR+b1AAZL2vCsHdk=,jRj4ZEo8bTdKzQ747Rfp1BTKkAY=
221,-92,uAorVmCOHNYvR+b1AAZL2vCsHdk=,wXwvTR+TqxTflvZlAd3YTG43/1w=
221,-93,uAorVmCOHNYvR+b1AAZL2vCsHdk=,WullmDhDfg0YskoN/z1vqu179ME=
221,-95,uAorVmCOHNYvR+b1AAZL2vCsHdk=,5TyRMH1BTqzsPGZwcQ+daY8a4MQ=
221,-94,uAorVmCOHNYvR+b1AAZL2vCsHdk=,WullmDhDfg0YskoN/z1vqu179ME=
222,-94,uAorVmCOHNYvR+b1AAZL2vCsHdk=,FwfQqLfU4qhZtW9JUGCQzNA9r3Q=
222,-95,uAorVmCOHNYvR+b1AAZL2vCsHdk=,ZpuwKkNaLXSYV0uF3KdgcOmHkD0=
220,-93,uAorVmCOHNYvR+b1AAZL2vCsHdk=,WullmDhDfg0YskoN/z1vqu179ME=
219,-93,uAorVmCOHNYvR+b1AAZL2vCsHdk=,FqReGJDdAqQXLQM9QEuJskKUUZ0=
217,-93,uAorVmCOHNYvR+b1AAZL2vCsHdk=,wTBQgnaSZvnydKhk+eBzHhmwmJQ=
220,-92,uAorVmCOHNYvR+b1AAZL2vCsHdk=,wXwvTR+TqxTflvZlAd3YTG43/1w=
217,-92,uAorVmCOHNYvR+b1AAZL2vCsHdk=,ntbN6lpj6A1MKgWu0/UGQu0UyWc=
219,-92,uAorVmCOHNYvR+b1AAZL2vCsHdk=,8VJG7bXlmCmqZdkVo6d7f7jS5ig=
218,-92,uAorVmCOHNYvR+b1AAZL2vCsHdk=,8VJG7bXlmCmqZdkVo6d7f7jS5ig=
218,-93,uAorVmCOHNYvR+b1AAZL2vCsHdk=,FqReGJDdAqQXLQM9QEuJskKUUZ0=
219,-94,uAorVmCOHNYvR+b1AAZL2vCsHdk=,FqReGJDdAqQXLQM9QEuJskKUUZ0=
220,-94,uAorVmCOHNYvR+b1AAZL2vCsHdk=,WullmDhDfg0YskoN/z1vqu179ME=
220,-95,uAorVmCOHNYvR+b1AAZL2vCsHdk=,5TyRMH1BTqzsPGZwcQ+daY8a4MQ=
217,-94,uAorVmCOHNYvR+b1AAZL2vCsHdk=,wTBQgnaSZvnydKhk+eBzHhmwmJQ=
219,-95,uAorVmCOHNYvR+b1AAZL2vCsHdk=,Q8oFyG6Q2SOR8+u1v2wglZR1AQ8=
218,-95,uAorVmCOHNYvR+b1AAZL2vCsHdk=,Q8oFyG6Q2SOR8+u1v2wglZR1AQ8=
218,-94,uAorVmCOHNYvR+b1AAZL2vCsHdk=,FqReGJDdAqQXLQM9QEuJskKUUZ0=
217,-95,uAorVmCOHNYvR+b1AAZL2vCsHdk=,IJBvPMkbBqY/1VQyjVvkrZguido=
216,-95,uAorVmCOHNYvR+b1AAZL2vCsHdk=,IJBvPMkbBqY/1VQyjVvkrZguido=
215,-94,uAorVmCOHNYvR+b1AAZL2vCsHdk=,p9vJ/TpTgb7WoPmqF/cQ1NTEKjA=
216,-94,uAorVmCOHNYvR+b1AAZL2vCsHdk=,wTBQgnaSZvnydKhk+eBzHhmwmJQ=
215,-95,uAorVmCOHNYvR+b1AAZL2vCsHdk=,8ROTYx3eicVhrA6dvbwwbx2KnW8=
214,-94,uAorVmCOHNYvR+b1AAZL2vCsHdk=,p9vJ/TpTgb7WoPmqF/cQ1NTEKjA=
213,-94,uAorVmCOHNYvR+b1AAZL2vCsHdk=,IwSdmMF4Y3QP/OX2esx0Zb9/8IU=
214,-95,uAorVmCOHNYvR+b1AAZL2vCsHdk=,8ROTYx3eicVhrA6dvbwwbx2KnW8=
213,-95,uAorVmCOHNYvR+b1AAZL2vCsHdk=,+Zew8EGh+GWhNErivS0gbjKHePI=
211,-94,uAorVmCOHNYvR+b1AAZL2vCsHdk=,Za147KHvksizlE+cyRXultjQB3s=
212,-94,uAorVmCOHNYvR+b1AAZL2vCsHdk=,IwSdmMF4Y3QP/OX2esx0Zb9/8IU=
212,-95,uAorVmCOHNYvR+b1AAZL2vCsHdk=,+Zew8EGh+GWhNErivS0gbjKHePI=
211,-95,uAorVmCOHNYvR+b1AAZL2vCsHdk=,IoCM+gO/9oTxYnvoQwifF7TbsAM=
212,-93,uAorVmCOHNYvR+b1AAZL2vCsHdk=,IwSdmMF4Y3QP/OX2esx0Zb9/8IU=
212,-92,uAorVmCOHNYvR+b1AAZL2vCsHdk=,wnKazznmTnQEkLCsrRAfDRO6A/w=
211,-93,uAorVmCOHNYvR+b1AAZL2vCsHdk=,Za147KHvksizlE+cyRXultjQB3s=
211,-92,uAorVmCOHNYvR+b1AAZL2vCsHdk=,lwFmCAfy6ADESKatL/8mMHG4e+s=
210,-92,uAorVmCOHNYvR+b1AAZL2vCsHdk=,lwFmCAfy6ADESKatL/8mMHG4e+s=
211,-88,uAorVmCOHNYvR+b1AAZL2vCsHdk=,Tp6hiEGOSwSEO2jpD6NG8LWjDX0=
209,-93,uAorVmCOHNYvR+b1AAZL2vCsHdk=,5VrhaHZR3iP0E1zyB5yVDgWIqeU=
210,-93,uAorVmCOHNYvR+b1AAZL2vCsHdk=,Za147KHvksizlE+cyRXultjQB3s=
211,-91,uAorVmCOHNYvR+b1AAZL2vCsHdk=,lwFmCAfy6ADESKatL/8mMHG4e+s=
212,-91,uAorVmCOHNYvR+b1AAZL2vCsHdk=,wnKazznmTnQEkLCsrRAfDRO6A/w=
212,-90,uAorVmCOHNYvR+b1AAZL2vCsHdk=,Rh38fsAFDVpItxztp5ckrxPYoAI=
211,-90,uAorVmCOHNYvR+b1AAZL2vCsHdk=,GZOIWviOGm/o2uCOQW7s7m6wPB0=
212,-88,uAorVmCOHNYvR+b1AAZL2vCsHdk=,sIx69E67rXEfz3duAVzEYMIt6Fo=
211,-89,uAorVmCOHNYvR+b1AAZL2vCsHdk=,GZOIWviOGm/o2uCOQW7s7m6wPB0=
212,-89,uAorVmCOHNYvR+b1AAZL2vCsHdk=,Rh38fsAFDVpItxztp5ckrxPYoAI=
209,-92,uAorVmCOHNYvR+b1AAZL2vCsHdk=,Mx9dIyxCx4zDmPRpH6xhgjf93Wg=
208,-82,5IZNarzHOtkFdEkut9UXXibsjEg=,iFYAUN9Or3qr/8x1VsWS8q8OBNg=
208,-83,5IZNarzHOtkFdEkut9UXXibsjEg=,htxOfd0jXJkJIHuoiBrrrlliXrU=
208,-93,5IZNarzHOtkFdEkut9UXXibsjEg=,5VrhaHZR3iP0E1zyB5yVDgWIqeU=
208,-92,5IZNarzHOtkFdEkut9UXXibsjEg=,Mx9dIyxCx4zDmPRpH6xhgjf93Wg=
209,-90,5IZNarzHOtkFdEkut9UXXibsjEg=,VocBzPmQytVff4luTFz6cqxyeBo=
208,-90,5IZNarzHOtkFdEkut9UXXibsjEg=,VocBzPmQytVff4luTFz6cqxyeBo=
209,-91,5IZNarzHOtkFdEkut9UXXibsjEg=,Mx9dIyxCx4zDmPRpH6xhgjf93Wg=
208,-91,5IZNarzHOtkFdEkut9UXXibsjEg=,Mx9dIyxCx4zDmPRpH6xhgjf93Wg=
210,-91,5IZNarzHOtkFdEkut9UXXibsjEg=,lwFmCAfy6ADESKatL/8mMHG4e+s=
210,-90,5IZNarzHOtkFdEkut9UXXibsjEg=,GZOIWviOGm/o2uCOQW7s7m6wPB0=
209,-88,5IZNarzHOtkFdEkut9UXXibsjEg=,HY9hkQ2EOa/yDKJyxetGP0vxhOA=
208,-89,5IZNarzHOtkFdEkut9UXXibsjEg=,VocBzPmQytVff4luTFz6cqxyeBo=
208,-88,5IZNarzHOtkFdEkut9UXXibsjEg=,HY9hkQ2EOa/yDKJyxetGP0vxhOA=
210,-88,5IZNarzHOtkFdEkut9UXXibsjEg=,Tp6hiEGOSwSEO2jpD6NG8LWjDX0=
210,-89,5IZNarzHOtkFdEkut9UXXibsjEg=,GZOIWviOGm/o2uCOQW7s7m6wPB0=
209,-89,5IZNarzHOtkFdEkut9UXXibsjEg=,VocBzPmQytVff4luTFz6cqxyeBo=
211,-96,5IZNarzHOtkFdEkut9UXXibsjEg=,IoCM+gO/9oTxYnvoQwifF7TbsAM=
214,-96,5IZNarzHOtkFdEkut9UXXibsjEg=,8ROTYx3eicVhrA6dvbwwbx2KnW8=
213,-96,5IZNarzHOtkFdEkut9UXXibsjEg=,+Zew8EGh+GWhNErivS0gbjKHePI=
209,-85,5IZNarzHOtkFdEkut9UXXibsjEg=,t+ddlGSVopwphIj4aXztxsc9SOk=
210,-87,5IZNarzHOtkFdEkut9UXXibsjEg=,Tp6hiEGOSwSEO2jpD6NG8LWjDX0=
208,-87,5IZNarzHOtkFdEkut9UXXibsjEg=,HY9hkQ2EOa/yDKJyxetGP0vxhOA=
209,-87,5IZNarzHOtkFdEkut9UXXibsjEg=,HY9hkQ2EOa/yDKJyxetGP0vxhOA=
208,-85,5IZNarzHOtkFdEkut9UXXibsjEg=,t+ddlGSVopwphIj4aXztxsc9SOk=
210,-86,5IZNarzHOtkFdEkut9UXXibsjEg=,R03b5vThYUWnFQfrs6wI10hxSFU=
216,-96,5IZNarzHOtkFdEkut9UXXibsjEg=,IJBvPMkbBqY/1VQyjVvkrZguido=
215,-96,5IZNarzHOtkFdEkut9UXXibsjEg=,8ROTYx3eicVhrA6dvbwwbx2KnW8=
218,-96,5IZNarzHOtkFdEkut9UXXibsjEg=,Q8oFyG6Q2SOR8+u1v2wglZR1AQ8=
217,-96,5IZNarzHOtkFdEkut9UXXibsjEg=,IJBvPMkbBqY/1VQyjVvkrZguido=
210,-85,5IZNarzHOtkFdEkut9UXXibsjEg=,R03b5vThYUWnFQfrs6wI10hxSFU=
212,-96,5IZNarzHOtkFdEkut9UXXibsjEg=,+Zew8EGh+GWhNErivS0gbjKHePI=
209,-84,5IZNarzHOtkFdEkut9UXXibsjEg=,htxOfd0jXJkJIHuoiBrrrlliXrU=
209,-86,5IZNarzHOtkFdEkut9UXXibsjEg=,t+ddlGSVopwphIj4aXztxsc9SOk=
208,-86,5IZNarzHOtkFdEkut9UXXibsjEg=,t+ddlGSVopwphIj4aXztxsc9SOk=
208,-84,5IZNarzHOtkFdEkut9UXXibsjEg=,htxOfd0jXJkJIHuoiBrrrlliXrU=
220,-96,5IZNarzHOtkFdEkut9UXXibsjEg=,5TyRMH1BTqzsPGZwcQ+daY8a4MQ=
221,-96,5IZNarzHOtkFdEkut9UXXibsjEg=,5TyRMH1BTqzsPGZwcQ+daY8a4MQ=
222,-96,5IZNarzHOtkFdEkut9UXXibsjEg=,ZpuwKkNaLXSYV0uF3KdgcOmHkD0=
219,-96,5IZNarzHOtkFdEkut9UXXibsjEg=,Q8oFyG6Q2SOR8+u1v2wglZR1AQ8=
223,-94,5IZNarzHOtkFdEkut9UXXibsjEg=,FwfQqLfU4qhZtW9JUGCQzNA9r3Q=
210,-84,5IZNarzHOtkFdEkut9UXXibsjEg=,kR4Sa3ikFxGOOD7gIO1qoW77QeI=
223,-95,5IZNarzHOtkFdEkut9UXXibsjEg=,ZpuwKkNaLXSYV0uF3KdgcOmHkD0=
223,-93,5IZNarzHOtkFdEkut9UXXibsjEg=,FwfQqLfU4qhZtW9JUGCQzNA9r3Q=
223,-92,5IZNarzHOtkFdEkut9UXXibsjEg=,jRj4ZEo8bTdKzQ747Rfp1BTKkAY=
223,-91,5IZNarzHOtkFdEkut9UXXibsjEg=,jRj4ZEo8bTdKzQ747Rfp1BTKkAY=
223,-90,5IZNarzHOtkFdEkut9UXXibsjEg=,l2BxQOQO5BaKJM7UR9voFSo1gBI=
223,-89,5IZNarzHOtkFdEkut9UXXibsjEg=,l2BxQOQO5BaKJM7UR9voFSo1gBI=
223,-87,5IZNarzHOtkFdEkut9UXXibsjEg=,dIdgLKjLqUfLpQCU3yG4TnRL4QU=
223,-86,5IZNarzHOtkFdEkut9UXXibsjEg=,KiRSQZy6onuEy5T9UMBVf638y54=
223,-88,5IZNarzHOtkFdEkut9UXXibsjEg=,dIdgLKjLqUfLpQCU3yG4TnRL4QU=
223,-84,5IZNarzHOtkFdEkut9UXXibsjEg=,6j4lZVuVsV2pP1duL+AhsQFSzA4=
223,-85,5IZNarzHOtkFdEkut9UXXibsjEg=,KiRSQZy6onuEy5T9UMBVf638y54=
223,-83,5IZNarzHOtkFdEkut9UXXibsjEg=,6j4lZVuVsV2pP1duL+AhsQFSzA4=
221,-81,5IZNarzHOtkFdEkut9UXXibsjEg=,sWoclkwXSLgsC5IhZ5PgS4RF0rY=
222,-81,5IZNarzHOtkFdEkut9UXXibsjEg=,tiv6OEXwxm3MYfjGi53lPmkih4M=
223,-82,5IZNarzHOtkFdEkut9UXXibsjEg=,tiv6OEXwxm3MYfjGi53lPmkih4M=
220,-81,5IZNarzHOtkFdEkut9UXXibsjEg=,sWoclkwXSLgsC5IhZ5PgS4RF0rY=
217,-81,5IZNarzHOtkFdEkut9UXXibsjEg=,2aE/sY2WyHdk0LIvpROEleAW02k=
219,-81,5IZNarzHOtkFdEkut9UXXibsjEg=,o16O60idOMOFndpbyA3aSv6AUYY=
210,-94,5IZNarzHOtkFdEkut9UXXibsjEg=,Za147KHvksizlE+cyRXultjQB3s=
210,-95,5IZNarzHOtkFdEkut9UXXibsjEg=,IoCM+gO/9oTxYnvoQwifF7TbsAM=
218,-81,5IZNarzHOtkFdEkut9UXXibsjEg=,o16O60idOMOFndpbyA3aSv6AUYY=
210,-96,5IZNarzHOtkFdEkut9UXXibsjEg=,IoCM+gO/9oTxYnvoQwifF7TbsAM=
212,-81,5IZNarzHOtkFdEkut9UXXibsjEg=,meR/xLWiNKvN2Y+4aydnsPcHe5Q=
213,-81,5IZNarzHOtkFdEkut9UXXibsjEg=,meR/xLWiNKvN2Y+4aydnsPcHe5Q=
209,-94,5IZNarzHOtkFdEkut9UXXibsjEg=,5VrhaHZR3iP0E1zyB5yVDgWIqeU=
214,-81,5IZNarzHOtkFdEkut9UXXibsjEg=,LUkZhpYCZfyyUkFiir+aND901R4=
216,-81,5IZNarzHOtkFdEkut9UXXibsjEg=,2aE/sY2WyHdk0LIvpROEleAW02k=
210,-81,5IZNarzHOtkFdEkut9UXXibsjEg=,t1R8aWWRNkO++a4KSECOv5FOFpo=
209,-95,5IZNarzHOtkFdEkut9UXXibsjEg=,x3JgBG8Z43EIs0o8BbI/tXqmqWE=
208,-81,5IZNarzHOtkFdEkut9UXXibsjEg=,iFYAUN9Or3qr/8x1VsWS8q8OBNg=
209,-81,5IZNarzHOtkFdEkut9UXXibsjEg=,iFYAUN9Or3qr/8x1VsWS8q8OBNg=
215,-81,5IZNarzHOtkFdEkut9UXXibsjEg=,LUkZhpYCZfyyUkFiir+aND901R4=
208,-95,5IZNarzHOtkFdEkut9UXXibsjEg=,x3JgBG8Z43EIs0o8BbI/tXqmqWE=
208,-94,5IZNarzHOtkFdEkut9UXXibsjEg=,5VrhaHZR3iP0E1zyB5yVDgWIqeU=
223,-81,5IZNarzHOtkFdEkut9UXXibsjEg=,tiv6OEXwxm3MYfjGi53lPmkih4M=
223,-96,5IZNarzHOtkFdEkut9UXXibsjEg=,ZpuwKkNaLXSYV0uF3KdgcOmHkD0=
208,-96,5IZNarzHOtkFdEkut9UXXibsjEg=,x3JgBG8Z43EIs0o8BbI/tXqmqWE=
211,-81,5IZNarzHOtkFdEkut9UXXibsjEg=,t1R8aWWRNkO++a4KSECOv5FOFpo=
209,-96,5IZNarzHOtkFdEkut9UXXibsjEg=,x3JgBG8Z43EIs0o8BbI/tXqmqWE=
204,-88,+ki7pYY/qca8uli0HHNmLL86zzE=,wtX4IQeYZJc9TghJSGuz/+i2DkI=
203,-88,+ki7pYY/qca8uli0HHNmLL86zzE=,LpoCZt85kq9p4ronTmMAKKaYtrs=
204,-89,+ki7pYY/qca8uli0HHNmLL86zzE=,D0VbHAeDS4iXhlhvlze8VzM92KY=
203,-89,+ki7pYY/qca8uli0HHNmLL86zzE=,wtr8eScd3Lby6k8JOz/dwyKCHdM=
204,-86,+ki7pYY/qca8uli0HHNmLL86zzE=,YSF4mzH5dlHogCeEjvRc3U2NaQs=
203,-87,+ki7pYY/qca8uli0HHNmLL86zzE=,LpoCZt85kq9p4ronTmMAKKaYtrs=
204,-87,+ki7pYY/qca8uli0HHNmLL86zzE=,wtX4IQeYZJc9TghJSGuz/+i2DkI=
203,-86,+ki7pYY/qca8uli0HHNmLL86zzE=,MOjrXkcjGQl/5mSv5ZFl1VRIiOM=
203,-91,+ki7pYY/qca8uli0HHNmLL86zzE=,7EKYXxVnC7mAg1skKT17gVXxjek=
204,-91,+ki7pYY/qca8uli0HHNmLL86zzE=,NMbeEgsGgL4vtYw5E32TyOrOwaU=
203,-90,+ki7pYY/qca8uli0HHNmLL86zzE=,wtr8eScd3Lby6k8JOz/dwyKCHdM=
204,-90,+ki7pYY/qca8uli0HHNmLL86zzE=,D0VbHAeDS4iXhlhvlze8VzM92KY=
202,-91,+ki7pYY/qca8uli0HHNmLL86zzE=,7EKYXxVnC7mAg1skKT17gVXxjek=
202,-90,+ki7pYY/qca8uli0HHNmLL86zzE=,wtr8eScd3Lby6k8JOz/dwyKCHdM=
201,-91,+ki7pYY/qca8uli0HHNmLL86zzE=,TXH+56OKIPN0Qin4HpQAvpFQdQA=
201,-90,+ki7pYY/qca8uli0HHNmLL86zzE=,LgJhVyIX2IpVsRoLat7tRfXaqHo=
201,-89,+ki7pYY/qca8uli0HHNmLL86zzE=,LgJhVyIX2IpVsRoLat7tRfXaqHo=
202,-88,+ki7pYY/qca8uli0HHNmLL86zzE=,LpoCZt85kq9p4ronTmMAKKaYtrs=
202,-89,+ki7pYY/qca8uli0HHNmLL86zzE=,wtr8eScd3Lby6k8JOz/dwyKCHdM=
199,-89,+ki7pYY/qca8uli0HHNmLL86zzE=,y8pDCJLoumr4Lm4Mdm/pPxlQ3KU=
200,-89,+ki7pYY/qca8uli0HHNmLL86zzE=,LgJhVyIX2IpVsRoLat7tRfXaqHo=
201,-88,+ki7pYY/qca8uli0HHNmLL86zzE=,qg/PbXgU038kKXMsstRbQe9Wg+Y=
200,-91,+ki7pYY/qca8uli0HHNmLL86zzE=,TXH+56OKIPN0Qin4HpQAvpFQdQA=
199,-91,+ki7pYY/qca8uli0HHNmLL86zzE=,pdnqd3DZCi4wkC8Ei9yywXK4DP0=
200,-90,+ki7pYY/qca8uli0HHNmLL86zzE=,LgJhVyIX2IpVsRoLat7tRfXaqHo=
199,-90,+ki7pYY/qca8uli0HHNmLL86zzE=,y8pDCJLoumr4Lm4Mdm/pPxlQ3KU=
200,-88,+ki7pYY/qca8uli0HHNmLL86zzE=,qg/PbXgU038kKXMsstRbQe9Wg+Y=
199,-88,+ki7pYY/qca8uli0HHNmLL86zzE=,T0NK56zpeSu4K7Q4aLxKc0VHb34=
197,-94,+ki7pYY/qca8uli0HHNmLL86zzE=,g6sV8iR9iNyxG2cLkpqQF/luXEw=
198,-95,+ki7pYY/qca8uli0HHNmLL86zzE=,EpF+C4rKQ+gb3+JokNQ3Y7RRNQY=
198,-94,+ki7pYY/qca8uli0HHNmLL86zzE=,BWsVfA1FPjTgIs9q7CM52rdDIPc=
197,-95,+ki7pYY/qca8uli0HHNmLL86zzE=,zNRaqTr9vApPci+sPZgC8juuIFs=
195,-94,+ki7pYY/qca8uli0HHNmLL86zzE=,Pqv3tV/KAPunfjUjOd7cVOclrbo=
196,-95,+ki7pYY/qca8uli0HHNmLL86zzE=,zNRaqTr9vApPci+sPZgC8juuIFs=
196,-94,+ki7pYY/qca8uli0HHNmLL86zzE=,g6sV8iR9iNyxG2cLkpqQF/luXEw=
195,-95,+ki7pYY/qca8uli0HHNmLL86zzE=,T7s9hMwa74c6LLSzP82dabHE5Ms=
194,-94,mpR0W5dL6ysEAptCvVl/jY12je8=,Pqv3tV/KAPunfjUjOd7cVOclrbo=
193,-94,mpR0W5dL6ysEAptCvVl/jY12je8=,IMaAjpD8ZIZ4/WJTsypX3/UZEzg=
194,-95,mpR0W5dL6ysEAptCvVl/jY12je8=,T7s9hMwa74c6LLSzP82dabHE5Ms=
194,-93,mpR0W5dL6ysEAptCvVl/jY12je8=,Pqv3tV/KAPunfjUjOd7cVOclrbo=
193,-95,mpR0W5dL6ysEAptCvVl/jY12je8=,vQPtbmZZhVFDYqR3ikEiR6C6w78=
194,-92,mpR0W5dL6ysEAptCvVl/jY12je8=,mI9MyyNO/o6jB16j76hWn5CQsMs=
193,-93,mpR0W5dL6ysEAptCvVl/jY12je8=,IMaAjpD8ZIZ4/WJTsypX3/UZEzg=
193,-92,mpR0W5dL6ysEAptCvVl/jY12je8=,R368MoDKW3YV7U6LgpeLk1GL5AE=
194,-91,mpR0W5dL6ysEAptCvVl/jY12je8=,mI9MyyNO/o6jB16j76hWn5CQsMs=
193,-91,mpR0W5dL6ysEAptCvVl/jY12je8=,R368MoDKW3YV7U6LgpeLk1GL5AE=
193,-90,mpR0W5dL6ysEAptCvVl/jY12je8=,d0+9qjYVNvxtOh+8KNk8p9SbYT4=
194,-90,mpR0W5dL6ysEAptCvVl/jY12je8=,dONOZHWEIQf9j9M82rkPj4hwyD0=
193,-88,mpR0W5dL6ysEAptCvVl/jY12je8=,8fwAd+WpwMWpONnIobgyPnMKywU=
194,-88,mpR0W5dL6ysEAptCvVl/jY12je8=,7QtqXZKyIzV2lKVXXqGwhJCLcu0=
193,-89,mpR0W5dL6ysEAptCvVl/jY12je8=,d0+9qjYVNvxtOh+8KNk8p9SbYT4=
194,-89,mpR0W5dL6ysEAptCvVl/jY12je8=,dONOZHWEIQf9j9M82rkPj4hwyD0=
194,-87,mpR0W5dL6ysEAptCvVl/jY12je8=,7QtqXZKyIzV2lKVXXqGwhJCLcu0=
193,-86,mpR0W5dL6ysEAptCvVl/jY12je8=,OJ9YMMinf7LfTcECy8kixN6nIoI=
194,-86,mpR0W5dL6ysEAptCvVl/jY12je8=,aPROXm5+91QH9KKw8z0ZNw/1yU4=
193,-87,mpR0W5dL6ysEAptCvVl/jY12je8=,8fwAd+WpwMWpONnIobgyPnMKywU=
194,-84,mpR0W5dL6ysEAptCvVl/jY12je8=,klOENq74HroQCl068V86Khiubd8=
193,-85,mpR0W5dL6ysEAptCvVl/jY12je8=,OJ9YMMinf7LfTcECy8kixN6nIoI=
194,-85,mpR0W5dL6ysEAptCvVl/jY12je8=,aPROXm5+91QH9KKw8z0ZNw/1yU4=
193,-84,mpR0W5dL6ysEAptCvVl/jY12je8=,qEDMyBIiNia9Z8kEfKNP65KytQ4=
195,-83,mpR0W5dL6ysEAptCvVl/jY12je8=,klOENq74HroQCl068V86Khiubd8=
195,-82,mpR0W5dL6ysEAptCvVl/jY12je8=,GvtEUvEMboX5xCBw8ibLX927Gd8=
196,-83,mpR0W5dL6ysEAptCvVl/jY12je8=,IquAFQauqFk7RKcIFSvzRfNXlpU=
196,-82,mpR0W5dL6ysEAptCvVl/jY12je8=,Xa6RxlfnGPDN2NhKuspZKemlBv0=
197,-82,mpR0W5dL6ysEAptCvVl/jY12je8=,Xa6RxlfnGPDN2NhKuspZKemlBv0=
198,-83,mpR0W5dL6ysEAptCvVl/jY12je8=,j6YvGaF7Y6inTP5ALzwqeHLFXoc=
197,-83,mpR0W5dL6ysEAptCvVl/jY12je8=,IquAFQauqFk7RKcIFSvzRfNXlpU=
198,-82,mpR0W5dL6ysEAptCvVl/jY12je8=,5gdeFGAGEgAIYfhi4hbbxNO7myg=
196,-84,XmIIjHJHPH6tHiuxTg3BqDjvRcU=,IquAFQauqFk7RKcIFSvzRfNXlpU=
197,-85,XmIIjHJHPH6tHiuxTg3BqDjvRcU=,+AYqt8UTdIZIobn3jeKAibl9H4k=
198,-85,XmIIjHJHPH6tHiuxTg3BqDjvRcU=,yDuPdPsrsg1mUPaUM6+V8j+kfAc=
197,-84,XmIIjHJHPH6tHiuxTg3BqDjvRcU=,IquAFQauqFk7RKcIFSvzRfNXlpU=
196,-85,XmIIjHJHPH6tHiuxTg3BqDjvRcU=,+AYqt8UTdIZIobn3jeKAibl9H4k=
195,-84,XmIIjHJHPH6tHiuxTg3BqDjvRcU=,klOENq74HroQCl068V86Khiubd8=
198,-84,XmIIjHJHPH6tHiuxTg3BqDjvRcU=,j6YvGaF7Y6inTP5ALzwqeHLFXoc=
195,-85,XmIIjHJHPH6tHiuxTg3BqDjvRcU=,aPROXm5+91QH9KKw8z0ZNw/1yU4=
201,-85,XmIIjHJHPH6tHiuxTg3BqDjvRcU=,hLouExcwYGI6sy6wx0hhm4413ZU=
200,-86,XmIIjHJHPH6tHiuxTg3BqDjvRcU=,hLouExcwYGI6sy6wx0hhm4413ZU=
201,-84,XmIIjHJHPH6tHiuxTg3BqDjvRcU=,w98Hpwn+WFsErqX6kMUqCj+WI28=
199,-85,XmIIjHJHPH6tHiuxTg3BqDjvRcU=,yDuPdPsrsg1mUPaUM6+V8j+kfAc=
200,-87,XmIIjHJHPH6tHiuxTg3BqDjvRcU=,qg/PbXgU038kKXMsstRbQe9Wg+Y=
199,-87,XmIIjHJHPH6tHiuxTg3BqDjvRcU=,T0NK56zpeSu4K7Q4aLxKc0VHb34=
202,-85,XmIIjHJHPH6tHiuxTg3BqDjvRcU=,MOjrXkcjGQl/5mSv5ZFl1VRIiOM=
201,-87,XmIIjHJHPH6tHiuxTg3BqDjvRcU=,qg/PbXgU038kKXMsstRbQe9Wg+Y=
202,-87,XmIIjHJHPH6tHiuxTg3BqDjvRcU=,LpoCZt85kq9p4ronTmMAKKaYtrs=
200,-84,XmIIjHJHPH6tHiuxTg3BqDjvRcU=,w98Hpwn+WFsErqX6kMUqCj+WI28=
202,-82,XmIIjHJHPH6tHiuxTg3BqDjvRcU=,bJ3kP7VNxdlVsjFfnjLpRmSyxlE=
199,-86,XmIIjHJHPH6tHiuxTg3BqDjvRcU=,yDuPdPsrsg1mUPaUM6+V8j+kfAc=
199,-84,XmIIjHJHPH6tHiuxTg3BqDjvRcU=,j6YvGaF7Y6inTP5ALzwqeHLFXoc=
202,-84,XmIIjHJHPH6tHiuxTg3BqDjvRcU=,upt7eS/sRi+6E81Wkodd7dq1j2c=
201,-86,XmIIjHJHPH6tHiuxTg3BqDjvRcU=,hLouExcwYGI6sy6wx0hhm4413ZU=
200,-85,XmIIjHJHPH6tHiuxTg3BqDjvRcU=,hLouExcwYGI6sy6wx0hhm4413ZU=
201,-83,XmIIjHJHPH6tHiuxTg3BqDjvRcU=,w98Hpwn+WFsErqX6kMUqCj+WI28=
199,-82,XmIIjHJHPH6tHiuxTg3BqDjvRcU=,5gdeFGAGEgAIYfhi4hbbxNO7myg=
199,-83,XmIIjHJHPH6tHiuxTg3BqDjvRcU=,j6YvGaF7Y6inTP5ALzwqeHLFXoc=
200,-83,XmIIjHJHPH6tHiuxTg3BqDjvRcU=,w98Hpwn+WFsErqX6kMUqCj+WI28=
202,-86,XmIIjHJHPH6tHiuxTg3BqDjvRcU=,MOjrXkcjGQl/5mSv5ZFl1VRIiOM=
202,-83,XmIIjHJHPH6tHiuxTg3BqDjvRcU=,upt7eS/sRi+6E81Wkodd7dq1j2c=
200,-82,XmIIjHJHPH6tHiuxTg3BqDjvRcU=,8pW3j+ONGy7ftSQNddDS4SUH9kc=
201,-82,XmIIjHJHPH6tHiuxTg3BqDjvRcU=,8pW3j+ONGy7ftSQNddDS4SUH9kc=
198,-86,XmIIjHJHPH6tHiuxTg3BqDjvRcU=,yDuPdPsrsg1mUPaUM6+V8j+kfAc=
196,-87,XmIIjHJHPH6tHiuxTg3BqDjvRcU=,UQrgQEo3tnV0+zXaI9qMuhocnm0=
195,-87,XmIIjHJHPH6tHiuxTg3BqDjvRcU=,7QtqXZKyIzV2lKVXXqGwhJCLcu0=
196,-86,XmIIjHJHPH6tHiuxTg3BqDjvRcU=,+AYqt8UTdIZIobn3jeKAibl9H4k=
197,-87,XmIIjHJHPH6tHiuxTg3BqDjvRcU=,UQrgQEo3tnV0+zXaI9qMuhocnm0=
195,-86,XmIIjHJHPH6tHiuxTg3BqDjvRcU=,aPROXm5+91QH9KKw8z0ZNw/1yU4=
197,-86,XmIIjHJHPH6tHiuxTg3BqDjvRcU=,+AYqt8UTdIZIobn3jeKAibl9H4k=
198,-87,XmIIjHJHPH6tHiuxTg3BqDjvRcU=,T0NK56zpeSu4K7Q4aLxKc0VHb34=
198,-88,XmIIjHJHPH6tHiuxTg3BqDjvRcU=,T0NK56zpeSu4K7Q4aLxKc0VHb34=
195,-88,XmIIjHJHPH6tHiuxTg3BqDjvRcU=,7QtqXZKyIzV2lKVXXqGwhJCLcu0=
197,-88,XmIIjHJHPH6tHiuxTg3BqDjvRcU=,UQrgQEo3tnV0+zXaI9qMuhocnm0=
195,-89,XmIIjHJHPH6tHiuxTg3BqDjvRcU=,dONOZHWEIQf9j9M82rkPj4hwyD0=
197,-89,XmIIjHJHPH6tHiuxTg3BqDjvRcU=,YgmqOZ/DzmB8GGpcgtBbCg/aqj4=
196,-89,XmIIjHJHPH6tHiuxTg3BqDjvRcU=,YgmqOZ/DzmB8GGpcgtBbCg/aqj4=
198,-89,XmIIjHJHPH6tHiuxTg3BqDjvRcU=,y8pDCJLoumr4Lm4Mdm/pPxlQ3KU=
196,-88,XmIIjHJHPH6tHiuxTg3BqDjvRcU=,UQrgQEo3tnV0+zXaI9qMuhocnm0=
197,-93,XmIIjHJHPH6tHiuxTg3BqDjvRcU=,g6sV8iR9iNyxG2cLkpqQF/luXEw=
198,-91,XmIIjHJHPH6tHiuxTg3BqDjvRcU=,pdnqd3DZCi4wkC8Ei9yywXK4DP0=
195,-91,XmIIjHJHPH6tHiuxTg3BqDjvRcU=,mI9MyyNO/o6jB16j76hWn5CQsMs=
197,-91,XmIIjHJHPH6tHiuxTg3BqDjvRcU=,Iic29OWLGMtYnhZTIbHeJN/GyG4=
196,-93,XmIIjHJHPH6tHiuxTg3BqDjvRcU=,g6sV8iR9iNyxG2cLkpqQF/luXEw=
196,-90,XmIIjHJHPH6tHiuxTg3BqDjvRcU=,YgmqOZ/DzmB8GGpcgtBbCg/aqj4=
196,-91,XmIIjHJHPH6tHiuxTg3BqDjvRcU=,Iic29OWLGMtYnhZTIbHeJN/GyG4=
198,-92,XmIIjHJHPH6tHiuxTg3BqDjvRcU=,pdnqd3DZCi4wkC8Ei9yywXK4DP0=
198,-90,XmIIjHJHPH6tHiuxTg3BqDjvRcU=,y8pDCJLoumr4Lm4Mdm/pPxlQ3KU=
195,-92,XmIIjHJHPH6tHiuxTg3BqDjvRcU=,mI9MyyNO/o6jB16j76hWn5CQsMs=
195,-90,XmIIjHJHPH6tHiuxTg3BqDjvRcU=,dONOZHWEIQf9j9M82rkPj4hwyD0=
196,-92,XmIIjHJHPH6tHiuxTg3BqDjvRcU=,Iic29OWLGMtYnhZTIbHeJN/GyG4=
195,-93,XmIIjHJHPH6tHiuxTg3BqDjvRcU=,Pqv3tV/KAPunfjUjOd7cVOclrbo=
197,-90,XmIIjHJHPH6tHiuxTg3BqDjvRcU=,YgmqOZ/DzmB8GGpcgtBbCg/aqj4=
198,-93,XmIIjHJHPH6tHiuxTg3BqDjvRcU=,BWsVfA1FPjTgIs9q7CM52rdDIPc=
197,-92,XmIIjHJHPH6tHiuxTg3BqDjvRcU=,Iic29OWLGMtYnhZTIbHeJN/GyG4=
204,-82,XmIIjHJHPH6tHiuxTg3BqDjvRcU=,6q6il+T6Y87dOqnKE+ccKZoo1JA=
203,-85,XmIIjHJHPH6tHiuxTg3BqDjvRcU=,MOjrXkcjGQl/5mSv5ZFl1VRIiOM=
203,-84,XmIIjHJHPH6tHiuxTg3BqDjvRcU=,upt7eS/sRi+6E81Wkodd7dq1j2c=
203,-83,XmIIjHJHPH6tHiuxTg3BqDjvRcU=,upt7eS/sRi+6E81Wkodd7dq1j2c=
204,-85,XmIIjHJHPH6tHiuxTg3BqDjvRcU=,YSF4mzH5dlHogCeEjvRc3U2NaQs=
204,-83,XmIIjHJHPH6tHiuxTg3BqDjvRcU=,wmMdKS24kAydjTc9/oGeq2iYAjc=
203,-82,XmIIjHJHPH6tHiuxTg3BqDjvRcU=,bJ3kP7VNxdlVsjFfnjLpRmSyxlE=
204,-84,XmIIjHJHPH6tHiuxTg3BqDjvRcU=,wmMdKS24kAydjTc9/oGeq2iYAjc=
206,-83,XmIIjHJHPH6tHiuxTg3BqDjvRcU=,9UBjRObylo2RsFilyLrh/jNUyxE=
205,-83,XmIIjHJHPH6tHiuxTg3BqDjvRcU=,wmMdKS24kAydjTc9/oGeq2iYAjc=
205,-82,XmIIjHJHPH6tHiuxTg3BqDjvRcU=,6q6il+T6Y87dOqnKE+ccKZoo1JA=
206,-82,XmIIjHJHPH6tHiuxTg3BqDjvRcU=,zFAnQoMd+LqR8CbiJtwBVAH3ERg=
205,-84,XmIIjHJHPH6tHiuxTg3BqDjvRcU=,wmMdKS24kAydjTc9/oGeq2iYAjc=
205,-85,XmIIjHJHPH6tHiuxTg3BqDjvRcU=,YSF4mzH5dlHogCeEjvRc3U2NaQs=
206,-84,XmIIjHJHPH6tHiuxTg3BqDjvRcU=,9UBjRObylo2RsFilyLrh/jNUyxE=
206,-85,XmIIjHJHPH6tHiuxTg3BqDjvRcU=,J6vtfn3MLgzh0TOtH3C0stx7vQY=
206,-86,XmIIjHJHPH6tHiuxTg3BqDjvRcU=,J6vtfn3MLgzh0TOtH3C0stx7vQY=
205,-86,XmIIjHJHPH6tHiuxTg3BqDjvRcU=,YSF4mzH5dlHogCeEjvRc3U2NaQs=
205,-87,XmIIjHJHPH6tHiuxTg3BqDjvRcU=,wtX4IQeYZJc9TghJSGuz/+i2DkI=
206,-87,XmIIjHJHPH6tHiuxTg3BqDjvRcU=,NqeKtjejPCapUv2ESmBGFDFI3dI=
206,-89,XmIIjHJHPH6tHiuxTg3BqDjvRcU=,HkcMeTRpEHi7TIOPTcRYcHx6KAY=
206,-88,XmIIjHJHPH6tHiuxTg3BqDjvRcU=,NqeKtjejPCapUv2ESmBGFDFI3dI=
205,-89,XmIIjHJHPH6tHiuxTg3BqDjvRcU=,D0VbHAeDS4iXhlhvlze8VzM92KY=
205,-88,XmIIjHJHPH6tHiuxTg3BqDjvRcU=,wtX4IQeYZJc9TghJSGuz/+i2DkI=
205,-90,XmIIjHJHPH6tHiuxTg3BqDjvRcU=,D0VbHAeDS4iXhlhvlze8VzM92KY=
205,-91,XmIIjHJHPH6tHiuxTg3BqDjvRcU=,NMbeEgsGgL4vtYw5E32TyOrOwaU=
206,-90,XmIIjHJHPH6tHiuxTg3BqDjvRcU=,HkcMeTRpEHi7TIOPTcRYcHx6KAY=
206,-91,XmIIjHJHPH6tHiuxTg3BqDjvRcU=,8yJA5ZMAOImgR0vGa1TWDlC8rh0=
205,-93,XmIIjHJHPH6tHiuxTg3BqDjvRcU=,I/BYM01iGoHzlQs+e5sat7XA38M=
205,-92,XmIIjHJHPH6tHiuxTg3BqDjvRcU=,NMbeEgsGgL4vtYw5E32TyOrOwaU=
206,-92,XmIIjHJHPH6tHiuxTg3BqDjvRcU=,8yJA5ZMAOImgR0vGa1TWDlC8rh0=
206,-93,XmIIjHJHPH6tHiuxTg3BqDjvRcU=,aTHo28cUy2nM4DdESWyaDpSWvlU=
203,-92,XmIIjHJHPH6tHiuxTg3BqDjvRcU=,7EKYXxVnC7mAg1skKT17gVXxjek=
204,-93,XmIIjHJHPH6tHiuxTg3BqDjvRcU=,I/BYM01iGoHzlQs+e5sat7XA38M=
204,-92,XmIIjHJHPH6tHiuxTg3BqDjvRcU=,NMbeEgsGgL4vtYw5E32TyOrOwaU=
203,-93,XmIIjHJHPH6tHiuxTg3BqDjvRcU=,0PuoR1IC92yqv7dYnzG6TM4dbm0=
200,-93,XmIIjHJHPH6tHiuxTg3BqDjvRcU=,ur8Ri1ETXgRnSeoec225djdaW3s=
202,-93,XmIIjHJHPH6tHiuxTg3BqDjvRcU=,0PuoR1IC92yqv7dYnzG6TM4dbm0=
200,-92,XmIIjHJHPH6tHiuxTg3BqDjvRcU=,TXH+56OKIPN0Qin4HpQAvpFQdQA=
202,-92,XmIIjHJHPH6tHiuxTg3BqDjvRcU=,7EKYXxVnC7mAg1skKT17gVXxjek=
201,-93,XmIIjHJHPH6tHiuxTg3BqDjvRcU=,ur8Ri1ETXgRnSeoec225djdaW3s=
199,-94,XmIIjHJHPH6tHiuxTg3BqDjvRcU=,BWsVfA1FPjTgIs9q7CM52rdDIPc=
199,-92,XmIIjHJHPH6tHiuxTg3BqDjvRcU=,pdnqd3DZCi4wkC8Ei9yywXK4DP0=
201,-92,XmIIjHJHPH6tHiuxTg3BqDjvRcU=,TXH+56OKIPN0Qin4HpQAvpFQdQA=
199,-93,XmIIjHJHPH6tHiuxTg3BqDjvRcU=,BWsVfA1FPjTgIs9q7CM52rdDIPc=
200,-94,XmIIjHJHPH6tHiuxTg3BqDjvRcU=,ur8Ri1ETXgRnSeoec225djdaW3s=
199,-95,XmIIjHJHPH6tHiuxTg3BqDjvRcU=,EpF+C4rKQ+gb3+JokNQ3Y7RRNQY=
200,-95,XmIIjHJHPH6tHiuxTg3BqDjvRcU=,PtJ+Bi6N7sVKUybp0gz1KFXGs7A=
207,-93,Ru9iyaRqRYgqiNp9yF05ZfJ3Pxs=,aTHo28cUy2nM4DdESWyaDpSWvlU=
207,-92,Ru9iyaRqRYgqiNp9yF05ZfJ3Pxs=,8yJA5ZMAOImgR0vGa1TWDlC8rh0=
207,-91,Ru9iyaRqRYgqiNp9yF05ZfJ3Pxs=,8yJA5ZMAOImgR0vGa1TWDlC8rh0=
207,-90,Ru9iyaRqRYgqiNp9yF05ZfJ3Pxs=,HkcMeTRpEHi7TIOPTcRYcHx6KAY=
207,-88,Ru9iyaRqRYgqiNp9yF05ZfJ3Pxs=,NqeKtjejPCapUv2ESmBGFDFI3dI=
207,-89,Ru9iyaRqRYgqiNp9yF05ZfJ3Pxs=,HkcMeTRpEHi7TIOPTcRYcHx6KAY=
207,-87,Ru9iyaRqRYgqiNp9yF05ZfJ3Pxs=,NqeKtjejPCapUv2ESmBGFDFI3dI=
207,-86,Ru9iyaRqRYgqiNp9yF05ZfJ3Pxs=,J6vtfn3MLgzh0TOtH3C0stx7vQY=
207,-84,Ru9iyaRqRYgqiNp9yF05ZfJ3Pxs=,9UBjRObylo2RsFilyLrh/jNUyxE=
207,-85,Ru9iyaRqRYgqiNp9yF05ZfJ3Pxs=,J6vtfn3MLgzh0TOtH3C0stx7vQY=
207,-83,Ru9iyaRqRYgqiNp9yF05ZfJ3Pxs=,9UBjRObylo2RsFilyLrh/jNUyxE=
207,-82,Ru9iyaRqRYgqiNp9yF05ZfJ3Pxs=,zFAnQoMd+LqR8CbiJtwBVAH3ERg=
199,-96,Ru9iyaRqRYgqiNp9yF05ZfJ3Pxs=,EpF+C4rKQ+gb3+JokNQ3Y7RRNQY=
200,-96,Ru9iyaRqRYgqiNp9yF05ZfJ3Pxs=,PtJ+Bi6N7sVKUybp0gz1KFXGs7A=
198,-96,Ru9iyaRqRYgqiNp9yF05ZfJ3Pxs=,EpF+C4rKQ+gb3+JokNQ3Y7RRNQY=
197,-96,Ru9iyaRqRYgqiNp9yF05ZfJ3Pxs=,zNRaqTr9vApPci+sPZgC8juuIFs=
195,-96,Ru9iyaRqRYgqiNp9yF05ZfJ3Pxs=,T7s9hMwa74c6LLSzP82dabHE5Ms=
196,-96,Ru9iyaRqRYgqiNp9yF05ZfJ3Pxs=,zNRaqTr9vApPci+sPZgC8juuIFs=
194,-96,Ru9iyaRqRYgqiNp9yF05ZfJ3Pxs=,T7s9hMwa74c6LLSzP82dabHE5Ms=
193,-96,Ru9iyaRqRYgqiNp9yF05ZfJ3Pxs=,vQPtbmZZhVFDYqR3ikEiR6C6w78=
192,-94,Ru9iyaRqRYgqiNp9yF05ZfJ3Pxs=,IMaAjpD8ZIZ4/WJTsypX3/UZEzg=
192,-95,Ru9iyaRqRYgqiNp9yF05ZfJ3Pxs=,vQPtbmZZhVFDYqR3ikEiR6C6w78=
192,-92,Ru9iyaRqRYgqiNp9yF05ZfJ3Pxs=,R368MoDKW3YV7U6LgpeLk1GL5AE=
192,-93,Ru9iyaRqRYgqiNp9yF05ZfJ3Pxs=,IMaAjpD8ZIZ4/WJTsypX3/UZEzg=
192,-90,Ru9iyaRqRYgqiNp9yF05ZfJ3Pxs=,d0+9qjYVNvxtOh+8KNk8p9SbYT4=
192,-91,Ru9iyaRqRYgqiNp9yF05ZfJ3Pxs=,R368MoDKW3YV7U6LgpeLk1GL5AE=
192,-88,Ru9iyaRqRYgqiNp9yF05ZfJ3Pxs=,8fwAd+WpwMWpONnIobgyPnMKywU=
192,-89,Ru9iyaRqRYgqiNp9yF05ZfJ3Pxs=,d0+9qjYVNvxtOh+8KNk8p9SbYT4=
192,-86,Ru9iyaRqRYgqiNp9yF05ZfJ3Pxs=,OJ9YMMinf7LfTcECy8kixN6nIoI=
192,-87,Ru9iyaRqRYgqiNp9yF05ZfJ3Pxs=,8fwAd+WpwMWpONnIobgyPnMKywU=
192,-85,Ru9iyaRqRYgqiNp9yF05ZfJ3Pxs=,OJ9YMMinf7LfTcECy8kixN6nIoI=
192,-84,Ru9iyaRqRYgqiNp9yF05ZfJ3Pxs=,qEDMyBIiNia9Z8kEfKNP65KytQ4=
202,-94,Ru9iyaRqRYgqiNp9yF05ZfJ3Pxs=,0PuoR1IC92yqv7dYnzG6TM4dbm0=
202,-96,Ru9iyaRqRYgqiNp9yF05ZfJ3Pxs=,cW5ZQyig3vx1SGuvS9l5Avqa7F4=
202,-95,Ru9iyaRqRYgqiNp9yF05ZfJ3Pxs=,cW5ZQyig3vx1SGuvS9l5Avqa7F4=
201,-94,Ru9iyaRqRYgqiNp9yF05ZfJ3Pxs=,ur8Ri1ETXgRnSeoec225djdaW3s=
201,-96,Ru9iyaRqRYgqiNp9yF05ZfJ3Pxs=,PtJ+Bi6N7sVKUybp0gz1KFXGs7A=
201,-95,Ru9iyaRqRYgqiNp9yF05ZfJ3Pxs=,PtJ+Bi6N7sVKUybp0gz1KFXGs7A=
203,-94,Ru9iyaRqRYgqiNp9yF05ZfJ3Pxs=,0PuoR1IC92yqv7dYnzG6TM4dbm0=
203,-96,Ru9iyaRqRYgqiNp9yF05ZfJ3Pxs=,cW5ZQyig3vx1SGuvS9l5Avqa7F4=
204,-94,Ru9iyaRqRYgqiNp9yF05ZfJ3Pxs=,I/BYM01iGoHzlQs+e5sat7XA38M=
204,-96,Ru9iyaRqRYgqiNp9yF05ZfJ3Pxs=,3gf1trzWBSIsJZRjLl8J0eV73zk=
204,-95,Ru9iyaRqRYgqiNp9yF05ZfJ3Pxs=,3gf1trzWBSIsJZRjLl8J0eV73zk=
206,-96,Ru9iyaRqRYgqiNp9yF05ZfJ3Pxs=,g8iOlM8EvSbK58KdxwixBKYFFZ4=
206,-95,Ru9iyaRqRYgqiNp9yF05ZfJ3Pxs=,g8iOlM8EvSbK58KdxwixBKYFFZ4=
206,-94,Ru9iyaRqRYgqiNp9yF05ZfJ3Pxs=,aTHo28cUy2nM4DdESWyaDpSWvlU=
203,-95,Ru9iyaRqRYgqiNp9yF05ZfJ3Pxs=,cW5ZQyig3vx1SGuvS9l5Avqa7F4=
207,-94,Ru9iyaRqRYgqiNp9yF05ZfJ3Pxs=,aTHo28cUy2nM4DdESWyaDpSWvlU=
205,-95,Ru9iyaRqRYgqiNp9yF05ZfJ3Pxs=,3gf1trzWBSIsJZRjLl8J0eV73zk=
207,-95,Ru9iyaRqRYgqiNp9yF05ZfJ3Pxs=,g8iOlM8EvSbK58KdxwixBKYFFZ4=
205,-94,Ru9iyaRqRYgqiNp9yF05ZfJ3Pxs=,I/BYM01iGoHzlQs+e5sat7XA38M=
205,-96,Ru9iyaRqRYgqiNp9yF05ZfJ3Pxs=,3gf1trzWBSIsJZRjLl8J0eV73zk=
196,-81,Ru9iyaRqRYgqiNp9yF05ZfJ3Pxs=,Xa6RxlfnGPDN2NhKuspZKemlBv0=
195,-81,Ru9iyaRqRYgqiNp9yF05ZfJ3Pxs=,GvtEUvEMboX5xCBw8ibLX927Gd8=
197,-81,Ru9iyaRqRYgqiNp9yF05ZfJ3Pxs=,Xa6RxlfnGPDN2NhKuspZKemlBv0=
198,-81,Ru9iyaRqRYgqiNp9yF05ZfJ3Pxs=,5gdeFGAGEgAIYfhi4hbbxNO7myg=
199,-81,Ru9iyaRqRYgqiNp9yF05ZfJ3Pxs=,5gdeFGAGEgAIYfhi4hbbxNO7myg=
200,-81,Ru9iyaRqRYgqiNp9yF05ZfJ3Pxs=,8pW3j+ONGy7ftSQNddDS4SUH9kc=
201,-81,Ru9iyaRqRYgqiNp9yF05ZfJ3Pxs=,8pW3j+ONGy7ftSQNddDS4SUH9kc=
202,-81,Ru9iyaRqRYgqiNp9yF05ZfJ3Pxs=,bJ3kP7VNxdlVsjFfnjLpRmSyxlE=
205,-81,Ru9iyaRqRYgqiNp9yF05ZfJ3Pxs=,6q6il+T6Y87dOqnKE+ccKZoo1JA=
206,-81,Ru9iyaRqRYgqiNp9yF05ZfJ3Pxs=,zFAnQoMd+LqR8CbiJtwBVAH3ERg=
203,-81,Ru9iyaRqRYgqiNp9yF05ZfJ3Pxs=,bJ3kP7VNxdlVsjFfnjLpRmSyxlE=
207,-81,Ru9iyaRqRYgqiNp9yF05ZfJ3Pxs=,zFAnQoMd+LqR8CbiJtwBVAH3ERg=
204,-81,Ru9iyaRqRYgqiNp9yF05ZfJ3Pxs=,6q6il+T6Y87dOqnKE+ccKZoo1JA=
192,-96,Ru9iyaRqRYgqiNp9yF05ZfJ3Pxs=,vQPtbmZZhVFDYqR3ikEiR6C6w78=
207,-96,Ru9iyaRqRYgqiNp9yF05ZfJ3Pxs=,g8iOlM8EvSbK58KdxwixBKYFFZ4=
192,-81,Ru9iyaRqRYgqiNp9yF05ZfJ3Pxs=,BPRPuimYJjXga+3akl0lqeLjGhI=
192,-82,Ru9iyaRqRYgqiNp9yF05ZfJ3Pxs=,BPRPuimYJjXga+3akl0lqeLjGhI=
193,-81,Ru9iyaRqRYgqiNp9yF05ZfJ3Pxs=,BPRPuimYJjXga+3akl0lqeLjGhI=
194,-83,Ru9iyaRqRYgqiNp9yF05ZfJ3Pxs=,klOENq74HroQCl068V86Khiubd8=
193,-83,Ru9iyaRqRYgqiNp9yF05ZfJ3Pxs=,qEDMyBIiNia9Z8kEfKNP65KytQ4=
193,-82,Ru9iyaRqRYgqiNp9yF05ZfJ3Pxs=,BPRPuimYJjXga+3akl0lqeLjGhI=
194,-82,Ru9iyaRqRYgqiNp9yF05ZfJ3Pxs=,GvtEUvEMboX5xCBw8ibLX927Gd8=
194,-81,Ru9iyaRqRYgqiNp9yF05ZfJ3Pxs=,GvtEUvEMboX5xCBw8ibLX927Gd8=
192,-83,Ru9iyaRqRYgqiNp9yF05ZfJ3Pxs=,qEDMyBIiNia9Z8kEfKNP65KytQ4=
194,-66,q2gG82Qn19+5UDRmOPIKUPAdX4o=,5wPsNWhzzNFfbydOQoT1tIj22+o=
194,-67,q2gG82Qn19+5UDRmOPIKUPAdX4o=,MkUQKsw91wo9fNwuEBdcFsclBbU=
193,-67,q2gG82Qn19+5UDRmOPIKUPAdX4o=,9NVrjVuhIrLXCpkjIRx6nI5NTrc=
193,-66,q2gG82Qn19+5UDRmOPIKUPAdX4o=,sEAW2rBDDGE8C/w4hNiqy4klrUY=
196,-67,q2gG82Qn19+5UDRmOPIKUPAdX4o=,yluPU4hRVXmwVnUiFg5+ppjUi6o=
196,-66,q2gG82Qn19+5UDRmOPIKUPAdX4o=,YKfpRnkQH355WWxlHvcTtebOf6k=
195,-66,q2gG82Qn19+5UDRmOPIKUPAdX4o=,5wPsNWhzzNFfbydOQoT1tIj22+o=
195,-67,q2gG82Qn19+5UDRmOPIKUPAdX4o=,MkUQKsw91wo9fNwuEBdcFsclBbU=
197,-66,q2gG82Qn19+5UDRmOPIKUPAdX4o=,YKfpRnkQH355WWxlHvcTtebOf6k=
197,-67,q2gG82Qn19+5UDRmOPIKUPAdX4o=,yluPU4hRVXmwVnUiFg5+ppjUi6o=
198,-67,q2gG82Qn19+5UDRmOPIKUPAdX4o=,DJsNu+gKlXh8HVDKYbXcvyTWLDk=
198,-66,q2gG82Qn19+5UDRmOPIKUPAdX4o=,B5auBhYvqu6GnkeuzrpjjcbTvAQ=
197,-68,R+Vk0R/7+rzIuZyqe1SEQU5abvU=,yluPU4hRVXmwVnUiFg5+ppjUi6o=
197,-69,R+Vk0R/7+rzIuZyqe1SEQU5abvU=,SFtJaE8xh8pFTaVKQXqECIJQz20=
198,-69,R+Vk0R/7+rzIuZyqe1SEQU5abvU=,Z+kk8nG3+fnj9eB0yislK0cENF8=
198,-68,R+Vk0R/7+rzIuZyqe1SEQU5abvU=,DJsNu+gKlXh8HVDKYbXcvyTWLDk=
196,-69,R+Vk0R/7+rzIuZyqe1SEQU5abvU=,SFtJaE8xh8pFTaVKQXqECIJQz20=
195,-69,R+Vk0R/7+rzIuZyqe1SEQU5abvU=,hAMkKwOYqri07b62xqSr0JUAtpc=
196,-68,R+Vk0R/7+rzIuZyqe1SEQU5abvU=,yluPU4hRVXmwVnUiFg5+ppjUi6o=
195,-68,R+Vk0R/7+rzIuZyqe1SEQU5abvU=,MkUQKsw91wo9fNwuEBdcFsclBbU=
196,-71,R+Vk0R/7+rzIuZyqe1SEQU5abvU=,1CtMF2vZ/O9sHcqGMGQIwEw+VUA=
195,-70,R+Vk0R/7+rzIuZyqe1SEQU5abvU=,hAMkKwOYqri07b62xqSr0JUAtpc=
196,-70,R+Vk0R/7+rzIuZyqe1SEQU5abvU=,SFtJaE8xh8pFTaVKQXqECIJQz20=
195,-71,R+Vk0R/7+rzIuZyqe1SEQU5abvU=,VGmxdOIcqjEmlnCkeTnhr3txDoU=
197,-71,R+Vk0R/7+rzIuZyqe1SEQU5abvU=,1CtMF2vZ/O9sHcqGMGQIwEw+VUA=
197,-70,R+Vk0R/7+rzIuZyqe1SEQU5abvU=,SFtJaE8xh8pFTaVKQXqECIJQz20=
198,-70,R+Vk0R/7+rzIuZyqe1SEQU5abvU=,Z+kk8nG3+fnj9eB0yislK0cENF8=
198,-71,R+Vk0R/7+rzIuZyqe1SEQU5abvU=,oOypVw22adGNPxILnWpSFZWOUJA=
195,-72,R+Vk0R/7+rzIuZyqe1SEQU5abvU=,VGmxdOIcqjEmlnCkeTnhr3txDoU=
195,-73,R+Vk0R/7+rzIuZyqe1SEQU5abvU=,nxKef/OlbuViAdJyFTCCpdDZN3Q=
196,-72,R+Vk0R/7+rzIuZyqe1SEQU5abvU=,1CtMF2vZ/O9sHcqGMGQIwEw+VUA=
197,-72,R+Vk0R/7+rzIuZyqe1SEQU5abvU=,1CtMF2vZ/O9sHcqGMGQIwEw+VUA=
198,-72,R+Vk0R/7+rzIuZyqe1SEQU5abvU=,oOypVw22adGNPxILnWpSFZWOUJA=
196,-73,R+Vk0R/7+rzIuZyqe1SEQU5abvU=,tRejxAleYn7Nx+H4dhWoiJob8/k=
197,-73,R+Vk0R/7+rzIuZyqe1SEQU5abvU=,tRejxAleYn7Nx+H4dhWoiJob8/k=
198,-73,R+Vk0R/7+rzIuZyqe1SEQU5abvU=,mPa/5ztqfKzrBqJ/NE3XqfXtVEU=
197,-74,R+Vk0R/7+rzIuZyqe1SEQU5abvU=,tRejxAleYn7Nx+H4dhWoiJob8/k=
198,-74,R+Vk0R/7+rzIuZyqe1SEQU5abvU=,mPa/5ztqfKzrBqJ/NE3XqfXtVEU=
197,-75,R+Vk0R/7+rzIuZyqe1SEQU5abvU=,q+85qVAeuaaCmN7bCa7lrfc5z0E=
198,-75,R+Vk0R/7+rzIuZyqe1SEQU5abvU=,CgJ2ZhkE8WjVN+1ThIbEOwu7yKo=
197,-77,R+Vk0R/7+rzIuZyqe1SEQU5abvU=,wEEChuC7iiZDrJ+Ot3i996cfhRw=
198,-77,R+Vk0R/7+rzIuZyqe1SEQU5abvU=,vq31K0KAgDpGrPJu2aYqenOTQJk=
197,-76,R+Vk0R/7+rzIuZyqe1SEQU5abvU=,q+85qVAeuaaCmN7bCa7lrfc5z0E=
198,-76,R+Vk0R/7+rzIuZyqe1SEQU5abvU=,CgJ2ZhkE8WjVN+1ThIbEOwu7yKo=
198,-78,R+Vk0R/7+rzIuZyqe1SEQU5abvU=,vq31K0KAgDpGrPJu2aYqenOTQJk=
198,-79,R+Vk0R/7+rzIuZyqe1SEQU5abvU=,10vycmGTQJDgj6xGlbUSN9tbqEc=
197,-78,R+Vk0R/7+rzIuZyqe1SEQU5abvU=,wEEChuC7iiZDrJ+Ot3i996cfhRw=
197,-79,R+Vk0R/7+rzIuZyqe1SEQU5abvU=,QXmnAS9MKSr49ApfBcrZSffv10c=
195,-74,R+Vk0R/7+rzIuZyqe1SEQU5abvU=,nxKef/OlbuViAdJyFTCCpdDZN3Q=
196,-74,R+Vk0R/7+rzIuZyqe1SEQU5abvU=,tRejxAleYn7Nx+H4dhWoiJob8/k=
195,-75,R+Vk0R/7+rzIuZyqe1SEQU5abvU=,KfR9VirQnbXq4ej11Rjgd1SkSmQ=
196,-75,R+Vk0R/7+rzIuZyqe1SEQU5abvU=,q+85qVAeuaaCmN7bCa7lrfc5z0E=
195,-76,R+Vk0R/7+rzIuZyqe1SEQU5abvU=,KfR9VirQnbXq4ej11Rjgd1SkSmQ=
195,-77,R+Vk0R/7+rzIuZyqe1SEQU5abvU=,ayrex3irLIFyihomOT0psuVvFQw=
196,-76,R+Vk0R/7+rzIuZyqe1SEQU5abvU=,q+85qVAeuaaCmN7bCa7lrfc5z0E=
195,-78,R+Vk0R/7+rzIuZyqe1SEQU5abvU=,ayrex3irLIFyihomOT0psuVvFQw=
196,-77,R+Vk0R/7+rzIuZyqe1SEQU5abvU=,wEEChuC7iiZDrJ+Ot3i996cfhRw=
195,-79,R+Vk0R/7+rzIuZyqe1SEQU5abvU=,PphikhaNSFtCFQp50Owo+xbVmqs=
196,-79,R+Vk0R/7+rzIuZyqe1SEQU5abvU=,QXmnAS9MKSr49ApfBcrZSffv10c=
196,-78,R+Vk0R/7+rzIuZyqe1SEQU5abvU=,wEEChuC7iiZDrJ+Ot3i996cfhRw=
192,-76,swsyK6JNiTvhgpLsDk9mjp3iDQw=,Cgi/6t4kBrMRBjqHnJQyViAg2Yw=
193,-76,swsyK6JNiTvhgpLsDk9mjp3iDQw=,Cgi/6t4kBrMRBjqHnJQyViAg2Yw=
192,-77,swsyK6JNiTvhgpLsDk9mjp3iDQw=,ewy7iq1hcVjRvWCi+8Qt2chIhL4=
193,-77,swsyK6JNiTvhgpLsDk9mjp3iDQw=,ewy7iq1hcVjRvWCi+8Qt2chIhL4=
194,-77,swsyK6JNiTvhgpLsDk9mjp3iDQw=,ayrex3irLIFyihomOT0psuVvFQw=
194,-76,swsyK6JNiTvhgpLsDk9mjp3iDQw=,KfR9VirQnbXq4ej11Rjgd1SkSmQ=
192,-72,swsyK6JNiTvhgpLsDk9mjp3iDQw=,ZXJttLFPeDtSuum9HT1IcLtcD34=
193,-72,swsyK6JNiTvhgpLsDk9mjp3iDQw=,ZXJttLFPeDtSuum9HT1IcLtcD34=
193,-73,swsyK6JNiTvhgpLsDk9mjp3iDQw=,T+yviyo7tVYciW7gzJa9DZ+V7Jc=
192,-73,swsyK6JNiTvhgpLsDk9mjp3iDQw=,T+yviyo7tVYciW7gzJa9DZ+V7Jc=
194,-73,swsyK6JNiTvhgpLsDk9mjp3iDQw=,nxKef/OlbuViAdJyFTCCpdDZN3Q=
192,-74,swsyK6JNiTvhgpLsDk9mjp3iDQw=,T+yviyo7tVYciW7gzJa9DZ+V7Jc=
194,-79,swsyK6JNiTvhgpLsDk9mjp3iDQw=,PphikhaNSFtCFQp50Owo+xbVmqs=
192,-75,swsyK6JNiTvhgpLsDk9mjp3iDQw=,Cgi/6t4kBrMRBjqHnJQyViAg2Yw=
193,-78,swsyK6JNiTvhgpLsDk9mjp3iDQw=,ewy7iq1hcVjRvWCi+8Qt2chIhL4=
194,-78,swsyK6JNiTvhgpLsDk9mjp3iDQw=,ayrex3irLIFyihomOT0psuVvFQw=
192,-78,swsyK6JNiTvhgpLsDk9mjp3iDQw=,ewy7iq1hcVjRvWCi+8Qt2chIhL4=
194,-72,swsyK6JNiTvhgpLsDk9mjp3iDQw=,VGmxdOIcqjEmlnCkeTnhr3txDoU=
192,-79,swsyK6JNiTvhgpLsDk9mjp3iDQw=,XQQBvEp1KgsymC2vLeKls8Y7foo=
194,-75,swsyK6JNiTvhgpLsDk9mjp3iDQw=,KfR9VirQnbXq4ej11Rjgd1SkSmQ=
193,-79,swsyK6JNiTvhgpLsDk9mjp3iDQw=,XQQBvEp1KgsymC2vLeKls8Y7foo=
193,-74,swsyK6JNiTvhgpLsDk9mjp3iDQw=,T+yviyo7tVYciW7gzJa9DZ+V7Jc=
194,-74,swsyK6JNiTvhgpLsDk9mjp3iDQw=,nxKef/OlbuViAdJyFTCCpdDZN3Q=
194,-80,swsyK6JNiTvhgpLsDk9mjp3iDQw=,PphikhaNSFtCFQp50Owo+xbVmqs=
193,-75,swsyK6JNiTvhgpLsDk9mjp3iDQw=,Cgi/6t4kBrMRBjqHnJQyViAg2Yw=
196,-80,swsyK6JNiTvhgpLsDk9mjp3iDQw=,QXmnAS9MKSr49ApfBcrZSffv10c=
195,-80,swsyK6JNiTvhgpLsDk9mjp3iDQw=,PphikhaNSFtCFQp50Owo+xbVmqs=
193,-80,swsyK6JNiTvhgpLsDk9mjp3iDQw=,XQQBvEp1KgsymC2vLeKls8Y7foo=
197,-80,swsyK6JNiTvhgpLsDk9mjp3iDQw=,QXmnAS9MKSr49ApfBcrZSffv10c=
198,-80,swsyK6JNiTvhgpLsDk9mjp3iDQw=,10vycmGTQJDgj6xGlbUSN9tbqEc=
193,-71,swsyK6JNiTvhgpLsDk9mjp3iDQw=,ZXJttLFPeDtSuum9HT1IcLtcD34=
194,-71,swsyK6JNiTvhgpLsDk9mjp3iDQw=,VGmxdOIcqjEmlnCkeTnhr3txDoU=
194,-70,swsyK6JNiTvhgpLsDk9mjp3iDQw=,hAMkKwOYqri07b62xqSr0JUAtpc=
193,-70,swsyK6JNiTvhgpLsDk9mjp3iDQw=,np9s2TY5uK6mv4w38cHb7Y1fzTM=
193,-69,swsyK6JNiTvhgpLsDk9mjp3iDQw=,np9s2TY5uK6mv4w38cHb7Y1fzTM=
194,-68,swsyK6JNiTvhgpLsDk9mjp3iDQw=,MkUQKsw91wo9fNwuEBdcFsclBbU=
193,-68,swsyK6JNiTvhgpLsDk9mjp3iDQw=,9NVrjVuhIrLXCpkjIRx6nI5NTrc=
194,-69,swsyK6JNiTvhgpLsDk9mjp3iDQw=,hAMkKwOYqri07b62xqSr0JUAtpc=
192,-71,swsyK6JNiTvhgpLsDk9mjp3iDQw=,ZXJttLFPeDtSuum9HT1IcLtcD34=
192,-70,swsyK6JNiTvhgpLsDk9mjp3iDQw=,np9s2TY5uK6mv4w38cHb7Y1fzTM=
199,-79,swsyK6JNiTvhgpLsDk9mjp3iDQw=,10vycmGTQJDgj6xGlbUSN9tbqEc=
199,-78,swsyK6JNiTvhgpLsDk9mjp3iDQw=,vq31K0KAgDpGrPJu2aYqenOTQJk=
200,-78,swsyK6JNiTvhgpLsDk9mjp3iDQw=,FUIPJS5DN33Gp0xGi3jI4LhAz0g=
200,-79,swsyK6JNiTvhgpLsDk9mjp3iDQw=,V/uYBZv8HmuVjVeKGQCKp11033U=
201,-78,swsyK6JNiTvhgpLsDk9mjp3iDQw=,FUIPJS5DN33Gp0xGi3jI4LhAz0g=
202,-78,swsyK6JNiTvhgpLsDk9mjp3iDQw=,oEo5tAuoewJXWr9yrm0eBivkpSs=
201,-79,swsyK6JNiTvhgpLsDk9mjp3iDQw=,V/uYBZv8HmuVjVeKGQCKp11033U=
202,-79,swsyK6JNiTvhgpLsDk9mjp3iDQw=,y2aObHcDS6X7MCCl5ImV8TA3bhM=
204,-78,swsyK6JNiTvhgpLsDk9mjp3iDQw=,Gczsu95tHnbbP2TuzT/RyHW2Ayo=
203,-78,swsyK6JNiTvhgpLsDk9mjp3iDQw=,oEo5tAuoewJXWr9yrm0eBivkpSs=
203,-79,swsyK6JNiTvhgpLsDk9mjp3iDQw=,y2aObHcDS6X7MCCl5ImV8TA3bhM=
204,-79,swsyK6JNiTvhgpLsDk9mjp3iDQw=,GhjH4SfbPjeTeRCcxMklZwJGQcE=
205,-77,swsyK6JNiTvhgpLsDk9mjp3iDQw=,Gczsu95tHnbbP2TuzT/RyHW2Ayo=
203,-76,swsyK6JNiTvhgpLsDk9mjp3iDQw=,qm8GrpTb1jH+iTGFBQ/+lABgoBk=
204,-77,swsyK6JNiTvhgpLsDk9mjp3iDQw=,Gczsu95tHnbbP2TuzT/RyHW2Ayo=
203,-77,swsyK6JNiTvhgpLsDk9mjp3iDQw=,oEo5tAuoewJXWr9yrm0eBivkpSs=
204,-76,swsyK6JNiTvhgpLsDk9mjp3iDQw=,rBDaKuI54hUDHOed+qzJdZvC9fY=
206,-77,swsyK6JNiTvhgpLsDk9mjp3iDQw=,u9QYrXkOuMfv4fY9iPCMyul9MAg=
205,-76,swsyK6JNiTvhgpLsDk9mjp3iDQw=,rBDaKuI54hUDHOed+qzJdZvC9fY=
206,-76,swsyK6JNiTvhgpLsDk9mjp3iDQw=,VVXS5OzV8+Qh52JvjsmSAVE3Ro8=
204,-75,swsyK6JNiTvhgpLsDk9mjp3iDQw=,rBDaKuI54hUDHOed+qzJdZvC9fY=
204,-74,swsyK6JNiTvhgpLsDk9mjp3iDQw=,2SGAyx/0NRjcKHipbrQpoycj9KM=
203,-74,swsyK6JNiTvhgpLsDk9mjp3iDQw=,kXD7N14+6ZUCI6QeZdA90PbWgEE=
203,-75,swsyK6JNiTvhgpLsDk9mjp3iDQw=,qm8GrpTb1jH+iTGFBQ/+lABgoBk=
205,-74,swsyK6JNiTvhgpLsDk9mjp3iDQw=,2SGAyx/0NRjcKHipbrQpoycj9KM=
205,-75,swsyK6JNiTvhgpLsDk9mjp3iDQw=,rBDaKuI54hUDHOed+qzJdZvC9fY=
204,-72,swsyK6JNiTvhgpLsDk9mjp3iDQw=,odqADqZS80LNGiLjJPIeZCX1OLs=
204,-73,swsyK6JNiTvhgpLsDk9mjp3iDQw=,2SGAyx/0NRjcKHipbrQpoycj9KM=
203,-73,swsyK6JNiTvhgpLsDk9mjp3iDQw=,kXD7N14+6ZUCI6QeZdA90PbWgEE=
203,-72,swsyK6JNiTvhgpLsDk9mjp3iDQw=,QgvBDH/1LNNHfoyXnFhBE3ucUeo=
206,-75,swsyK6JNiTvhgpLsDk9mjp3iDQw=,VVXS5OzV8+Qh52JvjsmSAVE3Ro8=
206,-74,swsyK6JNiTvhgpLsDk9mjp3iDQw=,L4eqMOcqoxE3ucvjzBdeRwcLw2Y=
205,-73,swsyK6JNiTvhgpLsDk9mjp3iDQw=,2SGAyx/0NRjcKHipbrQpoycj9KM=
205,-72,swsyK6JNiTvhgpLsDk9mjp3iDQw=,odqADqZS80LNGiLjJPIeZCX1OLs=
206,-73,swsyK6JNiTvhgpLsDk9mjp3iDQw=,L4eqMOcqoxE3ucvjzBdeRwcLw2Y=
206,-72,swsyK6JNiTvhgpLsDk9mjp3iDQw=,lPu5d0VZXiBrRed3cioWt1nc4EM=
203,-71,naRQ0pJrgScFRrV+xXlHZoUQFMU=,QgvBDH/1LNNHfoyXnFhBE3ucUeo=
203,-70,naRQ0pJrgScFRrV+xXlHZoUQFMU=,DUxMRnAjIFVbcJmGc7NZMocj4yg=
204,-70,naRQ0pJrgScFRrV+xXlHZoUQFMU=,cFnemJcqgvDzrsxfzxK3Q2/3TTQ=
204,-71,naRQ0pJrgScFRrV+xXlHZoUQFMU=,odqADqZS80LNGiLjJPIeZCX1OLs=
205,-70,naRQ0pJrgScFRrV+xXlHZoUQFMU=,cFnemJcqgvDzrsxfzxK3Q2/3TTQ=
205,-71,naRQ0pJrgScFRrV+xXlHZoUQFMU=,odqADqZS80LNGiLjJPIeZCX1OLs=
206,-70,naRQ0pJrgScFRrV+xXlHZoUQFMU=,HpA3w1DI7cchxDRtTjPFkl4idRQ=
206,-71,naRQ0pJrgScFRrV+xXlHZoUQFMU=,lPu5d0VZXiBrRed3cioWt1nc4EM=
205,-68,naRQ0pJrgScFRrV+xXlHZoUQFMU=,Cg8UqnV508n5qeACP3xzkRp4t6E=
204,-69,naRQ0pJrgScFRrV+xXlHZoUQFMU=,cFnemJcqgvDzrsxfzxK3Q2/3TTQ=
203,-69,naRQ0pJrgScFRrV+xXlHZoUQFMU=,DUxMRnAjIFVbcJmGc7NZMocj4yg=
205,-69,naRQ0pJrgScFRrV+xXlHZoUQFMU=,cFnemJcqgvDzrsxfzxK3Q2/3TTQ=
204,-68,naRQ0pJrgScFRrV+xXlHZoUQFMU=,Cg8UqnV508n5qeACP3xzkRp4t6E=
206,-69,naRQ0pJrgScFRrV+xXlHZoUQFMU=,HpA3w1DI7cchxDRtTjPFkl4idRQ=
203,-68,naRQ0pJrgScFRrV+xXlHZoUQFMU=,Gbag7hOew2CSJ5nM6z+n9Bd1Tn0=
206,-68,naRQ0pJrgScFRrV+xXlHZoUQFMU=,GAZ2ewnImQ6hAYYfZKCIdHg6OZE=
199,-67,naRQ0pJrgScFRrV+xXlHZoUQFMU=,DJsNu+gKlXh8HVDKYbXcvyTWLDk=
199,-66,naRQ0pJrgScFRrV+xXlHZoUQFMU=,B5auBhYvqu6GnkeuzrpjjcbTvAQ=
200,-67,naRQ0pJrgScFRrV+xXlHZoUQFMU=,Kck5BfBZpn8D5uI5UzXMX1VZ2/o=
200,-66,naRQ0pJrgScFRrV+xXlHZoUQFMU=,6naeDj1sV936NsfRlsc/piAuVs4=
203,-66,naRQ0pJrgScFRrV+xXlHZoUQFMU=,1KXbDl+Zt1TRd/8M2AeZx1UjL4Q=
201,-66,naRQ0pJrgScFRrV+xXlHZoUQFMU=,6naeDj1sV936NsfRlsc/piAuVs4=
201,-67,naRQ0pJrgScFRrV+xXlHZoUQFMU=,Kck5BfBZpn8D5uI5UzXMX1VZ2/o=
204,-66,naRQ0pJrgScFRrV+xXlHZoUQFMU=,p7ZVw+x0xzKWRwBT+lGLKFQlGmk=
204,-67,naRQ0pJrgScFRrV+xXlHZoUQFMU=,Cg8UqnV508n5qeACP3xzkRp4t6E=
202,-67,naRQ0pJrgScFRrV+xXlHZoUQFMU=,Gbag7hOew2CSJ5nM6z+n9Bd1Tn0=
203,-67,naRQ0pJrgScFRrV+xXlHZoUQFMU=,Gbag7hOew2CSJ5nM6z+n9Bd1Tn0=
202,-66,naRQ0pJrgScFRrV+xXlHZoUQFMU=,1KXbDl+Zt1TRd/8M2AeZx1UjL4Q=
200,-68,naRQ0pJrgScFRrV+xXlHZoUQFMU=,Kck5BfBZpn8D5uI5UzXMX1VZ2/o=
202,-68,naRQ0pJrgScFRrV+xXlHZoUQFMU=,Gbag7hOew2CSJ5nM6z+n9Bd1Tn0=
201,-68,naRQ0pJrgScFRrV+xXlHZoUQFMU=,Kck5BfBZpn8D5uI5UzXMX1VZ2/o=
199,-69,naRQ0pJrgScFRrV+xXlHZoUQFMU=,Z+kk8nG3+fnj9eB0yislK0cENF8=
199,-68,naRQ0pJrgScFRrV+xXlHZoUQFMU=,DJsNu+gKlXh8HVDKYbXcvyTWLDk=
202,-69,naRQ0pJrgScFRrV+xXlHZoUQFMU=,DUxMRnAjIFVbcJmGc7NZMocj4yg=
200,-69,naRQ0pJrgScFRrV+xXlHZoUQFMU=,nyyfzdp8iq5KaIR1Z0j8lhP0L38=
201,-69,naRQ0pJrgScFRrV+xXlHZoUQFMU=,nyyfzdp8iq5KaIR1Z0j8lhP0L38=
194,-65,naRQ0pJrgScFRrV+xXlHZoUQFMU=,5wPsNWhzzNFfbydOQoT1tIj22+o=
193,-65,naRQ0pJrgScFRrV+xXlHZoUQFMU=,sEAW2rBDDGE8C/w4hNiqy4klrUY=
196,-65,naRQ0pJrgScFRrV+xXlHZoUQFMU=,YKfpRnkQH355WWxlHvcTtebOf6k=
195,-65,naRQ0pJrgScFRrV+xXlHZoUQFMU=,5wPsNWhzzNFfbydOQoT1tIj22+o=
202,-71,naRQ0pJrgScFRrV+xXlHZoUQFMU=,QgvBDH/1LNNHfoyXnFhBE3ucUeo=
200,-70,naRQ0pJrgScFRrV+xXlHZoUQFMU=,nyyfzdp8iq5KaIR1Z0j8lhP0L38=
201,-70,naRQ0pJrgScFRrV+xXlHZoUQFMU=,nyyfzdp8iq5KaIR1Z0j8lhP0L38=
199,-70,naRQ0pJrgScFRrV+xXlHZoUQFMU=,Z+kk8nG3+fnj9eB0yislK0cENF8=
202,-70,naRQ0pJrgScFRrV+xXlHZoUQFMU=,DUxMRnAjIFVbcJmGc7NZMocj4yg=
199,-71,naRQ0pJrgScFRrV+xXlHZoUQFMU=,oOypVw22adGNPxILnWpSFZWOUJA=
201,-71,naRQ0pJrgScFRrV+xXlHZoUQFMU=,J90zshF6Na7HwIB1AP2py7nlXJY=
200,-71,naRQ0pJrgScFRrV+xXlHZoUQFMU=,J90zshF6Na7HwIB1AP2py7nlXJY=
198,-65,naRQ0pJrgScFRrV+xXlHZoUQFMU=,B5auBhYvqu6GnkeuzrpjjcbTvAQ=
197,-65,naRQ0pJrgScFRrV+xXlHZoUQFMU=,YKfpRnkQH355WWxlHvcTtebOf6k=
199,-65,naRQ0pJrgScFRrV+xXlHZoUQFMU=,B5auBhYvqu6GnkeuzrpjjcbTvAQ=
200,-65,naRQ0pJrgScFRrV+xXlHZoUQFMU=,6naeDj1sV936NsfRlsc/piAuVs4=
202,-65,naRQ0pJrgScFRrV+xXlHZoUQFMU=,1KXbDl+Zt1TRd/8M2AeZx1UjL4Q=
201,-65,naRQ0pJrgScFRrV+xXlHZoUQFMU=,6naeDj1sV936NsfRlsc/piAuVs4=
203,-65,naRQ0pJrgScFRrV+xXlHZoUQFMU=,1KXbDl+Zt1TRd/8M2AeZx1UjL4Q=
204,-65,naRQ0pJrgScFRrV+xXlHZoUQFMU=,p7ZVw+x0xzKWRwBT+lGLKFQlGmk=
207,-69,naRQ0pJrgScFRrV+xXlHZoUQFMU=,HpA3w1DI7cchxDRtTjPFkl4idRQ=
207,-68,naRQ0pJrgScFRrV+xXlHZoUQFMU=,GAZ2ewnImQ6hAYYfZKCIdHg6OZE=
207,-70,naRQ0pJrgScFRrV+xXlHZoUQFMU=,HpA3w1DI7cchxDRtTjPFkl4idRQ=
207,-71,naRQ0pJrgScFRrV+xXlHZoUQFMU=,lPu5d0VZXiBrRed3cioWt1nc4EM=
207,-72,naRQ0pJrgScFRrV+xXlHZoUQFMU=,lPu5d0VZXiBrRed3cioWt1nc4EM=
207,-73,naRQ0pJrgScFRrV+xXlHZoUQFMU=,L4eqMOcqoxE3ucvjzBdeRwcLw2Y=
207,-74,naRQ0pJrgScFRrV+xXlHZoUQFMU=,L4eqMOcqoxE3ucvjzBdeRwcLw2Y=
207,-75,naRQ0pJrgScFRrV+xXlHZoUQFMU=,VVXS5OzV8+Qh52JvjsmSAVE3Ro8=
207,-76,naRQ0pJrgScFRrV+xXlHZoUQFMU=,VVXS5OzV8+Qh52JvjsmSAVE3Ro8=
207,-77,naRQ0pJrgScFRrV+xXlHZoUQFMU=,u9QYrXkOuMfv4fY9iPCMyul9MAg=
199,-72,naRQ0pJrgScFRrV+xXlHZoUQFMU=,oOypVw22adGNPxILnWpSFZWOUJA=
200,-72,naRQ0pJrgScFRrV+xXlHZoUQFMU=,J90zshF6Na7HwIB1AP2py7nlXJY=
200,-73,naRQ0pJrgScFRrV+xXlHZoUQFMU=,FTgoeuOHkAg2frc5ldsjMn9Msq0=
201,-72,naRQ0pJrgScFRrV+xXlHZoUQFMU=,J90zshF6Na7HwIB1AP2py7nlXJY=
199,-73,naRQ0pJrgScFRrV+xXlHZoUQFMU=,mPa/5ztqfKzrBqJ/NE3XqfXtVEU=
202,-72,naRQ0pJrgScFRrV+xXlHZoUQFMU=,QgvBDH/1LNNHfoyXnFhBE3ucUeo=
202,-73,naRQ0pJrgScFRrV+xXlHZoUQFMU=,kXD7N14+6ZUCI6QeZdA90PbWgEE=
201,-73,naRQ0pJrgScFRrV+xXlHZoUQFMU=,FTgoeuOHkAg2frc5ldsjMn9Msq0=
199,-74,naRQ0pJrgScFRrV+xXlHZoUQFMU=,mPa/5ztqfKzrBqJ/NE3XqfXtVEU=
202,-75,naRQ0pJrgScFRrV+xXlHZoUQFMU=,qm8GrpTb1jH+iTGFBQ/+lABgoBk=
202,-74,naRQ0pJrgScFRrV+xXlHZoUQFMU=,kXD7N14+6ZUCI6QeZdA90PbWgEE=
201,-74,naRQ0pJrgScFRrV+xXlHZoUQFMU=,FTgoeuOHkAg2frc5ldsjMn9Msq0=
202,-77,naRQ0pJrgScFRrV+xXlHZoUQFMU=,oEo5tAuoewJXWr9yrm0eBivkpSs=
200,-74,naRQ0pJrgScFRrV+xXlHZoUQFMU=,FTgoeuOHkAg2frc5ldsjMn9Msq0=
201,-77,naRQ0pJrgScFRrV+xXlHZoUQFMU=,FUIPJS5DN33Gp0xGi3jI4LhAz0g=
200,-77,naRQ0pJrgScFRrV+xXlHZoUQFMU=,FUIPJS5DN33Gp0xGi3jI4LhAz0g=
199,-77,naRQ0pJrgScFRrV+xXlHZoUQFMU=,vq31K0KAgDpGrPJu2aYqenOTQJk=
201,-75,naRQ0pJrgScFRrV+xXlHZoUQFMU=,/6m89fVXniNF6FHKzzg2sRbZtv4=
199,-75,naRQ0pJrgScFRrV+xXlHZoUQFMU=,CgJ2ZhkE8WjVN+1ThIbEOwu7yKo=
200,-76,naRQ0pJrgScFRrV+xXlHZoUQFMU=,/6m89fVXniNF6FHKzzg2sRbZtv4=
202,-76,naRQ0pJrgScFRrV+xXlHZoUQFMU=,qm8GrpTb1jH+iTGFBQ/+lABgoBk=
201,-76,naRQ0pJrgScFRrV+xXlHZoUQFMU=,/6m89fVXniNF6FHKzzg2sRbZtv4=
200,-75,naRQ0pJrgScFRrV+xXlHZoUQFMU=,/6m89fVXniNF6FHKzzg2sRbZtv4=
199,-76,naRQ0pJrgScFRrV+xXlHZoUQFMU=,CgJ2ZhkE8WjVN+1ThIbEOwu7yKo=
204,-80,naRQ0pJrgScFRrV+xXlHZoUQFMU=,GhjH4SfbPjeTeRCcxMklZwJGQcE=
203,-80,naRQ0pJrgScFRrV+xXlHZoUQFMU=,y2aObHcDS6X7MCCl5ImV8TA3bhM=
199,-80,naRQ0pJrgScFRrV+xXlHZoUQFMU=,10vycmGTQJDgj6xGlbUSN9tbqEc=
201,-80,naRQ0pJrgScFRrV+xXlHZoUQFMU=,V/uYBZv8HmuVjVeKGQCKp11033U=
200,-80,naRQ0pJrgScFRrV+xXlHZoUQFMU=,V/uYBZv8HmuVjVeKGQCKp11033U=
202,-80,naRQ0pJrgScFRrV+xXlHZoUQFMU=,y2aObHcDS6X7MCCl5ImV8TA3bhM=
192,-69,naRQ0pJrgScFRrV+xXlHZoUQFMU=,np9s2TY5uK6mv4w38cHb7Y1fzTM=
192,-68,naRQ0pJrgScFRrV+xXlHZoUQFMU=,9NVrjVuhIrLXCpkjIRx6nI5NTrc=
205,-67,naRQ0pJrgScFRrV+xXlHZoUQFMU=,Cg8UqnV508n5qeACP3xzkRp4t6E=
206,-67,naRQ0pJrgScFRrV+xXlHZoUQFMU=,GAZ2ewnImQ6hAYYfZKCIdHg6OZE=
207,-65,naRQ0pJrgScFRrV+xXlHZoUQFMU=,UOaqHggZe1Z90MkJ+GvcwINjtDA=
205,-65,naRQ0pJrgScFRrV+xXlHZoUQFMU=,p7ZVw+x0xzKWRwBT+lGLKFQlGmk=
205,-66,naRQ0pJrgScFRrV+xXlHZoUQFMU=,p7ZVw+x0xzKWRwBT+lGLKFQlGmk=
192,-67,naRQ0pJrgScFRrV+xXlHZoUQFMU=,9NVrjVuhIrLXCpkjIRx6nI5NTrc=
192,-66,naRQ0pJrgScFRrV+xXlHZoUQFMU=,sEAW2rBDDGE8C/w4hNiqy4klrUY=
192,-65,naRQ0pJrgScFRrV+xXlHZoUQFMU=,sEAW2rBDDGE8C/w4hNiqy4klrUY=
206,-65,naRQ0pJrgScFRrV+xXlHZoUQFMU=,UOaqHggZe1Z90MkJ+GvcwINjtDA=
207,-67,naRQ0pJrgScFRrV+xXlHZoUQFMU=,GAZ2ewnImQ6hAYYfZKCIdHg6OZE=
192,-80,naRQ0pJrgScFRrV+xXlHZoUQFMU=,XQQBvEp1KgsymC2vLeKls8Y7foo=
206,-66,naRQ0pJrgScFRrV+xXlHZoUQFMU=,UOaqHggZe1Z90MkJ+GvcwINjtDA=
207,-66,naRQ0pJrgScFRrV+xXlHZoUQFMU=,UOaqHggZe1Z90MkJ+GvcwINjtDA=
206,-78,naRQ0pJrgScFRrV+xXlHZoUQFMU=,u9QYrXkOuMfv4fY9iPCMyul9MAg=
207,-78,naRQ0pJrgScFRrV+xXlHZoUQFMU=,u9QYrXkOuMfv4fY9iPCMyul9MAg=
205,-78,naRQ0pJrgScFRrV+xXlHZoUQFMU=,Gczsu95tHnbbP2TuzT/RyHW2Ayo=
206,-79,naRQ0pJrgScFRrV+xXlHZoUQFMU=,OrOUqmENiMl7WHoBDMC18AYFgD4=
205,-79,naRQ0pJrgScFRrV+xXlHZoUQFMU=,GhjH4SfbPjeTeRCcxMklZwJGQcE=
207,-79,naRQ0pJrgScFRrV+xXlHZoUQFMU=,OrOUqmENiMl7WHoBDMC18AYFgD4=
207,-80,naRQ0pJrgScFRrV+xXlHZoUQFMU=,OrOUqmENiMl7WHoBDMC18AYFgD4=
205,-80,naRQ0pJrgScFRrV+xXlHZoUQFMU=,GhjH4SfbPjeTeRCcxMklZwJGQcE=
206,-80,naRQ0pJrgScFRrV+xXlHZoUQFMU=,OrOUqmENiMl7WHoBDMC18AYFgD4=
